ISO-10303-21;
HEADER;
FILE_DESCRIPTION(('Open CASCADE Model'),'2;1');
FILE_NAME('Open CASCADE Shape Model','2023-02-25T11:35:27',('ESP EGADS')
  ,('Open CASCADE'),'Open CASCADE STEP processor 7.6','Open CASCADE 7.6'
  ,'Unknown');
FILE_SCHEMA(('AUTOMOTIVE_DESIGN { 1 0 10303 214 1 1 1 1 }'));
ENDSEC;
DATA;
#1 = APPLICATION_PROTOCOL_DEFINITION('international standard',
  'automotive_design',2000,#2);
#2 = APPLICATION_CONTEXT(
  'core data for automotive mechanical design processes');
#3 = SHAPE_DEFINITION_REPRESENTATION(#4,#10);
#4 = PRODUCT_DEFINITION_SHAPE('','',#5);
#5 = PRODUCT_DEFINITION('design','',#6,#9);
#6 = PRODUCT_DEFINITION_FORMATION('','',#7);
#7 = PRODUCT('Open CASCADE STEP translator 7.6 1',
  'Open CASCADE STEP translator 7.6 1','',(#8));
#8 = PRODUCT_CONTEXT('',#2,'mechanical');
#9 = PRODUCT_DEFINITION_CONTEXT('part definition',#2,'design');
#10 = ADVANCED_BREP_SHAPE_REPRESENTATION('',(#11,#15),#8051);
#11 = AXIS2_PLACEMENT_3D('',#12,#13,#14);
#12 = CARTESIAN_POINT('',(0.,0.,0.));
#13 = DIRECTION('',(0.,0.,1.));
#14 = DIRECTION('',(1.,0.,-0.));
#15 = MANIFOLD_SOLID_BREP('',#16);
#16 = CLOSED_SHELL('',(#17,#481,#972,#1203,#1717,#2281,#2543,#2766,#2903
    ,#3121,#3203,#3257,#3288,#3372,#3426,#3480,#3602,#3608,#3690,#3744,
    #3775,#4241,#4344,#4398,#4525,#4842,#4980,#5265,#5475,#5705,#5861,
    #5867,#5874,#5880,#6063,#6259,#6518,#6548,#6698,#6729,#6735,#6817,
    #6871,#6983,#7355,#7409,#7629,#7657,#7685,#7713,#7741,#7796,#7827,
    #7881,#7912,#7919,#7925,#7953,#7981,#7988,#8016,#8044));
#17 = ADVANCED_FACE('',(#18),#37,.T.);
#18 = FACE_BOUND('',#19,.T.);
#19 = EDGE_LOOP('',(#20,#132,#164,#305,#396));
#20 = ORIENTED_EDGE('',*,*,#21,.F.);
#21 = EDGE_CURVE('',#22,#24,#26,.T.);
#22 = VERTEX_POINT('',#23);
#23 = CARTESIAN_POINT('',(0.,8.5,0.));
#24 = VERTEX_POINT('',#25);
#25 = CARTESIAN_POINT('',(96.706161219603,17.5,5.380540833067));
#26 = SURFACE_CURVE('',#27,(#36,#84),.PCURVE_S1.);
#27 = B_SPLINE_CURVE_WITH_KNOTS('',3,(#28,#29,#30,#31,#32,#33,#34,#35),
  .UNSPECIFIED.,.F.,.F.,(4,1,1,2,4),(0.,0.227836592573,0.442835594821,
    0.514097810881,1.),.UNSPECIFIED.);
#28 = CARTESIAN_POINT('',(0.,8.5,0.));
#29 = CARTESIAN_POINT('',(10.666666666667,9.833333333333,0.575661375661)
  );
#30 = CARTESIAN_POINT('',(31.495301292007,12.694615812178,1.686271744388
    ));
#31 = CARTESIAN_POINT('',(55.24104822318,14.799028222266,3.012954569949)
  );
#32 = CARTESIAN_POINT('',(68.675715949556,17.5,3.684581133082));
#33 = CARTESIAN_POINT('',(94.666666666667,17.5,5.257142857143));
#34 = CARTESIAN_POINT('',(117.33333333333,17.5,6.628571428571));
#35 = CARTESIAN_POINT('',(140.,17.5,8.));
#36 = PCURVE('',#37,#78);
#37 = B_SPLINE_SURFACE_WITH_KNOTS('',3,3,(
    (#38,#39,#40,#41,#42,#43,#44,#45)
    ,(#46,#47,#48,#49,#50,#51,#52,#53)
    ,(#54,#55,#56,#57,#58,#59,#60,#61)
    ,(#62,#63,#64,#65,#66,#67,#68,#69)
    ,(#70,#71,#72,#73,#74,#75,#76,#77
    )),.UNSPECIFIED.,.F.,.F.,.F.,(4,1,4),(4,1,1,2,4),(0.,0.5,1.),(0.,
    0.227836592573,0.442835594821,0.514097810881,1.),.UNSPECIFIED.);
#38 = CARTESIAN_POINT('',(0.,8.5,0.));
#39 = CARTESIAN_POINT('',(10.666666666667,9.833333333333,0.575661375661)
  );
#40 = CARTESIAN_POINT('',(31.495301292007,12.694615812178,1.686271744388
    ));
#41 = CARTESIAN_POINT('',(55.24104822318,14.799028222266,3.012954569949)
  );
#42 = CARTESIAN_POINT('',(68.675715949556,17.5,3.684581133082));
#43 = CARTESIAN_POINT('',(94.666666666667,17.5,5.257142857143));
#44 = CARTESIAN_POINT('',(117.33333333333,17.5,6.628571428571));
#45 = CARTESIAN_POINT('',(140.,17.5,8.));
#46 = CARTESIAN_POINT('',(0.,8.5,1.666666666667E-03));
#47 = CARTESIAN_POINT('',(10.666666666667,9.833333333333,0.613186948854)
  );
#48 = CARTESIAN_POINT('',(31.495301298045,12.694615806523,1.806290864302
    ));
#49 = CARTESIAN_POINT('',(55.241048218444,14.799028226703,3.170994677434
    ));
#50 = CARTESIAN_POINT('',(68.675715949556,17.5,3.93723117813));
#51 = CARTESIAN_POINT('',(94.666666666667,17.5,5.439928571429));
#52 = CARTESIAN_POINT('',(117.33333333333,17.5,7.043142857143));
#53 = CARTESIAN_POINT('',(140.,17.5,8.5));
#54 = CARTESIAN_POINT('',(0.,8.5,5.E-03));
#55 = CARTESIAN_POINT('',(10.666666666667,9.833333333333,0.688238095238)
  );
#56 = CARTESIAN_POINT('',(31.495301240935,12.694615863396,2.006393769775
    ));
#57 = CARTESIAN_POINT('',(55.241048263242,14.799028182089,3.581000460578
    ));
#58 = CARTESIAN_POINT('',(68.675715949556,17.5,4.378137232327));
#59 = CARTESIAN_POINT('',(94.666666666667,17.5,6.244571428571));
#60 = CARTESIAN_POINT('',(117.33333333333,17.5,7.872285714286));
#61 = CARTESIAN_POINT('',(140.,17.5,9.5));
#62 = CARTESIAN_POINT('',(0.,8.5,8.333333333333E-03));
#63 = CARTESIAN_POINT('',(10.666666666667,9.833333333333,0.763289241623)
  );
#64 = CARTESIAN_POINT('',(31.495301298045,12.694615806523,2.206496690509
    ));
#65 = CARTESIAN_POINT('',(55.241048218444,14.799028226703,3.991006231751
    ));
#66 = CARTESIAN_POINT('',(68.675715949556,17.5,4.819043286525));
#67 = CARTESIAN_POINT('',(94.666666666667,17.5,7.049214285714));
#68 = CARTESIAN_POINT('',(117.33333333333,17.5,8.701428571429));
#69 = CARTESIAN_POINT('',(140.,17.5,10.5));
#70 = CARTESIAN_POINT('',(0.,8.5,1.E-02));
#71 = CARTESIAN_POINT('',(10.666666666667,9.833333333333,0.800814814815)
  );
#72 = CARTESIAN_POINT('',(31.495301292007,12.694615812178,2.326515808854
    ));
#73 = CARTESIAN_POINT('',(55.24104822318,14.799028222266,4.149046340467)
  );
#74 = CARTESIAN_POINT('',(68.675715949556,17.5,5.071693331572));
#75 = CARTESIAN_POINT('',(94.666666666667,17.5,7.232));
#76 = CARTESIAN_POINT('',(117.33333333333,17.5,9.116));
#77 = CARTESIAN_POINT('',(140.,17.5,11.));
#78 = DEFINITIONAL_REPRESENTATION('',(#79),#83);
#79 = LINE('',#80,#81);
#80 = CARTESIAN_POINT('',(0.,0.));
#81 = VECTOR('',#82,1.);
#82 = DIRECTION('',(0.,1.));
#83 = ( GEOMETRIC_REPRESENTATION_CONTEXT(2) 
PARAMETRIC_REPRESENTATION_CONTEXT() REPRESENTATION_CONTEXT('2D SPACE',''
  ) );
#84 = PCURVE('',#85,#126);
#85 = B_SPLINE_SURFACE_WITH_KNOTS('',3,3,(
    (#86,#87,#88,#89,#90,#91,#92,#93)
    ,(#94,#95,#96,#97,#98,#99,#100,#101)
    ,(#102,#103,#104,#105,#106,#107,#108,#109)
    ,(#110,#111,#112,#113,#114,#115,#116,#117)
    ,(#118,#119,#120,#121,#122,#123,#124,#125
  )),.UNSPECIFIED.,.F.,.F.,.F.,(4,1,4),(4,1,1,2,4),(0.,0.5,1.),(0.,
    0.227836592573,0.442835594821,0.514097810881,1.),.UNSPECIFIED.);
#86 = CARTESIAN_POINT('',(0.,8.4,-2.E-02));
#87 = CARTESIAN_POINT('',(10.666666666667,9.1,-1.333333333333E-02));
#88 = CARTESIAN_POINT('',(31.495301292007,9.784278273088,-0.200079591663
    ));
#89 = CARTESIAN_POINT('',(55.24104822318,13.630631301338,0.484359316365)
  );
#90 = CARTESIAN_POINT('',(68.675715949556,15.407115592708,
    -0.332428405044));
#91 = CARTESIAN_POINT('',(94.666666666667,16.133333333333,2.266666666667
    ));
#92 = CARTESIAN_POINT('',(117.33333333333,16.766666666667,4.533333333333
    ));
#93 = CARTESIAN_POINT('',(140.,17.4,6.8));
#94 = CARTESIAN_POINT('',(0.,8.416666666667,-1.666666666667E-02));
#95 = CARTESIAN_POINT('',(10.666666666667,9.222222222222,
    8.483245149912E-02));
#96 = CARTESIAN_POINT('',(31.495301298045,10.267313326148,0.115467274427
    ));
#97 = CARTESIAN_POINT('',(55.241048218444,13.830117870771,0.903075427846
    ));
#98 = CARTESIAN_POINT('',(68.675715949556,15.75267055858,0.338935528649)
  );
#99 = CARTESIAN_POINT('',(94.666666666667,16.383333333333,2.752380952381
    ));
#100 = CARTESIAN_POINT('',(117.33333333333,16.888888888889,4.88253968254
    ));
#101 = CARTESIAN_POINT('',(140.,17.416666666667,7.));
#102 = CARTESIAN_POINT('',(0.,8.45,-1.E-02));
#103 = CARTESIAN_POINT('',(10.666666666667,9.466666666667,0.281164021164
    ));
#104 = CARTESIAN_POINT('',(31.495301240935,11.23944707694,0.743096050465
    ));
#105 = CARTESIAN_POINT('',(55.241048263242,14.214829734891,
    1.748656963472));
#106 = CARTESIAN_POINT('',(68.675715949556,16.453557796354,
    1.676076364019));
#107 = CARTESIAN_POINT('',(94.666666666667,16.816666666667,
    3.761904761905));
#108 = CARTESIAN_POINT('',(117.33333333333,17.133333333333,
    5.580952380952));
#109 = CARTESIAN_POINT('',(140.,17.45,7.4));
#110 = CARTESIAN_POINT('',(0.,8.483333333333,-3.333333333333E-03));
#111 = CARTESIAN_POINT('',(10.666666666667,9.711111111111,0.477495590829
    ));
#112 = CARTESIAN_POINT('',(31.495301298045,12.211580751553,
    1.370724884081));
#113 = CARTESIAN_POINT('',(55.241048218444,14.599541658767,
    2.594238453932));
#114 = CARTESIAN_POINT('',(68.675715949556,17.154445034128,
    3.013217199389));
#115 = CARTESIAN_POINT('',(94.666666666667,17.25,4.771428571429));
#116 = CARTESIAN_POINT('',(117.33333333333,17.377777777778,
    6.279365079365));
#117 = CARTESIAN_POINT('',(140.,17.483333333333,7.8));
#118 = CARTESIAN_POINT('',(0.,8.5,0.));
#119 = CARTESIAN_POINT('',(10.666666666667,9.833333333333,0.575661375661
    ));
#120 = CARTESIAN_POINT('',(31.495301292007,12.694615812178,
    1.686271744388));
#121 = CARTESIAN_POINT('',(55.24104822318,14.799028222266,3.012954569949
    ));
#122 = CARTESIAN_POINT('',(68.675715949556,17.5,3.684581133082));
#123 = CARTESIAN_POINT('',(94.666666666667,17.5,5.257142857143));
#124 = CARTESIAN_POINT('',(117.33333333333,17.5,6.628571428571));
#125 = CARTESIAN_POINT('',(140.,17.5,8.));
#126 = DEFINITIONAL_REPRESENTATION('',(#127),#131);
#127 = LINE('',#128,#129);
#128 = CARTESIAN_POINT('',(1.,0.));
#129 = VECTOR('',#130,1.);
#130 = DIRECTION('',(0.,1.));
#131 = ( GEOMETRIC_REPRESENTATION_CONTEXT(2) 
PARAMETRIC_REPRESENTATION_CONTEXT() REPRESENTATION_CONTEXT('2D SPACE',''
  ) );
#132 = ORIENTED_EDGE('',*,*,#133,.T.);
#133 = EDGE_CURVE('',#22,#134,#136,.T.);
#134 = VERTEX_POINT('',#135);
#135 = CARTESIAN_POINT('',(0.,8.5,1.E-02));
#136 = SURFACE_CURVE('',#137,(#143,#150),.PCURVE_S1.);
#137 = B_SPLINE_CURVE_WITH_KNOTS('',3,(#138,#139,#140,#141,#142),
  .UNSPECIFIED.,.F.,.F.,(4,1,4),(0.,0.5,1.),.QUASI_UNIFORM_KNOTS.);
#138 = CARTESIAN_POINT('',(0.,8.5,0.));
#139 = CARTESIAN_POINT('',(0.,8.5,1.666666666667E-03));
#140 = CARTESIAN_POINT('',(0.,8.5,5.E-03));
#141 = CARTESIAN_POINT('',(0.,8.5,8.333333333333E-03));
#142 = CARTESIAN_POINT('',(0.,8.5,1.E-02));
#143 = PCURVE('',#37,#144);
#144 = DEFINITIONAL_REPRESENTATION('',(#145),#149);
#145 = LINE('',#146,#147);
#146 = CARTESIAN_POINT('',(0.,0.));
#147 = VECTOR('',#148,1.);
#148 = DIRECTION('',(1.,0.));
#149 = ( GEOMETRIC_REPRESENTATION_CONTEXT(2) 
PARAMETRIC_REPRESENTATION_CONTEXT() REPRESENTATION_CONTEXT('2D SPACE',''
  ) );
#150 = PCURVE('',#151,#156);
#151 = PLANE('',#152);
#152 = AXIS2_PLACEMENT_3D('',#153,#154,#155);
#153 = CARTESIAN_POINT('',(0.,8.5,0.));
#154 = DIRECTION('',(1.,0.,0.));
#155 = DIRECTION('',(0.,-0.99999982699,5.882351923469E-04));
#156 = DEFINITIONAL_REPRESENTATION('',(#157),#163);
#157 = B_SPLINE_CURVE_WITH_KNOTS('',3,(#158,#159,#160,#161,#162),
  .UNSPECIFIED.,.F.,.F.,(4,1,4),(0.,0.5,1.),.QUASI_UNIFORM_KNOTS.);
#158 = CARTESIAN_POINT('',(0.,0.));
#159 = CARTESIAN_POINT('',(9.803919880369E-07,-1.666666378316E-03));
#160 = CARTESIAN_POINT('',(2.941175962334E-06,-4.999999134948E-03));
#161 = CARTESIAN_POINT('',(4.901959936632E-06,-8.333331891581E-03));
#162 = CARTESIAN_POINT('',(5.882351922892E-06,-9.999998269897E-03));
#163 = ( GEOMETRIC_REPRESENTATION_CONTEXT(2) 
PARAMETRIC_REPRESENTATION_CONTEXT() REPRESENTATION_CONTEXT('2D SPACE',''
  ) );
#164 = ORIENTED_EDGE('',*,*,#165,.T.);
#165 = EDGE_CURVE('',#134,#166,#168,.T.);
#166 = VERTEX_POINT('',#167);
#167 = CARTESIAN_POINT('',(97.664969053172,17.5,7.481211826063));
#168 = SURFACE_CURVE('',#169,(#178,#185),.PCURVE_S1.);
#169 = B_SPLINE_CURVE_WITH_KNOTS('',3,(#170,#171,#172,#173,#174,#175,
    #176,#177),.UNSPECIFIED.,.F.,.F.,(4,1,1,2,4),(0.,0.227836592573,
    0.442835594821,0.514097810881,1.),.UNSPECIFIED.);
#170 = CARTESIAN_POINT('',(0.,8.5,1.E-02));
#171 = CARTESIAN_POINT('',(10.666666666667,9.833333333333,0.800814814815
    ));
#172 = CARTESIAN_POINT('',(31.495301292007,12.694615812178,
    2.326515808854));
#173 = CARTESIAN_POINT('',(55.24104822318,14.799028222266,4.149046340467
    ));
#174 = CARTESIAN_POINT('',(68.675715949556,17.5,5.071693331572));
#175 = CARTESIAN_POINT('',(94.666666666667,17.5,7.232));
#176 = CARTESIAN_POINT('',(117.33333333333,17.5,9.116));
#177 = CARTESIAN_POINT('',(140.,17.5,11.));
#178 = PCURVE('',#37,#179);
#179 = DEFINITIONAL_REPRESENTATION('',(#180),#184);
#180 = LINE('',#181,#182);
#181 = CARTESIAN_POINT('',(1.,0.));
#182 = VECTOR('',#183,1.);
#183 = DIRECTION('',(0.,1.));
#184 = ( GEOMETRIC_REPRESENTATION_CONTEXT(2) 
PARAMETRIC_REPRESENTATION_CONTEXT() REPRESENTATION_CONTEXT('2D SPACE',''
  ) );
#185 = PCURVE('',#186,#299);
#186 = B_SPLINE_SURFACE_WITH_KNOTS('',3,3,(
    (#187,#188,#189,#190,#191,#192,#193,#194)
    ,(#195,#196,#197,#198,#199,#200,#201,#202)
    ,(#203,#204,#205,#206,#207,#208,#209,#210)
    ,(#211,#212,#213,#214,#215,#216,#217,#218)
    ,(#219,#220,#221,#222,#223,#224,#225,#226)
    ,(#227,#228,#229,#230,#231,#232,#233,#234)
    ,(#235,#236,#237,#238,#239,#240,#241,#242)
    ,(#243,#244,#245,#246,#247,#248,#249,#250)
    ,(#251,#252,#253,#254,#255,#256,#257,#258)
    ,(#259,#260,#261,#262,#263,#264,#265,#266)
    ,(#267,#268,#269,#270,#271,#272,#273,#274)
    ,(#275,#276,#277,#278,#279,#280,#281,#282)
    ,(#283,#284,#285,#286,#287,#288,#289,#290)
    ,(#291,#292,#293,#294,#295,#296,#297,#298
  )),.UNSPECIFIED.,.F.,.F.,.F.,(4,1,1,1,1,1,1,1,1,1,1,4),(4,1,1,2,4),(0.
    ,9.090909090909E-02,0.181818181818,0.272727272727,0.363636363636,
    0.454545454545,0.545454545455,0.636363636364,0.727272727273,
    0.818181818182,0.909090909091,1.),(0.,0.227836592573,0.442835594821,
    0.514097810881,1.),.UNSPECIFIED.);
#187 = CARTESIAN_POINT('',(0.,8.5,1.E-02));
#188 = CARTESIAN_POINT('',(10.666666666667,9.833333333333,0.800814814815
    ));
#189 = CARTESIAN_POINT('',(31.495301292007,12.694615812178,
    2.326515808854));
#190 = CARTESIAN_POINT('',(55.24104822318,14.799028222266,4.149046340467
    ));
#191 = CARTESIAN_POINT('',(68.675715949556,17.5,5.071693331572));
#192 = CARTESIAN_POINT('',(94.666666666667,17.5,7.232));
#193 = CARTESIAN_POINT('',(117.33333333333,17.5,9.116));
#194 = CARTESIAN_POINT('',(140.,17.5,11.));
#195 = CARTESIAN_POINT('',(0.,7.984850720413,1.178530088066E-02));
#196 = CARTESIAN_POINT('',(10.666666666667,9.239048643653,0.837814342665
    ));
#197 = CARTESIAN_POINT('',(31.495301293492,11.907171992861,
    2.445756424553));
#198 = CARTESIAN_POINT('',(55.241048222016,13.968473116264,
    4.324309540906));
#199 = CARTESIAN_POINT('',(68.675715949556,16.447430511593,
    5.428597941624));
#200 = CARTESIAN_POINT('',(94.666666666667,16.732377765314,
    7.462749320527));
#201 = CARTESIAN_POINT('',(117.33333333333,16.560837339953,9.65366721141
    ));
#202 = CARTESIAN_POINT('',(140.,16.591088900468,11.627726001049));
#203 = CARTESIAN_POINT('',(0.,6.954552028997,1.535204455454E-02));
#204 = CARTESIAN_POINT('',(10.666666666681,8.051196175123,0.916561626999
    ));
#205 = CARTESIAN_POINT('',(31.495301283007,10.39885210644,2.615176498553
    ));
#206 = CARTESIAN_POINT('',(55.241048230211,12.147150369005,
    4.815845657376));
#207 = CARTESIAN_POINT('',(68.675715949557,14.442140348067,
    5.998140223703));
#208 = CARTESIAN_POINT('',(94.666666666665,14.445236045586,8.59192847134
    ));
#209 = CARTESIAN_POINT('',(117.3333333333,14.642879675207,
    10.660467073634));
#210 = CARTESIAN_POINT('',(140.,14.746870603633,12.829649567046));
#211 = CARTESIAN_POINT('',(0.,5.409100045052,1.942339627141E-02));
#212 = CARTESIAN_POINT('',(10.666666666649,6.265111267069,1.004891269375
    ));
#213 = CARTESIAN_POINT('',(31.495301300318,8.080754510024,2.876905261964
    ));
#214 = CARTESIAN_POINT('',(55.241048216698,9.503725429311,5.248840351391
    ));
#215 = CARTESIAN_POINT('',(68.675715949555,11.278569115352,
    6.594012252973));
#216 = CARTESIAN_POINT('',(94.666666666669,11.464701649287,
    9.285168275668));
#217 = CARTESIAN_POINT('',(117.33333333337,11.574787672887,
    11.683964544821));
#218 = CARTESIAN_POINT('',(140.,11.709970171929,14.055795846923));
#219 = CARTESIAN_POINT('',(0.,3.863645052221,2.233403865717E-02));
#220 = CARTESIAN_POINT('',(10.666666666684,4.47688217902,1.072525670861)
  );
#221 = CARTESIAN_POINT('',(31.495301286087,5.775444182735,3.073594331987
    ));
#222 = CARTESIAN_POINT('',(55.241048227788,6.801599065581,5.577071515086
    ));
#223 = CARTESIAN_POINT('',(68.675715949557,8.093752269485,6.938643559803
    ));
#224 = CARTESIAN_POINT('',(94.666666666664,8.23312353126,9.836099055991)
  );
#225 = CARTESIAN_POINT('',(117.33333333329,8.368684559175,
    12.349091788682));
#226 = CARTESIAN_POINT('',(140.,8.49751238641,14.869300498468));
#227 = CARTESIAN_POINT('',(0.,2.318187894862,2.417489747481E-02));
#228 = CARTESIAN_POINT('',(10.666666666654,2.686818109227,1.117145680685
    ));
#229 = CARTESIAN_POINT('',(31.495301295247,3.465155815988,3.215134936818
    ));
#230 = CARTESIAN_POINT('',(55.241048220664,4.089666398589,5.76993379193)
  );
#231 = CARTESIAN_POINT('',(68.675715949555,4.868630613332,7.107963458268
    ));
#232 = CARTESIAN_POINT('',(94.666666666668,4.973597586162,
    10.101045764844));
#233 = CARTESIAN_POINT('',(117.33333333336,5.061316686831,12.71495901389
    ));
#234 = CARTESIAN_POINT('',(140.,5.150872114904,15.326973321597));
#235 = CARTESIAN_POINT('',(0.,0.772729442437,2.503809615755E-02));
#236 = CARTESIAN_POINT('',(10.666666666671,0.89572535579,1.139481116295)
  );
#237 = CARTESIAN_POINT('',(31.495301291017,1.155243770244,3.289806113775
    ));
#238 = CARTESIAN_POINT('',(55.241048223948,1.364194778685,5.857281546884
    ));
#239 = CARTESIAN_POINT('',(68.675715949556,1.625314346965,7.155657643741
    ));
#240 = CARTESIAN_POINT('',(94.666666666666,1.661232006297,
    10.200181723629));
#241 = CARTESIAN_POINT('',(117.33333333332,1.693829882663,
    12.854576129252));
#242 = CARTESIAN_POINT('',(140.,1.725815649945,15.509350323142));
#243 = CARTESIAN_POINT('',(0.,-0.772729442437,2.503809615755E-02));
#244 = CARTESIAN_POINT('',(10.666666666671,-0.89572535579,1.139481116295
    ));
#245 = CARTESIAN_POINT('',(31.495301291017,-1.155243770244,
    3.289806113775));
#246 = CARTESIAN_POINT('',(55.241048223948,-1.364194778685,
    5.857281546884));
#247 = CARTESIAN_POINT('',(68.675715949556,-1.625314346965,
    7.155657643741));
#248 = CARTESIAN_POINT('',(94.666666666666,-1.661232006297,
    10.200181723629));
#249 = CARTESIAN_POINT('',(117.33333333332,-1.693829882663,
    12.854576129252));
#250 = CARTESIAN_POINT('',(140.,-1.725815649945,15.509350323142));
#251 = CARTESIAN_POINT('',(0.,-2.318187894862,2.417489747481E-02));
#252 = CARTESIAN_POINT('',(10.666666666654,-2.686818109227,
    1.117145680685));
#253 = CARTESIAN_POINT('',(31.495301295247,-3.465155815988,
    3.215134936818));
#254 = CARTESIAN_POINT('',(55.241048220664,-4.089666398589,5.76993379193
    ));
#255 = CARTESIAN_POINT('',(68.675715949555,-4.868630613332,
    7.107963458268));
#256 = CARTESIAN_POINT('',(94.666666666668,-4.973597586162,
    10.101045764844));
#257 = CARTESIAN_POINT('',(117.33333333336,-5.061316686831,
    12.71495901389));
#258 = CARTESIAN_POINT('',(140.,-5.150872114904,15.326973321597));
#259 = CARTESIAN_POINT('',(0.,-3.863645052221,2.233403865717E-02));
#260 = CARTESIAN_POINT('',(10.666666666684,-4.47688217902,1.072525670861
    ));
#261 = CARTESIAN_POINT('',(31.495301286087,-5.775444182735,
    3.073594331987));
#262 = CARTESIAN_POINT('',(55.241048227788,-6.801599065581,
    5.577071515086));
#263 = CARTESIAN_POINT('',(68.675715949557,-8.093752269485,
    6.938643559803));
#264 = CARTESIAN_POINT('',(94.666666666664,-8.23312353126,9.836099055991
    ));
#265 = CARTESIAN_POINT('',(117.33333333329,-8.368684559175,
    12.349091788682));
#266 = CARTESIAN_POINT('',(140.,-8.49751238641,14.869300498468));
#267 = CARTESIAN_POINT('',(0.,-5.409100045052,1.942339627141E-02));
#268 = CARTESIAN_POINT('',(10.666666666649,-6.265111267069,
    1.004891269375));
#269 = CARTESIAN_POINT('',(31.495301300318,-8.080754510024,
    2.876905261964));
#270 = CARTESIAN_POINT('',(55.241048216698,-9.503725429311,
    5.248840351391));
#271 = CARTESIAN_POINT('',(68.675715949555,-11.27856911535,
    6.594012252973));
#272 = CARTESIAN_POINT('',(94.666666666669,-11.46470164928,
    9.285168275668));
#273 = CARTESIAN_POINT('',(117.33333333337,-11.57478767288,
    11.683964544821));
#274 = CARTESIAN_POINT('',(140.,-11.70997017192,14.055795846923));
#275 = CARTESIAN_POINT('',(0.,-6.954552028997,1.535204455454E-02));
#276 = CARTESIAN_POINT('',(10.666666666681,-8.051196175123,
    0.916561626999));
#277 = CARTESIAN_POINT('',(31.495301283007,-10.39885210644,
    2.615176498553));
#278 = CARTESIAN_POINT('',(55.241048230211,-12.147150369,4.815845657376)
  );
#279 = CARTESIAN_POINT('',(68.675715949557,-14.44214034806,
    5.998140223703));
#280 = CARTESIAN_POINT('',(94.666666666665,-14.44523604558,8.59192847134
    ));
#281 = CARTESIAN_POINT('',(117.3333333333,-14.6428796752,10.660467073634
    ));
#282 = CARTESIAN_POINT('',(140.,-14.74687060363,12.829649567046));
#283 = CARTESIAN_POINT('',(0.,-7.984850720413,1.178530088066E-02));
#284 = CARTESIAN_POINT('',(10.666666666667,-9.239048643653,
    0.837814342665));
#285 = CARTESIAN_POINT('',(31.495301293492,-11.90717199286,
    2.445756424553));
#286 = CARTESIAN_POINT('',(55.241048222016,-13.96847311626,
    4.324309540906));
#287 = CARTESIAN_POINT('',(68.675715949556,-16.44743051159,
    5.428597941624));
#288 = CARTESIAN_POINT('',(94.666666666667,-16.73237776531,
    7.462749320527));
#289 = CARTESIAN_POINT('',(117.33333333333,-16.56083733995,9.65366721141
    ));
#290 = CARTESIAN_POINT('',(140.,-16.59108890046,11.627726001049));
#291 = CARTESIAN_POINT('',(0.,-8.5,1.E-02));
#292 = CARTESIAN_POINT('',(10.666666666667,-9.833333333333,
    0.800814814815));
#293 = CARTESIAN_POINT('',(31.495301292007,-12.69461581217,
    2.326515808854));
#294 = CARTESIAN_POINT('',(55.24104822318,-14.79902822226,4.149046340467
    ));
#295 = CARTESIAN_POINT('',(68.675715949556,-17.5,5.071693331572));
#296 = CARTESIAN_POINT('',(94.666666666667,-17.5,7.232));
#297 = CARTESIAN_POINT('',(117.33333333333,-17.5,9.116));
#298 = CARTESIAN_POINT('',(140.,-17.5,11.));
#299 = DEFINITIONAL_REPRESENTATION('',(#300),#304);
#300 = LINE('',#301,#302);
#301 = CARTESIAN_POINT('',(0.,0.));
#302 = VECTOR('',#303,1.);
#303 = DIRECTION('',(0.,1.));
#304 = ( GEOMETRIC_REPRESENTATION_CONTEXT(2) 
PARAMETRIC_REPRESENTATION_CONTEXT() REPRESENTATION_CONTEXT('2D SPACE',''
  ) );
#305 = ORIENTED_EDGE('',*,*,#306,.T.);
#306 = EDGE_CURVE('',#166,#307,#309,.T.);
#307 = VERTEX_POINT('',#308);
#308 = CARTESIAN_POINT('',(94.6,17.5,6.));
#309 = SURFACE_CURVE('',#310,(#315,#335),.PCURVE_S1.);
#310 = B_SPLINE_CURVE_WITH_KNOTS('',3,(#311,#312,#313,#314),
  .UNSPECIFIED.,.F.,.F.,(4,4),(0.,1.),.PIECEWISE_BEZIER_KNOTS.);
#311 = CARTESIAN_POINT('',(121.5,17.5,19.));
#312 = CARTESIAN_POINT('',(112.53333333333,17.5,14.666666666667));
#313 = CARTESIAN_POINT('',(103.56666666666,17.5,10.333333333333));
#314 = CARTESIAN_POINT('',(94.6,17.5,6.));
#315 = PCURVE('',#37,#316);
#316 = DEFINITIONAL_REPRESENTATION('',(#317),#334);
#317 = B_SPLINE_CURVE_WITH_KNOTS('',8,(#318,#319,#320,#321,#322,#323,
    #324,#325,#326,#327,#328,#329,#330,#331,#332,#333),.UNSPECIFIED.,.F.
  ,.F.,(9,7,9),(0.886060629761,0.94303031488,1.),.UNSPECIFIED.);
#318 = CARTESIAN_POINT('',(0.999999983739,0.697489938082));
#319 = CARTESIAN_POINT('',(0.953747114565,0.696121118996));
#320 = CARTESIAN_POINT('',(0.910588897432,0.694752299823));
#321 = CARTESIAN_POINT('',(0.869377447343,0.69338348079));
#322 = CARTESIAN_POINT('',(0.829670609426,0.692014661559));
#323 = CARTESIAN_POINT('',(0.791055680318,0.690645842587));
#324 = CARTESIAN_POINT('',(0.753294570228,0.689277023468));
#325 = CARTESIAN_POINT('',(0.716156731153,0.687908204423));
#326 = CARTESIAN_POINT('',(0.642764192408,0.685170566225));
#327 = CARTESIAN_POINT('',(0.606508297797,0.68380174713));
#328 = CARTESIAN_POINT('',(0.570507987382,0.682432928035));
#329 = CARTESIAN_POINT('',(0.534604799047,0.681064108939));
#330 = CARTESIAN_POINT('',(0.498652584814,0.679695289844));
#331 = CARTESIAN_POINT('',(0.46250347863,0.678326470749));
#332 = CARTESIAN_POINT('',(0.425993864156,0.676957651654));
#333 = CARTESIAN_POINT('',(0.388930342555,0.675588832559));
#334 = ( GEOMETRIC_REPRESENTATION_CONTEXT(2) 
PARAMETRIC_REPRESENTATION_CONTEXT() REPRESENTATION_CONTEXT('2D SPACE',''
  ) );
#335 = PCURVE('',#336,#377);
#336 = B_SPLINE_SURFACE_WITH_KNOTS('',3,3,(
    (#337,#338,#339,#340,#341,#342,#343,#344)
    ,(#345,#346,#347,#348,#349,#350,#351,#352)
    ,(#353,#354,#355,#356,#357,#358,#359,#360)
    ,(#361,#362,#363,#364,#365,#366,#367,#368)
    ,(#369,#370,#371,#372,#373,#374,#375,#376
  )),.UNSPECIFIED.,.F.,.F.,.F.,(4,1,4),(4,1,1,2,4),(0.,0.5,1.),(0.,
    0.227836592573,0.442835594821,0.514097810881,1.),.UNSPECIFIED.);
#337 = CARTESIAN_POINT('',(0.,8.5,0.));
#338 = CARTESIAN_POINT('',(10.666666666667,9.833333333333,0.575661375661
    ));
#339 = CARTESIAN_POINT('',(31.495301292007,12.694615812178,
    1.686271744388));
#340 = CARTESIAN_POINT('',(55.24104822318,14.799028222266,3.012954569949
    ));
#341 = CARTESIAN_POINT('',(68.675715949556,17.5,3.684581133082));
#342 = CARTESIAN_POINT('',(94.666666666667,17.5,5.257142857143));
#343 = CARTESIAN_POINT('',(117.33333333333,17.5,6.628571428571));
#344 = CARTESIAN_POINT('',(140.,17.5,8.));
#345 = CARTESIAN_POINT('',(0.,8.5,1.666666666667E-03));
#346 = CARTESIAN_POINT('',(10.666666666667,9.833333333333,0.613186948854
    ));
#347 = CARTESIAN_POINT('',(31.495301298045,12.694615806523,
    1.806290864302));
#348 = CARTESIAN_POINT('',(55.241048218444,14.799028226703,
    3.170994677434));
#349 = CARTESIAN_POINT('',(68.675715949556,17.5,3.93723117813));
#350 = CARTESIAN_POINT('',(94.666666666667,17.5,5.439928571429));
#351 = CARTESIAN_POINT('',(117.33333333333,17.5,7.043142857143));
#352 = CARTESIAN_POINT('',(140.,17.5,8.5));
#353 = CARTESIAN_POINT('',(0.,8.5,5.E-03));
#354 = CARTESIAN_POINT('',(10.666666666667,9.833333333333,0.688238095238
    ));
#355 = CARTESIAN_POINT('',(31.495301240935,12.694615863396,
    2.006393769775));
#356 = CARTESIAN_POINT('',(55.241048263242,14.799028182089,
    3.581000460578));
#357 = CARTESIAN_POINT('',(68.675715949556,17.5,4.378137232327));
#358 = CARTESIAN_POINT('',(94.666666666667,17.5,6.244571428571));
#359 = CARTESIAN_POINT('',(117.33333333333,17.5,7.872285714286));
#360 = CARTESIAN_POINT('',(140.,17.5,9.5));
#361 = CARTESIAN_POINT('',(0.,8.5,8.333333333333E-03));
#362 = CARTESIAN_POINT('',(10.666666666667,9.833333333333,0.763289241623
    ));
#363 = CARTESIAN_POINT('',(31.495301298045,12.694615806523,
    2.206496690509));
#364 = CARTESIAN_POINT('',(55.241048218444,14.799028226703,
    3.991006231751));
#365 = CARTESIAN_POINT('',(68.675715949556,17.5,4.819043286525));
#366 = CARTESIAN_POINT('',(94.666666666667,17.5,7.049214285714));
#367 = CARTESIAN_POINT('',(117.33333333333,17.5,8.701428571429));
#368 = CARTESIAN_POINT('',(140.,17.5,10.5));
#369 = CARTESIAN_POINT('',(0.,8.5,1.E-02));
#370 = CARTESIAN_POINT('',(10.666666666667,9.833333333333,0.800814814815
    ));
#371 = CARTESIAN_POINT('',(31.495301292007,12.694615812178,
    2.326515808854));
#372 = CARTESIAN_POINT('',(55.24104822318,14.799028222266,4.149046340467
    ));
#373 = CARTESIAN_POINT('',(68.675715949556,17.5,5.071693331572));
#374 = CARTESIAN_POINT('',(94.666666666667,17.5,7.232));
#375 = CARTESIAN_POINT('',(117.33333333333,17.5,9.116));
#376 = CARTESIAN_POINT('',(140.,17.5,11.));
#377 = DEFINITIONAL_REPRESENTATION('',(#378),#395);
#378 = B_SPLINE_CURVE_WITH_KNOTS('',8,(#379,#380,#381,#382,#383,#384,
    #385,#386,#387,#388,#389,#390,#391,#392,#393,#394),.UNSPECIFIED.,.F.
  ,.F.,(9,7,9),(0.886060629761,0.94303031488,1.),.UNSPECIFIED.);
#379 = CARTESIAN_POINT('',(0.999999983739,0.697489938082));
#380 = CARTESIAN_POINT('',(0.953747114565,0.696121118996));
#381 = CARTESIAN_POINT('',(0.910588897432,0.694752299823));
#382 = CARTESIAN_POINT('',(0.869377447343,0.69338348079));
#383 = CARTESIAN_POINT('',(0.829670609426,0.692014661559));
#384 = CARTESIAN_POINT('',(0.791055680318,0.690645842587));
#385 = CARTESIAN_POINT('',(0.753294570228,0.689277023468));
#386 = CARTESIAN_POINT('',(0.716156731153,0.687908204423));
#387 = CARTESIAN_POINT('',(0.642764192408,0.685170566225));
#388 = CARTESIAN_POINT('',(0.606508297797,0.68380174713));
#389 = CARTESIAN_POINT('',(0.570507987382,0.682432928035));
#390 = CARTESIAN_POINT('',(0.534604799047,0.681064108939));
#391 = CARTESIAN_POINT('',(0.498652584814,0.679695289844));
#392 = CARTESIAN_POINT('',(0.46250347863,0.678326470749));
#393 = CARTESIAN_POINT('',(0.425993864156,0.676957651654));
#394 = CARTESIAN_POINT('',(0.388930342555,0.675588832559));
#395 = ( GEOMETRIC_REPRESENTATION_CONTEXT(2) 
PARAMETRIC_REPRESENTATION_CONTEXT() REPRESENTATION_CONTEXT('2D SPACE',''
  ) );
#396 = ORIENTED_EDGE('',*,*,#397,.T.);
#397 = EDGE_CURVE('',#307,#24,#398,.T.);
#398 = SURFACE_CURVE('',#399,(#404,#422),.PCURVE_S1.);
#399 = B_SPLINE_CURVE_WITH_KNOTS('',3,(#400,#401,#402,#403),
  .UNSPECIFIED.,.F.,.F.,(4,4),(0.,1.),.PIECEWISE_BEZIER_KNOTS.);
#400 = CARTESIAN_POINT('',(94.6,17.5,6.));
#401 = CARTESIAN_POINT('',(98.,17.5,5.));
#402 = CARTESIAN_POINT('',(101.4,17.5,4.));
#403 = CARTESIAN_POINT('',(104.8,17.5,3.));
#404 = PCURVE('',#37,#405);
#405 = DEFINITIONAL_REPRESENTATION('',(#406),#421);
#406 = B_SPLINE_CURVE_WITH_KNOTS('',7,(#407,#408,#409,#410,#411,#412,
    #413,#414,#415,#416,#417,#418,#419,#420),.UNSPECIFIED.,.F.,.F.,(8,6,
    8),(0.,0.103243196836,0.206486393673),.UNSPECIFIED.);
#407 = CARTESIAN_POINT('',(0.388930342555,0.675588832559));
#408 = CARTESIAN_POINT('',(0.363378010685,0.676663820316));
#409 = CARTESIAN_POINT('',(0.337734598795,0.677738808073));
#410 = CARTESIAN_POINT('',(0.311938318184,0.678813795831));
#411 = CARTESIAN_POINT('',(0.285922808264,0.679888783589));
#412 = CARTESIAN_POINT('',(0.259615235832,0.680963771346));
#413 = CARTESIAN_POINT('',(0.23292961066,0.682038759104));
#414 = CARTESIAN_POINT('',(0.178580998668,0.684188734607));
#415 = CARTESIAN_POINT('',(0.150918048697,0.68526372246));
#416 = CARTESIAN_POINT('',(0.122654679442,0.68633870992));
#417 = CARTESIAN_POINT('',(9.365667316251E-02,0.68741369816));
#418 = CARTESIAN_POINT('',(6.37393853346E-02,0.68848868544));
#419 = CARTESIAN_POINT('',(3.266954242545E-02,0.689563673493));
#420 = CARTESIAN_POINT('',(3.676024397978E-09,0.69063866115));
#421 = ( GEOMETRIC_REPRESENTATION_CONTEXT(2) 
PARAMETRIC_REPRESENTATION_CONTEXT() REPRESENTATION_CONTEXT('2D SPACE',''
  ) );
#422 = PCURVE('',#423,#464);
#423 = B_SPLINE_SURFACE_WITH_KNOTS('',3,3,(
    (#424,#425,#426,#427,#428,#429,#430,#431)
    ,(#432,#433,#434,#435,#436,#437,#438,#439)
    ,(#440,#441,#442,#443,#444,#445,#446,#447)
    ,(#448,#449,#450,#451,#452,#453,#454,#455)
    ,(#456,#457,#458,#459,#460,#461,#462,#463
  )),.UNSPECIFIED.,.F.,.F.,.F.,(4,1,4),(4,1,1,2,4),(0.,0.5,1.),(0.,
    0.227836592573,0.442835594821,0.514097810881,1.),.UNSPECIFIED.);
#424 = CARTESIAN_POINT('',(0.,8.5,0.));
#425 = CARTESIAN_POINT('',(10.666666666667,9.833333333333,0.575661375661
    ));
#426 = CARTESIAN_POINT('',(31.495301292007,12.694615812178,
    1.686271744388));
#427 = CARTESIAN_POINT('',(55.24104822318,14.799028222266,3.012954569949
    ));
#428 = CARTESIAN_POINT('',(68.675715949556,17.5,3.684581133082));
#429 = CARTESIAN_POINT('',(94.666666666667,17.5,5.257142857143));
#430 = CARTESIAN_POINT('',(117.33333333333,17.5,6.628571428571));
#431 = CARTESIAN_POINT('',(140.,17.5,8.));
#432 = CARTESIAN_POINT('',(0.,8.5,1.666666666667E-03));
#433 = CARTESIAN_POINT('',(10.666666666667,9.833333333333,0.613186948854
    ));
#434 = CARTESIAN_POINT('',(31.495301298045,12.694615806523,
    1.806290864302));
#435 = CARTESIAN_POINT('',(55.241048218444,14.799028226703,
    3.170994677434));
#436 = CARTESIAN_POINT('',(68.675715949556,17.5,3.93723117813));
#437 = CARTESIAN_POINT('',(94.666666666667,17.5,5.439928571429));
#438 = CARTESIAN_POINT('',(117.33333333333,17.5,7.043142857143));
#439 = CARTESIAN_POINT('',(140.,17.5,8.5));
#440 = CARTESIAN_POINT('',(0.,8.5,5.E-03));
#441 = CARTESIAN_POINT('',(10.666666666667,9.833333333333,0.688238095238
    ));
#442 = CARTESIAN_POINT('',(31.495301240935,12.694615863396,
    2.006393769775));
#443 = CARTESIAN_POINT('',(55.241048263242,14.799028182089,
    3.581000460578));
#444 = CARTESIAN_POINT('',(68.675715949556,17.5,4.378137232327));
#445 = CARTESIAN_POINT('',(94.666666666667,17.5,6.244571428571));
#446 = CARTESIAN_POINT('',(117.33333333333,17.5,7.872285714286));
#447 = CARTESIAN_POINT('',(140.,17.5,9.5));
#448 = CARTESIAN_POINT('',(0.,8.5,8.333333333333E-03));
#449 = CARTESIAN_POINT('',(10.666666666667,9.833333333333,0.763289241623
    ));
#450 = CARTESIAN_POINT('',(31.495301298045,12.694615806523,
    2.206496690509));
#451 = CARTESIAN_POINT('',(55.241048218444,14.799028226703,
    3.991006231751));
#452 = CARTESIAN_POINT('',(68.675715949556,17.5,4.819043286525));
#453 = CARTESIAN_POINT('',(94.666666666667,17.5,7.049214285714));
#454 = CARTESIAN_POINT('',(117.33333333333,17.5,8.701428571429));
#455 = CARTESIAN_POINT('',(140.,17.5,10.5));
#456 = CARTESIAN_POINT('',(0.,8.5,1.E-02));
#457 = CARTESIAN_POINT('',(10.666666666667,9.833333333333,0.800814814815
    ));
#458 = CARTESIAN_POINT('',(31.495301292007,12.694615812178,
    2.326515808854));
#459 = CARTESIAN_POINT('',(55.24104822318,14.799028222266,4.149046340467
    ));
#460 = CARTESIAN_POINT('',(68.675715949556,17.5,5.071693331572));
#461 = CARTESIAN_POINT('',(94.666666666667,17.5,7.232));
#462 = CARTESIAN_POINT('',(117.33333333333,17.5,9.116));
#463 = CARTESIAN_POINT('',(140.,17.5,11.));
#464 = DEFINITIONAL_REPRESENTATION('',(#465),#480);
#465 = B_SPLINE_CURVE_WITH_KNOTS('',7,(#466,#467,#468,#469,#470,#471,
    #472,#473,#474,#475,#476,#477,#478,#479),.UNSPECIFIED.,.F.,.F.,(8,6,
    8),(0.,0.103243196836,0.206486393673),.UNSPECIFIED.);
#466 = CARTESIAN_POINT('',(0.388930342555,0.675588832559));
#467 = CARTESIAN_POINT('',(0.363378010685,0.676663820316));
#468 = CARTESIAN_POINT('',(0.337734598795,0.677738808073));
#469 = CARTESIAN_POINT('',(0.311938318184,0.678813795831));
#470 = CARTESIAN_POINT('',(0.285922808264,0.679888783589));
#471 = CARTESIAN_POINT('',(0.259615235832,0.680963771346));
#472 = CARTESIAN_POINT('',(0.23292961066,0.682038759104));
#473 = CARTESIAN_POINT('',(0.178580998668,0.684188734607));
#474 = CARTESIAN_POINT('',(0.150918048697,0.68526372246));
#475 = CARTESIAN_POINT('',(0.122654679442,0.68633870992));
#476 = CARTESIAN_POINT('',(9.365667316251E-02,0.68741369816));
#477 = CARTESIAN_POINT('',(6.37393853346E-02,0.68848868544));
#478 = CARTESIAN_POINT('',(3.266954242545E-02,0.689563673493));
#479 = CARTESIAN_POINT('',(3.676024397978E-09,0.69063866115));
#480 = ( GEOMETRIC_REPRESENTATION_CONTEXT(2) 
PARAMETRIC_REPRESENTATION_CONTEXT() REPRESENTATION_CONTEXT('2D SPACE',''
  ) );
#481 = ADVANCED_FACE('',(#482),#85,.T.);
#482 = FACE_BOUND('',#483,.T.);
#483 = EDGE_LOOP('',(#484,#555,#580,#581,#712,#873,#942));
#484 = ORIENTED_EDGE('',*,*,#485,.F.);
#485 = EDGE_CURVE('',#486,#488,#490,.T.);
#486 = VERTEX_POINT('',#487);
#487 = CARTESIAN_POINT('',(0.,8.4,-2.E-02));
#488 = VERTEX_POINT('',#489);
#489 = CARTESIAN_POINT('',(140.,17.4,6.8));
#490 = SURFACE_CURVE('',#491,(#500,#507),.PCURVE_S1.);
#491 = B_SPLINE_CURVE_WITH_KNOTS('',3,(#492,#493,#494,#495,#496,#497,
    #498,#499),.UNSPECIFIED.,.F.,.F.,(4,1,1,2,4),(0.,0.227836592573,
    0.442835594821,0.514097810881,1.),.UNSPECIFIED.);
#492 = CARTESIAN_POINT('',(0.,8.4,-2.E-02));
#493 = CARTESIAN_POINT('',(10.666666666667,9.1,-1.333333333333E-02));
#494 = CARTESIAN_POINT('',(31.495301292007,9.784278273088,
    -0.200079591663));
#495 = CARTESIAN_POINT('',(55.24104822318,13.630631301338,0.484359316365
    ));
#496 = CARTESIAN_POINT('',(68.675715949556,15.407115592708,
    -0.332428405044));
#497 = CARTESIAN_POINT('',(94.666666666667,16.133333333333,
    2.266666666667));
#498 = CARTESIAN_POINT('',(117.33333333333,16.766666666667,
    4.533333333333));
#499 = CARTESIAN_POINT('',(140.,17.4,6.8));
#500 = PCURVE('',#85,#501);
#501 = DEFINITIONAL_REPRESENTATION('',(#502),#506);
#502 = LINE('',#503,#504);
#503 = CARTESIAN_POINT('',(0.,0.));
#504 = VECTOR('',#505,1.);
#505 = DIRECTION('',(0.,1.));
#506 = ( GEOMETRIC_REPRESENTATION_CONTEXT(2) 
PARAMETRIC_REPRESENTATION_CONTEXT() REPRESENTATION_CONTEXT('2D SPACE',''
  ) );
#507 = PCURVE('',#508,#549);
#508 = B_SPLINE_SURFACE_WITH_KNOTS('',3,3,(
    (#509,#510,#511,#512,#513,#514,#515,#516)
    ,(#517,#518,#519,#520,#521,#522,#523,#524)
    ,(#525,#526,#527,#528,#529,#530,#531,#532)
    ,(#533,#534,#535,#536,#537,#538,#539,#540)
    ,(#541,#542,#543,#544,#545,#546,#547,#548
  )),.UNSPECIFIED.,.F.,.F.,.F.,(4,1,4),(4,1,1,2,4),(0.,0.5,1.),(0.,
    0.227836592573,0.442835594821,0.514097810881,1.),.UNSPECIFIED.);
#509 = CARTESIAN_POINT('',(0.,8.2,-3.E-02));
#510 = CARTESIAN_POINT('',(10.666666666667,7.966666666667,
    -0.353333333333));
#511 = CARTESIAN_POINT('',(31.495301292007,6.695671769017,1.064336347382
    ));
#512 = CARTESIAN_POINT('',(55.24104822318,8.909301343096,-6.523711563732
    ));
#513 = CARTESIAN_POINT('',(68.675715949556,8.319119838432,
    -8.718631993258));
#514 = CARTESIAN_POINT('',(94.666666666667,9.733333333333,-3.1));
#515 = CARTESIAN_POINT('',(117.33333333333,10.966666666667,1.8));
#516 = CARTESIAN_POINT('',(140.,12.2,6.7));
#517 = CARTESIAN_POINT('',(0.,8.233333333333,-2.833333333333E-02));
#518 = CARTESIAN_POINT('',(10.666666666667,8.155555555556,
    -0.296666666667));
#519 = CARTESIAN_POINT('',(31.495301297074,7.227872382399,0.843999659221
    ));
#520 = CARTESIAN_POINT('',(55.241048219206,9.655188595354,
    -5.333119455502));
#521 = CARTESIAN_POINT('',(68.675715949556,9.528562218983,
    -7.336412129771));
#522 = CARTESIAN_POINT('',(94.666666666667,10.608333333333,-2.1));
#523 = CARTESIAN_POINT('',(117.33333333333,11.933333333333,
    2.255555555556));
#524 = CARTESIAN_POINT('',(140.,13.066666666667,6.716666666667));
#525 = CARTESIAN_POINT('',(0.,8.3,-2.5E-02));
#526 = CARTESIAN_POINT('',(10.666666666667,8.533333333333,
    -0.183333333333));
#527 = CARTESIAN_POINT('',(31.495301248983,8.239975013779,0.432128324907
    ));
#528 = CARTESIAN_POINT('',(55.241048256929,11.269966327923,
    -3.019676082146));
#529 = CARTESIAN_POINT('',(68.675715949556,11.86311771557,
    -4.525530199151));
#530 = CARTESIAN_POINT('',(94.666666666667,12.933333333333,
    -0.416666666667));
#531 = CARTESIAN_POINT('',(117.33333333333,13.866666666667,
    3.166666666667));
#532 = CARTESIAN_POINT('',(140.,14.8,6.75));
#533 = CARTESIAN_POINT('',(0.,8.366666666667,-2.166666666667E-02));
#534 = CARTESIAN_POINT('',(10.666666666667,8.911111111111,-7.E-02));
#535 = CARTESIAN_POINT('',(31.495301297074,9.252077661336,
    2.025710826909E-02));
#536 = CARTESIAN_POINT('',(55.241048219206,12.884744047801,
    -0.706232801099));
#537 = CARTESIAN_POINT('',(68.675715949556,14.197673212157,
    -1.714648268531));
#538 = CARTESIAN_POINT('',(94.666666666667,15.258333333333,
    1.266666666667));
#539 = CARTESIAN_POINT('',(117.33333333333,15.8,4.077777777778));
#540 = CARTESIAN_POINT('',(140.,16.533333333333,6.783333333333));
#541 = CARTESIAN_POINT('',(0.,8.4,-2.E-02));
#542 = CARTESIAN_POINT('',(10.666666666667,9.1,-1.333333333333E-02));
#543 = CARTESIAN_POINT('',(31.495301292007,9.784278273088,
    -0.200079591663));
#544 = CARTESIAN_POINT('',(55.24104822318,13.630631301338,0.484359316365
    ));
#545 = CARTESIAN_POINT('',(68.675715949556,15.407115592708,
    -0.332428405044));
#546 = CARTESIAN_POINT('',(94.666666666667,16.133333333333,
    2.266666666667));
#547 = CARTESIAN_POINT('',(117.33333333333,16.766666666667,
    4.533333333333));
#548 = CARTESIAN_POINT('',(140.,17.4,6.8));
#549 = DEFINITIONAL_REPRESENTATION('',(#550),#554);
#550 = LINE('',#551,#552);
#551 = CARTESIAN_POINT('',(1.,0.));
#552 = VECTOR('',#553,1.);
#553 = DIRECTION('',(0.,1.));
#554 = ( GEOMETRIC_REPRESENTATION_CONTEXT(2) 
PARAMETRIC_REPRESENTATION_CONTEXT() REPRESENTATION_CONTEXT('2D SPACE',''
  ) );
#555 = ORIENTED_EDGE('',*,*,#556,.T.);
#556 = EDGE_CURVE('',#486,#22,#557,.T.);
#557 = SURFACE_CURVE('',#558,(#564,#571),.PCURVE_S1.);
#558 = B_SPLINE_CURVE_WITH_KNOTS('',3,(#559,#560,#561,#562,#563),
  .UNSPECIFIED.,.F.,.F.,(4,1,4),(0.,0.5,1.),.QUASI_UNIFORM_KNOTS.);
#559 = CARTESIAN_POINT('',(0.,8.4,-2.E-02));
#560 = CARTESIAN_POINT('',(0.,8.416666666667,-1.666666666667E-02));
#561 = CARTESIAN_POINT('',(0.,8.45,-1.E-02));
#562 = CARTESIAN_POINT('',(0.,8.483333333333,-3.333333333333E-03));
#563 = CARTESIAN_POINT('',(0.,8.5,0.));
#564 = PCURVE('',#85,#565);
#565 = DEFINITIONAL_REPRESENTATION('',(#566),#570);
#566 = LINE('',#567,#568);
#567 = CARTESIAN_POINT('',(0.,0.));
#568 = VECTOR('',#569,1.);
#569 = DIRECTION('',(1.,0.));
#570 = ( GEOMETRIC_REPRESENTATION_CONTEXT(2) 
PARAMETRIC_REPRESENTATION_CONTEXT() REPRESENTATION_CONTEXT('2D SPACE',''
  ) );
#571 = PCURVE('',#151,#572);
#572 = DEFINITIONAL_REPRESENTATION('',(#573),#579);
#573 = B_SPLINE_CURVE_WITH_KNOTS('',3,(#574,#575,#576,#577,#578),
  .UNSPECIFIED.,.F.,.F.,(4,1,4),(0.,0.5,1.),.QUASI_UNIFORM_KNOTS.);
#574 = CARTESIAN_POINT('',(9.998821799512E-02,2.005882005903E-02));
#575 = CARTESIAN_POINT('',(8.332351499593E-02,1.671568338252E-02));
#576 = CARTESIAN_POINT('',(4.999410899756E-02,1.002941002951E-02));
#577 = CARTESIAN_POINT('',(1.666470299918E-02,3.343136676505E-03));
#578 = CARTESIAN_POINT('',(0.,0.));
#579 = ( GEOMETRIC_REPRESENTATION_CONTEXT(2) 
PARAMETRIC_REPRESENTATION_CONTEXT() REPRESENTATION_CONTEXT('2D SPACE',''
  ) );
#580 = ORIENTED_EDGE('',*,*,#21,.T.);
#581 = ORIENTED_EDGE('',*,*,#582,.F.);
#582 = EDGE_CURVE('',#583,#24,#585,.T.);
#583 = VERTEX_POINT('',#584);
#584 = CARTESIAN_POINT('',(106.75853868266,16.6048767904,3.7902464192));
#585 = SURFACE_CURVE('',#586,(#619,#655),.PCURVE_S1.);
#586 = B_SPLINE_CURVE_WITH_KNOTS('',6,(#587,#588,#589,#590,#591,#592,
    #593,#594,#595,#596,#597,#598,#599,#600,#601,#602,#603,#604,#605,
    #606,#607,#608,#609,#610,#611,#612,#613,#614,#615,#616,#617,#618),
  .UNSPECIFIED.,.F.,.F.,(7,5,5,5,5,5,7),(0.,7.930591497814E-02,
    0.184320677804,0.3417534222,0.553256620002,0.762708020635,1.),
  .UNSPECIFIED.);
#587 = CARTESIAN_POINT('',(106.75853868266,16.6048767904,3.7902464192));
#588 = CARTESIAN_POINT('',(106.63157640593,16.619249441244,
    3.819978419438));
#589 = CARTESIAN_POINT('',(106.50380578963,16.63329477029,3.8489673148)
  );
#590 = CARTESIAN_POINT('',(106.37539551163,16.647064555883,
    3.877319557222));
#591 = CARTESIAN_POINT('',(106.24646378612,16.66059575444,3.905109416254
    ));
#592 = CARTESIAN_POINT('',(106.11709112453,16.67391654295,3.932392170452
    ));
#593 = CARTESIAN_POINT('',(105.815510933,16.704446337396,3.994738146483)
  );
#594 = CARTESIAN_POINT('',(105.64302247709,16.721514847258,
    4.029454234315));
#595 = CARTESIAN_POINT('',(105.47000025572,16.738313632137,
    4.063473269318));
#596 = CARTESIAN_POINT('',(105.29653789252,16.754883061309,
    4.096870479202));
#597 = CARTESIAN_POINT('',(105.12269990105,16.771254082431,
    4.129701428648));
#598 = CARTESIAN_POINT('',(104.68742707454,16.811740433897,
    4.210457262711));
#599 = CARTESIAN_POINT('',(104.42558990441,16.8356411321,4.257733656801)
  );
#600 = CARTESIAN_POINT('',(104.16317514654,16.859245695346,
    4.304001451435));
#601 = CARTESIAN_POINT('',(103.90028490678,16.882614020301,
    4.349358270849));
#602 = CARTESIAN_POINT('',(103.63699204832,16.905794704838,
    4.393881055197));
#603 = CARTESIAN_POINT('',(103.01914232019,16.959769719504,
    4.496403944472));
#604 = CARTESIAN_POINT('',(102.66430843352,16.990444322339,
    4.553780620883));
#605 = CARTESIAN_POINT('',(102.30896020998,17.0209443578,4.609901961714)
  );
#606 = CARTESIAN_POINT('',(101.95318073484,17.051336223547,
    4.664863167755));
#607 = CARTESIAN_POINT('',(101.5970267698,17.081668891072,4.718732427699
    ));
#608 = CARTESIAN_POINT('',(100.88750880687,17.142004175935,
    4.823896472853));
#609 = CARTESIAN_POINT('',(100.53415397374,17.172006622229,4.87521014654
    ));
#610 = CARTESIAN_POINT('',(100.18051521697,17.202029430187,
    4.925567852737));
#611 = CARTESIAN_POINT('',(99.826624379134,17.232101196398,
    4.975013787534));
#612 = CARTESIAN_POINT('',(99.472506181247,17.262243300415,
    5.023585140471));
#613 = CARTESIAN_POINT('',(98.716756947557,17.326719917679,
    5.125393147784));
#614 = CARTESIAN_POINT('',(98.315067906739,17.361079023284,
    5.178391547714));
#615 = CARTESIAN_POINT('',(97.913142177255,17.39557380931,5.230361836574
    ));
#616 = CARTESIAN_POINT('',(97.511003391958,17.430219985493,5.28134871167
    ));
#617 = CARTESIAN_POINT('',(97.108670950972,17.465027000394,
    5.331394333208));
#618 = CARTESIAN_POINT('',(96.706161137441,17.5,5.380540841929));
#619 = PCURVE('',#85,#620);
#620 = DEFINITIONAL_REPRESENTATION('',(#621),#654);
#621 = B_SPLINE_CURVE_WITH_KNOTS('',6,(#622,#623,#624,#625,#626,#627,
    #628,#629,#630,#631,#632,#633,#634,#635,#636,#637,#638,#639,#640,
    #641,#642,#643,#644,#645,#646,#647,#648,#649,#650,#651,#652,#653),
  .UNSPECIFIED.,.F.,.F.,(7,5,5,5,5,5,7),(0.,7.930591497814E-02,
    0.184320677804,0.3417534222,0.553256620002,0.762708020635,1.),
  .UNSPECIFIED.);
#622 = CARTESIAN_POINT('',(0.126026863822,0.762469134947));
#623 = CARTESIAN_POINT('',(0.142726129885,0.761561910709));
#624 = CARTESIAN_POINT('',(0.159062824503,0.760648910383));
#625 = CARTESIAN_POINT('',(0.175077495782,0.759731339277));
#626 = CARTESIAN_POINT('',(0.190799138237,0.758810042105));
#627 = CARTESIAN_POINT('',(0.206250117148,0.757885594172));
#628 = CARTESIAN_POINT('',(0.241579708836,0.755730616594));
#629 = CARTESIAN_POINT('',(0.261268697719,0.75449807956));
#630 = CARTESIAN_POINT('',(0.280562987995,0.753261728441));
#631 = CARTESIAN_POINT('',(0.29949510224,0.752022232235));
#632 = CARTESIAN_POINT('',(0.318090114047,0.750780051932));
#633 = CARTESIAN_POINT('',(0.363775707809,0.747669757531));
#634 = CARTESIAN_POINT('',(0.390472472336,0.745798768499));
#635 = CARTESIAN_POINT('',(0.416534163278,0.743923652244));
#636 = CARTESIAN_POINT('',(0.44200983674,0.742045138377));
#637 = CARTESIAN_POINT('',(0.466939993814,0.740163747549));
#638 = CARTESIAN_POINT('',(0.524162400922,0.73574882791));
#639 = CARTESIAN_POINT('',(0.5560420524,0.733213319641));
#640 = CARTESIAN_POINT('',(0.587076399678,0.730674136115));
#641 = CARTESIAN_POINT('',(0.617324042993,0.72813187103));
#642 = CARTESIAN_POINT('',(0.646830978681,0.725586929982));
#643 = CARTESIAN_POINT('',(0.704167099912,0.720516983932));
#644 = CARTESIAN_POINT('',(0.732009308179,0.717992044418));
#645 = CARTESIAN_POINT('',(0.759204412299,0.715465076093));
#646 = CARTESIAN_POINT('',(0.785784977543,0.712936306493));
#647 = CARTESIAN_POINT('',(0.811779236658,0.710405912264));
#648 = CARTESIAN_POINT('',(0.866027791451,0.705005615101));
#649 = CARTESIAN_POINT('',(0.894123124377,0.702135297685));
#650 = CARTESIAN_POINT('',(0.921536473878,0.699263288982));
#651 = CARTESIAN_POINT('',(0.948300805203,0.696389757863));
#652 = CARTESIAN_POINT('',(0.974445980891,0.693514842954));
#653 = CARTESIAN_POINT('',(1.,0.690638660607));
#654 = ( GEOMETRIC_REPRESENTATION_CONTEXT(2) 
PARAMETRIC_REPRESENTATION_CONTEXT() REPRESENTATION_CONTEXT('2D SPACE',''
  ) );
#655 = PCURVE('',#656,#677);
#656 = B_SPLINE_SURFACE_WITH_KNOTS('',3,3,(
    (#657,#658,#659,#660)
    ,(#661,#662,#663,#664)
    ,(#665,#666,#667,#668)
    ,(#669,#670,#671,#672)
    ,(#673,#674,#675,#676
    )),.UNSPECIFIED.,.F.,.F.,.F.,(4,1,4),(4,4),(0.,0.5,1.),(0.,1.),
  .UNSPECIFIED.);
#657 = CARTESIAN_POINT('',(94.6,17.5,6.));
#658 = CARTESIAN_POINT('',(98.,17.5,5.));
#659 = CARTESIAN_POINT('',(101.4,17.5,4.));
#660 = CARTESIAN_POINT('',(104.8,17.5,3.));
#661 = CARTESIAN_POINT('',(96.933333333333,17.166666666667,6.));
#662 = CARTESIAN_POINT('',(99.627777777778,17.25,5.));
#663 = CARTESIAN_POINT('',(102.32222222222,17.333333333333,4.));
#664 = CARTESIAN_POINT('',(105.01666666666,17.416666666667,3.));
#665 = CARTESIAN_POINT('',(101.6,16.5,6.));
#666 = CARTESIAN_POINT('',(102.88333333824,16.750000000958,4.99999999617
    ));
#667 = CARTESIAN_POINT('',(104.16666666175,16.999999999042,4.00000000383
    ));
#668 = CARTESIAN_POINT('',(105.45,17.25,3.));
#669 = CARTESIAN_POINT('',(106.26666666666,15.833333333333,6.));
#670 = CARTESIAN_POINT('',(106.13888888888,16.25,5.));
#671 = CARTESIAN_POINT('',(106.01111111111,16.666666666667,4.));
#672 = CARTESIAN_POINT('',(105.88333333333,17.083333333333,3.));
#673 = CARTESIAN_POINT('',(108.6,15.5,6.));
#674 = CARTESIAN_POINT('',(107.76666666666,16.,5.));
#675 = CARTESIAN_POINT('',(106.93333333333,16.5,4.));
#676 = CARTESIAN_POINT('',(106.1,17.,3.));
#677 = DEFINITIONAL_REPRESENTATION('',(#678),#711);
#678 = B_SPLINE_CURVE_WITH_KNOTS('',6,(#679,#680,#681,#682,#683,#684,
    #685,#686,#687,#688,#689,#690,#691,#692,#693,#694,#695,#696,#697,
    #698,#699,#700,#701,#702,#703,#704,#705,#706,#707,#708,#709,#710),
  .UNSPECIFIED.,.F.,.F.,(7,5,5,5,5,5,7),(0.,7.930591497814E-02,
    0.184320677804,0.3417534222,0.553256620002,0.762708020635,1.),
  .UNSPECIFIED.);
#679 = CARTESIAN_POINT('',(1.,0.736584526933));
#680 = CARTESIAN_POINT('',(0.967335806401,0.726673860187));
#681 = CARTESIAN_POINT('',(0.936753278951,0.717010895072));
#682 = CARTESIAN_POINT('',(0.907922075225,0.707560147606));
#683 = CARTESIAN_POINT('',(0.880609140122,0.698296861271));
#684 = CARTESIAN_POINT('',(0.854641624643,0.689202609881));
#685 = CARTESIAN_POINT('',(0.797068311021,0.668420617891));
#686 = CARTESIAN_POINT('',(0.76636616572,0.656848588624));
#687 = CARTESIAN_POINT('',(0.737432457897,0.645508910298));
#688 = CARTESIAN_POINT('',(0.71003155424,0.634376507008));
#689 = CARTESIAN_POINT('',(0.683987730782,0.623432857195));
#690 = CARTESIAN_POINT('',(0.621914508604,0.596514245841));
#691 = CARTESIAN_POINT('',(0.587393435457,0.580755447805));
#692 = CARTESIAN_POINT('',(0.555093078856,0.565332849583));
#693 = CARTESIAN_POINT('',(0.524692591058,0.550213909765));
#694 = CARTESIAN_POINT('',(0.495937680581,0.535372981635));
#695 = CARTESIAN_POINT('',(0.431943401183,0.501198685177));
#696 = CARTESIAN_POINT('',(0.397866656704,0.482073126355));
#697 = CARTESIAN_POINT('',(0.365924167325,0.46336601273));
#698 = CARTESIAN_POINT('',(0.335785614349,0.445045610707));
#699 = CARTESIAN_POINT('',(0.307211260775,0.42708919072));
#700 = CARTESIAN_POINT('',(0.25304812358,0.392034508997));
#701 = CARTESIAN_POINT('',(0.227434815848,0.374929951103));
#702 = CARTESIAN_POINT('',(0.202967582321,0.358144049041));
#703 = CARTESIAN_POINT('',(0.179501800141,0.341662070781));
#704 = CARTESIAN_POINT('',(0.156924226467,0.325471619808));
#705 = CARTESIAN_POINT('',(0.110458311485,0.291535617401));
#706 = CARTESIAN_POINT('',(8.679492060157E-02,0.273869484046));
#707 = CARTESIAN_POINT('',(6.401227032748E-02,0.256546054485));
#708 = CARTESIAN_POINT('',(4.200515159235E-02,0.23955042948));
#709 = CARTESIAN_POINT('',(2.069081110008E-02,0.222868555537));
#710 = CARTESIAN_POINT('',(4.201289167321E-11,0.206486386057));
#711 = ( GEOMETRIC_REPRESENTATION_CONTEXT(2) 
PARAMETRIC_REPRESENTATION_CONTEXT() REPRESENTATION_CONTEXT('2D SPACE',''
  ) );
#712 = ORIENTED_EDGE('',*,*,#713,.F.);
#713 = EDGE_CURVE('',#714,#583,#716,.T.);
#714 = VERTEX_POINT('',#715);
#715 = CARTESIAN_POINT('',(131.29920055572,17.5,7.473565074334));
#716 = SURFACE_CURVE('',#717,(#760,#806),.PCURVE_S1.);
#717 = B_SPLINE_CURVE_WITH_KNOTS('',5,(#718,#719,#720,#721,#722,#723,
    #724,#725,#726,#727,#728,#729,#730,#731,#732,#733,#734,#735,#736,
    #737,#738,#739,#740,#741,#742,#743,#744,#745,#746,#747,#748,#749,
    #750,#751,#752,#753,#754,#755,#756,#757,#758,#759),.UNSPECIFIED.,.F.
  ,.F.,(6,4,4,4,4,4,4,4,4,4,6),(0.,8.804634470636E-02,0.191127889428,
    0.313587543241,0.460858957035,0.609962518177,0.729131031811,
    0.826350672597,0.906132535872,0.955154970405,1.),.UNSPECIFIED.);
#718 = CARTESIAN_POINT('',(131.29920057486,17.5,7.473565076799));
#719 = CARTESIAN_POINT('',(130.86795789571,17.490001466641,7.40332017926
    ));
#720 = CARTESIAN_POINT('',(130.4365517433,17.479549351197,7.333665770818
    ));
#721 = CARTESIAN_POINT('',(130.00500453355,17.468684318476,7.26454159706
    ));
#722 = CARTESIAN_POINT('',(129.57333456934,17.457440527333,
    7.195896369796));
#723 = CARTESIAN_POINT('',(128.63604501484,17.432270721872,
    7.047831571258));
#724 = CARTESIAN_POINT('',(128.13038561969,17.418215065968,6.96857311069
    ));
#725 = CARTESIAN_POINT('',(127.62460072636,17.403723011358,
    6.889844537702));
#726 = CARTESIAN_POINT('',(127.11870894007,17.388830688004,6.81158903549
    ));
#727 = CARTESIAN_POINT('',(126.01162119437,17.355431733198,
    6.641301848511));
#728 = CARTESIAN_POINT('',(125.41038771407,17.336772705126,
    6.549444746714));
#729 = CARTESIAN_POINT('',(124.80904832046,17.317635781098,
    6.458112756729));
#730 = CARTESIAN_POINT('',(124.2076230513,17.298057537371,6.367241813749
    ));
#731 = CARTESIAN_POINT('',(122.88276260342,17.254020126314,
    6.167990820423));
#732 = CARTESIAN_POINT('',(122.15929697624,17.229376749826,
    6.059791748723));
#733 = CARTESIAN_POINT('',(121.43575862294,17.204180182092,
    5.952094049374));
#734 = CARTESIAN_POINT('',(120.71217271713,17.178463241606,
    5.844820232038));
#735 = CARTESIAN_POINT('',(119.25594899356,17.125701726731,
    5.629658628411));
#736 = CARTESIAN_POINT('',(118.52331119668,17.09864509303,5.521778876318
    ));
#737 = CARTESIAN_POINT('',(117.79067265554,17.071096930331,
    5.414194128337));
#738 = CARTESIAN_POINT('',(117.05805888178,17.043067879795,
    5.306839605907));
#739 = CARTESIAN_POINT('',(115.7400159837,16.991772314241,5.113968901687
    ));
#740 = CARTESIAN_POINT('',(115.15456711404,16.96867942549,5.028395551035
    ));
#741 = CARTESIAN_POINT('',(114.56916990974,16.945279461173,
    4.942886595177));
#742 = CARTESIAN_POINT('',(113.98384408935,16.921568256006,
    4.857402933888));
#743 = CARTESIAN_POINT('',(112.92117849495,16.877927997175,4.70213648329
    ));
#744 = CARTESIAN_POINT('',(112.4438061741,16.858106722259,4.632361831409
    ));
#745 = CARTESIAN_POINT('',(111.96651433769,16.838064896772,
    4.562544007438));
#746 = CARTESIAN_POINT('',(111.48932270391,16.817793613061,
    4.492651892748));
#747 = CARTESIAN_POINT('',(110.62076543143,16.780441724993,
    4.365190781557));
#748 = CARTESIAN_POINT('',(110.22935815956,16.763441015396,
    4.307660087442));
#749 = CARTESIAN_POINT('',(109.83805388314,16.74626708042,4.250026625657
    ));
#750 = CARTESIAN_POINT('',(109.44687470425,16.728908858909,
    4.192261869069));
#751 = CARTESIAN_POINT('',(108.81558907047,16.700558901018,
    4.098724293318));
#752 = CARTESIAN_POINT('',(108.57538427868,16.689692737603,
    4.063058884744));
#753 = CARTESIAN_POINT('',(108.33524721471,16.678746370197,
    4.027318805729));
#754 = CARTESIAN_POINT('',(108.09518859735,16.667714495986,
    3.991492005421));
#755 = CARTESIAN_POINT('',(107.63570452474,16.646414301483,
    3.922696974469));
#756 = CARTESIAN_POINT('',(107.41626448429,16.636160860126,
    3.889744977715));
#757 = CARTESIAN_POINT('',(107.19691241899,16.625825099675,
    3.856696578292));
#758 = CARTESIAN_POINT('',(106.97766367041,16.615400052705,
    3.823536723831));
#759 = CARTESIAN_POINT('',(106.75853868266,16.6048767904,3.7902464192));
#760 = PCURVE('',#85,#761);
#761 = DEFINITIONAL_REPRESENTATION('',(#762),#805);
#762 = B_SPLINE_CURVE_WITH_KNOTS('',5,(#763,#764,#765,#766,#767,#768,
    #769,#770,#771,#772,#773,#774,#775,#776,#777,#778,#779,#780,#781,
    #782,#783,#784,#785,#786,#787,#788,#789,#790,#791,#792,#793,#794,
    #795,#796,#797,#798,#799,#800,#801,#802,#803,#804),.UNSPECIFIED.,.F.
  ,.F.,(6,4,4,4,4,4,4,4,4,4,6),(0.,8.804634470636E-02,0.191127889428,
    0.313587543241,0.460858957035,0.609962518177,0.729131031811,
    0.826350672597,0.906132535872,0.955154970405,1.),.UNSPECIFIED.);
#763 = CARTESIAN_POINT('',(1.,0.937827389886));
#764 = CARTESIAN_POINT('',(0.971336447519,0.934745893388));
#765 = CARTESIAN_POINT('',(0.943853836746,0.931663228773));
#766 = CARTESIAN_POINT('',(0.917450698132,0.928579556215));
#767 = CARTESIAN_POINT('',(0.892039980142,0.9254950065));
#768 = CARTESIAN_POINT('',(0.838875955765,0.918797491113));
#769 = CARTESIAN_POINT('',(0.811462402583,0.915184241009));
#770 = CARTESIAN_POINT('',(0.785191750559,0.911570094143));
#771 = CARTESIAN_POINT('',(0.759964996689,0.90795518346));
#772 = CARTESIAN_POINT('',(0.706875194803,0.900044354649));
#773 = CARTESIAN_POINT('',(0.679406363585,0.89574816841));
#774 = CARTESIAN_POINT('',(0.653157686606,0.891451225355));
#775 = CARTESIAN_POINT('',(0.628014225188,0.887153668665));
#776 = CARTESIAN_POINT('',(0.574861882115,0.877686718784));
#777 = CARTESIAN_POINT('',(0.547302204054,0.87251710802));
#778 = CARTESIAN_POINT('',(0.521041153563,0.867346977582));
#779 = CARTESIAN_POINT('',(0.495942193621,0.862176507351));
#780 = CARTESIAN_POINT('',(0.447547893673,0.851770885364));
#781 = CARTESIAN_POINT('',(0.424277690827,0.846535733756));
#782 = CARTESIAN_POINT('',(0.401966121691,0.84130057683));
#783 = CARTESIAN_POINT('',(0.380514713675,0.836065596883));
#784 = CARTESIAN_POINT('',(0.343304060733,0.826647362625));
#785 = CARTESIAN_POINT('',(0.327266696192,0.822463967222));
#786 = CARTESIAN_POINT('',(0.311675168542,0.818280941));
#787 = CARTESIAN_POINT('',(0.29648710128,0.814098424861));
#788 = CARTESIAN_POINT('',(0.269562942031,0.806505019881));
#789 = CARTESIAN_POINT('',(0.257706303108,0.803093898474));
#790 = CARTESIAN_POINT('',(0.246066159562,0.799683352177));
#791 = CARTESIAN_POINT('',(0.234618995496,0.796273521891));
#792 = CARTESIAN_POINT('',(0.21408042546,0.790067141301));
#793 = CARTESIAN_POINT('',(0.204934772862,0.787270293504));
#794 = CARTESIAN_POINT('',(0.195886080576,0.784474181672));
#795 = CARTESIAN_POINT('',(0.186918113884,0.781678963741));
#796 = CARTESIAN_POINT('',(0.172536393017,0.77716803622));
#797 = CARTESIAN_POINT('',(0.167085312344,0.775451623953));
#798 = CARTESIAN_POINT('',(0.161652064043,0.773735695643));
#799 = CARTESIAN_POINT('',(0.156230892473,0.772020327883));
#800 = CARTESIAN_POINT('',(0.145860618446,0.768737029107));
#801 = CARTESIAN_POINT('',(0.140910515869,0.767168993871));
#802 = CARTESIAN_POINT('',(0.135959577662,0.765601587272));
#803 = CARTESIAN_POINT('',(0.131001115633,0.764034918936));
#804 = CARTESIAN_POINT('',(0.126026863822,0.762469134947));
#805 = ( GEOMETRIC_REPRESENTATION_CONTEXT(2) 
PARAMETRIC_REPRESENTATION_CONTEXT() REPRESENTATION_CONTEXT('2D SPACE',''
  ) );
#806 = PCURVE('',#807,#828);
#807 = B_SPLINE_SURFACE_WITH_KNOTS('',3,3,(
    (#808,#809,#810,#811)
    ,(#812,#813,#814,#815)
    ,(#816,#817,#818,#819)
    ,(#820,#821,#822,#823)
    ,(#824,#825,#826,#827
    )),.UNSPECIFIED.,.F.,.F.,.F.,(4,1,4),(4,4),(0.,0.5,1.),(0.,1.),
  .UNSPECIFIED.);
#808 = CARTESIAN_POINT('',(108.6,15.5,6.));
#809 = CARTESIAN_POINT('',(107.76666666666,16.,5.));
#810 = CARTESIAN_POINT('',(106.93333333333,16.5,4.));
#811 = CARTESIAN_POINT('',(106.1,17.,3.));
#812 = CARTESIAN_POINT('',(113.16666666666,15.833333333333,6.4));
#813 = CARTESIAN_POINT('',(110.95,16.25,5.266666666667));
#814 = CARTESIAN_POINT('',(108.73333333333,16.666666666667,
    4.133333333333));
#815 = CARTESIAN_POINT('',(106.51666666666,17.083333333333,3.));
#816 = CARTESIAN_POINT('',(122.3,16.5,7.2));
#817 = CARTESIAN_POINT('',(117.31666666253,16.750000000207,
    5.799999998838));
#818 = CARTESIAN_POINT('',(112.33333333746,16.999999999793,
    4.400000001162));
#819 = CARTESIAN_POINT('',(107.35,17.25,3.));
#820 = CARTESIAN_POINT('',(131.43333333333,17.166666666667,8.));
#821 = CARTESIAN_POINT('',(123.68333333333,17.25,6.333333333333));
#822 = CARTESIAN_POINT('',(115.93333333333,17.333333333333,
    4.666666666667));
#823 = CARTESIAN_POINT('',(108.18333333333,17.416666666667,3.));
#824 = CARTESIAN_POINT('',(136.,17.5,8.4));
#825 = CARTESIAN_POINT('',(126.86666666666,17.5,6.6));
#826 = CARTESIAN_POINT('',(117.73333333333,17.5,4.8));
#827 = CARTESIAN_POINT('',(108.6,17.5,3.));
#828 = DEFINITIONAL_REPRESENTATION('',(#829),#872);
#829 = B_SPLINE_CURVE_WITH_KNOTS('',5,(#830,#831,#832,#833,#834,#835,
    #836,#837,#838,#839,#840,#841,#842,#843,#844,#845,#846,#847,#848,
    #849,#850,#851,#852,#853,#854,#855,#856,#857,#858,#859,#860,#861,
    #862,#863,#864,#865,#866,#867,#868,#869,#870,#871),.UNSPECIFIED.,.F.
  ,.F.,(6,4,4,4,4,4,4,4,4,4,6),(0.,8.804634470636E-02,0.191127889428,
    0.313587543241,0.460858957035,0.609962518177,0.729131031811,
    0.826350672597,0.906132535872,0.955154970405,1.),.UNSPECIFIED.);
#830 = CARTESIAN_POINT('',(0.999999999988,0.171562022838));
#831 = CARTESIAN_POINT('',(0.994262494379,0.182457809576));
#832 = CARTESIAN_POINT('',(0.988130105468,0.193168353103));
#833 = CARTESIAN_POINT('',(0.981612453655,0.203715435124));
#834 = CARTESIAN_POINT('',(0.974715958495,0.214117723533));
#835 = CARTESIAN_POINT('',(0.958929897239,0.236418086285));
#836 = CARTESIAN_POINT('',(0.949901160414,0.248268530837));
#837 = CARTESIAN_POINT('',(0.940362801152,0.25996704436));
#838 = CARTESIAN_POINT('',(0.930314553889,0.271534892999));
#839 = CARTESIAN_POINT('',(0.907201019155,0.296597798012));
#840 = CARTESIAN_POINT('',(0.893923648801,0.310046789338));
#841 = CARTESIAN_POINT('',(0.879909295551,0.323366121586));
#842 = CARTESIAN_POINT('',(0.865137918221,0.336581465081));
#843 = CARTESIAN_POINT('',(0.830867255989,0.365508810528));
#844 = CARTESIAN_POINT('',(0.811015466522,0.381184940322));
#845 = CARTESIAN_POINT('',(0.789971566892,0.396780923781));
#846 = CARTESIAN_POINT('',(0.767655122431,0.412332751211));
#847 = CARTESIAN_POINT('',(0.719963929521,0.443609813093));
#848 = CARTESIAN_POINT('',(0.694553830831,0.459335223673));
#849 = CARTESIAN_POINT('',(0.66760916869,0.475087708374));
#850 = CARTESIAN_POINT('',(0.638978312212,0.490904879997));
#851 = CARTESIAN_POINT('',(0.584024849622,0.519564244707));
#852 = CARTESIAN_POINT('',(0.558392911695,0.532366148227));
#853 = CARTESIAN_POINT('',(0.531422820952,0.545263386294));
#854 = CARTESIAN_POINT('',(0.502968982031,0.558283535215));
#855 = CARTESIAN_POINT('',(0.448221068083,0.582216936632));
#856 = CARTESIAN_POINT('',(0.422494544672,0.593076534919));
#857 = CARTESIAN_POINT('',(0.395521346001,0.604063472351));
#858 = CARTESIAN_POINT('',(0.367156035991,0.615202418418));
#859 = CARTESIAN_POINT('',(0.31258777549,0.635823288544));
#860 = CARTESIAN_POINT('',(0.286909663768,0.645244038198));
#861 = CARTESIAN_POINT('',(0.260028814605,0.654810676188));
#862 = CARTESIAN_POINT('',(0.23179548378,0.664547392266));
#863 = CARTESIAN_POINT('',(0.183666204571,0.680599441612));
#864 = CARTESIAN_POINT('',(0.16475167227,0.686786695861));
#865 = CARTESIAN_POINT('',(0.145189794951,0.693059916789));
#866 = CARTESIAN_POINT('',(0.124913450954,0.699429708782));
#867 = CARTESIAN_POINT('',(8.456039093384E-02,0.711836591698));
#868 = CARTESIAN_POINT('',(6.461186893204E-02,0.717856093213));
#869 = CARTESIAN_POINT('',(4.393071784321E-02,0.723977593873));
#870 = CARTESIAN_POINT('',(2.243030070448E-02,0.73021465184));
#871 = CARTESIAN_POINT('',(1.105402047861E-15,0.736584526933));
#872 = ( GEOMETRIC_REPRESENTATION_CONTEXT(2) 
PARAMETRIC_REPRESENTATION_CONTEXT() REPRESENTATION_CONTEXT('2D SPACE',''
  ) );
#873 = ORIENTED_EDGE('',*,*,#874,.T.);
#874 = EDGE_CURVE('',#714,#875,#877,.T.);
#875 = VERTEX_POINT('',#876);
#876 = CARTESIAN_POINT('',(140.,17.5,8.));
#877 = SURFACE_CURVE('',#878,(#887,#894),.PCURVE_S1.);
#878 = B_SPLINE_CURVE_WITH_KNOTS('',3,(#879,#880,#881,#882,#883,#884,
    #885,#886),.UNSPECIFIED.,.F.,.F.,(4,1,1,2,4),(0.,0.227836592573,
    0.442835594821,0.514097810881,1.),.UNSPECIFIED.);
#879 = CARTESIAN_POINT('',(0.,8.5,0.));
#880 = CARTESIAN_POINT('',(10.666666666667,9.833333333333,0.575661375661
    ));
#881 = CARTESIAN_POINT('',(31.495301292007,12.694615812178,
    1.686271744388));
#882 = CARTESIAN_POINT('',(55.24104822318,14.799028222266,3.012954569949
    ));
#883 = CARTESIAN_POINT('',(68.675715949556,17.5,3.684581133082));
#884 = CARTESIAN_POINT('',(94.666666666667,17.5,5.257142857143));
#885 = CARTESIAN_POINT('',(117.33333333333,17.5,6.628571428571));
#886 = CARTESIAN_POINT('',(140.,17.5,8.));
#887 = PCURVE('',#85,#888);
#888 = DEFINITIONAL_REPRESENTATION('',(#889),#893);
#889 = LINE('',#890,#891);
#890 = CARTESIAN_POINT('',(1.,0.));
#891 = VECTOR('',#892,1.);
#892 = DIRECTION('',(0.,1.));
#893 = ( GEOMETRIC_REPRESENTATION_CONTEXT(2) 
PARAMETRIC_REPRESENTATION_CONTEXT() REPRESENTATION_CONTEXT('2D SPACE',''
  ) );
#894 = PCURVE('',#895,#936);
#895 = B_SPLINE_SURFACE_WITH_KNOTS('',3,3,(
    (#896,#897,#898,#899,#900,#901,#902,#903)
    ,(#904,#905,#906,#907,#908,#909,#910,#911)
    ,(#912,#913,#914,#915,#916,#917,#918,#919)
    ,(#920,#921,#922,#923,#924,#925,#926,#927)
    ,(#928,#929,#930,#931,#932,#933,#934,#935
  )),.UNSPECIFIED.,.F.,.F.,.F.,(4,1,4),(4,1,1,2,4),(0.,0.5,1.),(0.,
    0.227836592573,0.442835594821,0.514097810881,1.),.UNSPECIFIED.);
#896 = CARTESIAN_POINT('',(0.,8.5,0.));
#897 = CARTESIAN_POINT('',(10.666666666667,9.833333333333,0.575661375661
    ));
#898 = CARTESIAN_POINT('',(31.495301292007,12.694615812178,
    1.686271744388));
#899 = CARTESIAN_POINT('',(55.24104822318,14.799028222266,3.012954569949
    ));
#900 = CARTESIAN_POINT('',(68.675715949556,17.5,3.684581133082));
#901 = CARTESIAN_POINT('',(94.666666666667,17.5,5.257142857143));
#902 = CARTESIAN_POINT('',(117.33333333333,17.5,6.628571428571));
#903 = CARTESIAN_POINT('',(140.,17.5,8.));
#904 = CARTESIAN_POINT('',(0.,8.5,1.666666666667E-03));
#905 = CARTESIAN_POINT('',(10.666666666667,9.833333333333,0.613186948854
    ));
#906 = CARTESIAN_POINT('',(31.495301298045,12.694615806523,
    1.806290864302));
#907 = CARTESIAN_POINT('',(55.241048218444,14.799028226703,
    3.170994677434));
#908 = CARTESIAN_POINT('',(68.675715949556,17.5,3.93723117813));
#909 = CARTESIAN_POINT('',(94.666666666667,17.5,5.439928571429));
#910 = CARTESIAN_POINT('',(117.33333333333,17.5,7.043142857143));
#911 = CARTESIAN_POINT('',(140.,17.5,8.5));
#912 = CARTESIAN_POINT('',(0.,8.5,5.E-03));
#913 = CARTESIAN_POINT('',(10.666666666667,9.833333333333,0.688238095238
    ));
#914 = CARTESIAN_POINT('',(31.495301240935,12.694615863396,
    2.006393769775));
#915 = CARTESIAN_POINT('',(55.241048263242,14.799028182089,
    3.581000460578));
#916 = CARTESIAN_POINT('',(68.675715949556,17.5,4.378137232327));
#917 = CARTESIAN_POINT('',(94.666666666667,17.5,6.244571428571));
#918 = CARTESIAN_POINT('',(117.33333333333,17.5,7.872285714286));
#919 = CARTESIAN_POINT('',(140.,17.5,9.5));
#920 = CARTESIAN_POINT('',(0.,8.5,8.333333333333E-03));
#921 = CARTESIAN_POINT('',(10.666666666667,9.833333333333,0.763289241623
    ));
#922 = CARTESIAN_POINT('',(31.495301298045,12.694615806523,
    2.206496690509));
#923 = CARTESIAN_POINT('',(55.241048218444,14.799028226703,
    3.991006231751));
#924 = CARTESIAN_POINT('',(68.675715949556,17.5,4.819043286525));
#925 = CARTESIAN_POINT('',(94.666666666667,17.5,7.049214285714));
#926 = CARTESIAN_POINT('',(117.33333333333,17.5,8.701428571429));
#927 = CARTESIAN_POINT('',(140.,17.5,10.5));
#928 = CARTESIAN_POINT('',(0.,8.5,1.E-02));
#929 = CARTESIAN_POINT('',(10.666666666667,9.833333333333,0.800814814815
    ));
#930 = CARTESIAN_POINT('',(31.495301292007,12.694615812178,
    2.326515808854));
#931 = CARTESIAN_POINT('',(55.24104822318,14.799028222266,4.149046340467
    ));
#932 = CARTESIAN_POINT('',(68.675715949556,17.5,5.071693331572));
#933 = CARTESIAN_POINT('',(94.666666666667,17.5,7.232));
#934 = CARTESIAN_POINT('',(117.33333333333,17.5,9.116));
#935 = CARTESIAN_POINT('',(140.,17.5,11.));
#936 = DEFINITIONAL_REPRESENTATION('',(#937),#941);
#937 = LINE('',#938,#939);
#938 = CARTESIAN_POINT('',(0.,0.));
#939 = VECTOR('',#940,1.);
#940 = DIRECTION('',(0.,1.));
#941 = ( GEOMETRIC_REPRESENTATION_CONTEXT(2) 
PARAMETRIC_REPRESENTATION_CONTEXT() REPRESENTATION_CONTEXT('2D SPACE',''
  ) );
#942 = ORIENTED_EDGE('',*,*,#943,.F.);
#943 = EDGE_CURVE('',#488,#875,#944,.T.);
#944 = SURFACE_CURVE('',#945,(#951,#958),.PCURVE_S1.);
#945 = B_SPLINE_CURVE_WITH_KNOTS('',3,(#946,#947,#948,#949,#950),
  .UNSPECIFIED.,.F.,.F.,(4,1,4),(0.,0.5,1.),.QUASI_UNIFORM_KNOTS.);
#946 = CARTESIAN_POINT('',(140.,17.4,6.8));
#947 = CARTESIAN_POINT('',(140.,17.416666666667,7.));
#948 = CARTESIAN_POINT('',(140.,17.45,7.4));
#949 = CARTESIAN_POINT('',(140.,17.483333333333,7.8));
#950 = CARTESIAN_POINT('',(140.,17.5,8.));
#951 = PCURVE('',#85,#952);
#952 = DEFINITIONAL_REPRESENTATION('',(#953),#957);
#953 = LINE('',#954,#955);
#954 = CARTESIAN_POINT('',(0.,1.));
#955 = VECTOR('',#956,1.);
#956 = DIRECTION('',(1.,0.));
#957 = ( GEOMETRIC_REPRESENTATION_CONTEXT(2) 
PARAMETRIC_REPRESENTATION_CONTEXT() REPRESENTATION_CONTEXT('2D SPACE',''
  ) );
#958 = PCURVE('',#959,#964);
#959 = PLANE('',#960);
#960 = AXIS2_PLACEMENT_3D('',#961,#962,#963);
#961 = CARTESIAN_POINT('',(140.,17.5,8.));
#962 = DIRECTION('',(-1.,3.932431209186E-16,4.587836410717E-15));
#963 = DIRECTION('',(0.,-0.996346649042,8.540114134644E-02));
#964 = DEFINITIONAL_REPRESENTATION('',(#965),#971);
#965 = B_SPLINE_CURVE_WITH_KNOTS('',3,(#966,#967,#968,#969,#970),
  .UNSPECIFIED.,.F.,.F.,(4,1,4),(0.,0.5,1.),.QUASI_UNIFORM_KNOTS.);
#966 = CARTESIAN_POINT('',(-2.846704711548E-03,-1.204156092985));
#967 = CARTESIAN_POINT('',(-2.372253926289E-03,-1.003463410821));
#968 = CARTESIAN_POINT('',(-1.423352355776E-03,-0.602078046492));
#969 = CARTESIAN_POINT('',(-4.744507852621E-04,-0.200692682164));
#970 = CARTESIAN_POINT('',(0.,0.));
#971 = ( GEOMETRIC_REPRESENTATION_CONTEXT(2) 
PARAMETRIC_REPRESENTATION_CONTEXT() REPRESENTATION_CONTEXT('2D SPACE',''
  ) );
#972 = ADVANCED_FACE('',(#973),#423,.T.);
#973 = FACE_BOUND('',#974,.T.);
#974 = EDGE_LOOP('',(#975,#1026,#1027,#1064,#1177));
#975 = ORIENTED_EDGE('',*,*,#976,.F.);
#976 = EDGE_CURVE('',#24,#714,#977,.T.);
#977 = SURFACE_CURVE('',#978,(#987,#994),.PCURVE_S1.);
#978 = B_SPLINE_CURVE_WITH_KNOTS('',3,(#979,#980,#981,#982,#983,#984,
    #985,#986),.UNSPECIFIED.,.F.,.F.,(4,1,1,2,4),(0.,0.227836592573,
    0.442835594821,0.514097810881,1.),.UNSPECIFIED.);
#979 = CARTESIAN_POINT('',(0.,8.5,0.));
#980 = CARTESIAN_POINT('',(10.666666666667,9.833333333333,0.575661375661
    ));
#981 = CARTESIAN_POINT('',(31.495301292007,12.694615812178,
    1.686271744388));
#982 = CARTESIAN_POINT('',(55.24104822318,14.799028222266,3.012954569949
    ));
#983 = CARTESIAN_POINT('',(68.675715949556,17.5,3.684581133082));
#984 = CARTESIAN_POINT('',(94.666666666667,17.5,5.257142857143));
#985 = CARTESIAN_POINT('',(117.33333333333,17.5,6.628571428571));
#986 = CARTESIAN_POINT('',(140.,17.5,8.));
#987 = PCURVE('',#423,#988);
#988 = DEFINITIONAL_REPRESENTATION('',(#989),#993);
#989 = LINE('',#990,#991);
#990 = CARTESIAN_POINT('',(0.,0.));
#991 = VECTOR('',#992,1.);
#992 = DIRECTION('',(0.,1.));
#993 = ( GEOMETRIC_REPRESENTATION_CONTEXT(2) 
PARAMETRIC_REPRESENTATION_CONTEXT() REPRESENTATION_CONTEXT('2D SPACE',''
  ) );
#994 = PCURVE('',#995,#1016);
#995 = B_SPLINE_SURFACE_WITH_KNOTS('',3,3,(
    (#996,#997,#998,#999)
    ,(#1000,#1001,#1002,#1003)
    ,(#1004,#1005,#1006,#1007)
    ,(#1008,#1009,#1010,#1011)
    ,(#1012,#1013,#1014,#1015
  )),.UNSPECIFIED.,.F.,.F.,.F.,(4,1,4),(4,4),(0.,0.5,1.),(0.,1.),
  .UNSPECIFIED.);
#996 = CARTESIAN_POINT('',(136.,17.5,8.4));
#997 = CARTESIAN_POINT('',(126.86666666666,17.5,6.6));
#998 = CARTESIAN_POINT('',(117.73333333333,17.5,4.8));
#999 = CARTESIAN_POINT('',(108.6,17.5,3.));
#1000 = CARTESIAN_POINT('',(129.1,17.5,8.));
#1001 = CARTESIAN_POINT('',(122.05555555555,17.5,6.333333333333));
#1002 = CARTESIAN_POINT('',(115.01111111111,17.5,4.666666666667));
#1003 = CARTESIAN_POINT('',(107.96666666666,17.5,3.));
#1004 = CARTESIAN_POINT('',(115.3,17.5,7.2));
#1005 = CARTESIAN_POINT('',(112.43333332822,17.5,5.799999997504));
#1006 = CARTESIAN_POINT('',(109.56666667177,17.5,4.400000002496));
#1007 = CARTESIAN_POINT('',(106.7,17.5,3.));
#1008 = CARTESIAN_POINT('',(101.5,17.5,6.4));
#1009 = CARTESIAN_POINT('',(102.81111111111,17.5,5.266666666667));
#1010 = CARTESIAN_POINT('',(104.12222222222,17.5,4.133333333333));
#1011 = CARTESIAN_POINT('',(105.43333333333,17.5,3.));
#1012 = CARTESIAN_POINT('',(94.6,17.5,6.));
#1013 = CARTESIAN_POINT('',(98.,17.5,5.));
#1014 = CARTESIAN_POINT('',(101.4,17.5,4.));
#1015 = CARTESIAN_POINT('',(104.8,17.5,3.));
#1016 = DEFINITIONAL_REPRESENTATION('',(#1017),#1025);
#1017 = B_SPLINE_CURVE_WITH_KNOTS('',6,(#1018,#1019,#1020,#1021,#1022,
    #1023,#1024),.UNSPECIFIED.,.F.,.F.,(7,7),(0.690638661189,
    0.937827389749),.PIECEWISE_BEZIER_KNOTS.);
#1018 = CARTESIAN_POINT('',(0.999999997555,0.206486385935));
#1019 = CARTESIAN_POINT('',(0.826692880167,0.200224509892));
#1020 = CARTESIAN_POINT('',(0.656357079389,0.194160028955));
#1021 = CARTESIAN_POINT('',(0.488721580402,0.188274938616));
#1022 = CARTESIAN_POINT('',(0.32356885068,0.182554787784));
#1023 = CARTESIAN_POINT('',(0.16071447378,0.176987324609));
#1024 = CARTESIAN_POINT('',(5.357065829214E-10,0.171562022833));
#1025 = ( GEOMETRIC_REPRESENTATION_CONTEXT(2) 
PARAMETRIC_REPRESENTATION_CONTEXT() REPRESENTATION_CONTEXT('2D SPACE',''
  ) );
#1026 = ORIENTED_EDGE('',*,*,#397,.F.);
#1027 = ORIENTED_EDGE('',*,*,#1028,.F.);
#1028 = EDGE_CURVE('',#1029,#307,#1031,.T.);
#1029 = VERTEX_POINT('',#1030);
#1030 = CARTESIAN_POINT('',(126.50928174996,17.5,7.849813433997));
#1031 = SURFACE_CURVE('',#1032,(#1038,#1051),.PCURVE_S1.);
#1032 = B_SPLINE_CURVE_WITH_KNOTS('',3,(#1033,#1034,#1035,#1036,#1037),
  .UNSPECIFIED.,.F.,.F.,(4,1,4),(0.,0.5,1.),.QUASI_UNIFORM_KNOTS.);
#1033 = CARTESIAN_POINT('',(136.,17.5,8.4));
#1034 = CARTESIAN_POINT('',(129.1,17.5,8.));
#1035 = CARTESIAN_POINT('',(115.3,17.5,7.2));
#1036 = CARTESIAN_POINT('',(101.5,17.5,6.4));
#1037 = CARTESIAN_POINT('',(94.6,17.5,6.));
#1038 = PCURVE('',#423,#1039);
#1039 = DEFINITIONAL_REPRESENTATION('',(#1040),#1050);
#1040 = B_SPLINE_CURVE_WITH_KNOTS('',8,(#1041,#1042,#1043,#1044,#1045,
    #1046,#1047,#1048,#1049),.UNSPECIFIED.,.F.,.F.,(9,9),(0.229244402176
    ,1.),.PIECEWISE_BEZIER_KNOTS.);
#1041 = CARTESIAN_POINT('',(0.250043944326,0.903600448081));
#1042 = CARTESIAN_POINT('',(0.263607765864,0.87509899614));
#1043 = CARTESIAN_POINT('',(0.278415047016,0.846597544252));
#1044 = CARTESIAN_POINT('',(0.294385446237,0.818096092029));
#1045 = CARTESIAN_POINT('',(0.311407588233,0.78959464022));
#1046 = CARTESIAN_POINT('',(0.32933211568,0.761093188172));
#1047 = CARTESIAN_POINT('',(0.348109213153,0.732591736474));
#1048 = CARTESIAN_POINT('',(0.367819688223,0.704090284497));
#1049 = CARTESIAN_POINT('',(0.388930342555,0.675588832559));
#1050 = ( GEOMETRIC_REPRESENTATION_CONTEXT(2) 
PARAMETRIC_REPRESENTATION_CONTEXT() REPRESENTATION_CONTEXT('2D SPACE',''
  ) );
#1051 = PCURVE('',#336,#1052);
#1052 = DEFINITIONAL_REPRESENTATION('',(#1053),#1063);
#1053 = B_SPLINE_CURVE_WITH_KNOTS('',8,(#1054,#1055,#1056,#1057,#1058,
    #1059,#1060,#1061,#1062),.UNSPECIFIED.,.F.,.F.,(9,9),(0.229244402176
    ,1.),.PIECEWISE_BEZIER_KNOTS.);
#1054 = CARTESIAN_POINT('',(0.250043944326,0.903600448081));
#1055 = CARTESIAN_POINT('',(0.263607765864,0.87509899614));
#1056 = CARTESIAN_POINT('',(0.278415047016,0.846597544252));
#1057 = CARTESIAN_POINT('',(0.294385446237,0.818096092029));
#1058 = CARTESIAN_POINT('',(0.311407588233,0.78959464022));
#1059 = CARTESIAN_POINT('',(0.32933211568,0.761093188172));
#1060 = CARTESIAN_POINT('',(0.348109213153,0.732591736474));
#1061 = CARTESIAN_POINT('',(0.367819688223,0.704090284497));
#1062 = CARTESIAN_POINT('',(0.388930342555,0.675588832559));
#1063 = ( GEOMETRIC_REPRESENTATION_CONTEXT(2) 
PARAMETRIC_REPRESENTATION_CONTEXT() REPRESENTATION_CONTEXT('2D SPACE',''
  ) );
#1064 = ORIENTED_EDGE('',*,*,#1065,.T.);
#1065 = EDGE_CURVE('',#1029,#1066,#1068,.T.);
#1066 = VERTEX_POINT('',#1067);
#1067 = CARTESIAN_POINT('',(133.61470108301,17.5,7.929904585012));
#1068 = SURFACE_CURVE('',#1069,(#1096,#1126),.PCURVE_S1.);
#1069 = B_SPLINE_CURVE_WITH_KNOTS('',4,(#1070,#1071,#1072,#1073,#1074,
    #1075,#1076,#1077,#1078,#1079,#1080,#1081,#1082,#1083,#1084,#1085,
    #1086,#1087,#1088,#1089,#1090,#1091,#1092,#1093,#1094,#1095),
  .UNSPECIFIED.,.F.,.F.,(5,3,3,3,3,3,3,3,5),(0.,0.125207280817,
    0.250012544851,0.375215795376,0.500016909439,0.625215813102,
    0.750012522846,0.875207152682,1.),.UNSPECIFIED.);
#1070 = CARTESIAN_POINT('',(117.65416666666,17.5,7.75));
#1071 = CARTESIAN_POINT('',(118.34836887051,17.5,7.757824935606));
#1072 = CARTESIAN_POINT('',(119.04257500258,17.5,7.76564991549));
#1073 = CARTESIAN_POINT('',(119.73678482928,17.5,7.77347493702));
#1074 = CARTESIAN_POINT('',(121.1229828498,17.5,7.78909993819));
#1075 = CARTESIAN_POINT('',(121.81497101497,17.5,7.796899917508));
#1076 = CARTESIAN_POINT('',(122.50696281114,17.5,7.804699937754));
#1077 = CARTESIAN_POINT('',(123.89316053231,17.5,7.820324935551));
#1078 = CARTESIAN_POINT('',(124.58736647639,17.5,7.828149913316));
#1079 = CARTESIAN_POINT('',(125.28157626087,17.5,7.83597493437));
#1080 = CARTESIAN_POINT('',(126.66777401548,17.5,7.851599932543));
#1081 = CARTESIAN_POINT('',(127.35976195635,17.5,7.859399909333));
#1082 = CARTESIAN_POINT('',(128.05175393391,17.5,7.867199931624));
#1083 = CARTESIAN_POINT('',(129.43795172619,17.5,7.882824930222));
#1084 = CARTESIAN_POINT('',(130.13215756457,17.5,7.890649906796));
#1085 = CARTESIAN_POINT('',(130.82636756474,17.5,7.898474930281));
#1086 = CARTESIAN_POINT('',(132.21256564762,17.5,7.914099932155));
#1087 = CARTESIAN_POINT('',(132.90455370323,17.5,7.921899910238));
#1088 = CARTESIAN_POINT('',(133.59654577139,17.5,7.92969993355));
#1089 = CARTESIAN_POINT('',(134.98274402283,17.5,7.945324937323));
#1090 = CARTESIAN_POINT('',(135.67695023098,17.5,7.953149918065));
#1091 = CARTESIAN_POINT('',(136.37116010251,17.5,7.9609749401));
#1092 = CARTESIAN_POINT('',(137.75735865114,17.5,7.976599947223));
#1093 = CARTESIAN_POINT('',(138.44934730743,17.5,7.984399932077));
#1094 = CARTESIAN_POINT('',(139.1413390014,17.5,7.992199951171));
#1095 = CARTESIAN_POINT('',(139.83333333333,17.5,8.));
#1096 = PCURVE('',#423,#1097);
#1097 = DEFINITIONAL_REPRESENTATION('',(#1098),#1125);
#1098 = B_SPLINE_CURVE_WITH_KNOTS('',4,(#1099,#1100,#1101,#1102,#1103,
    #1104,#1105,#1106,#1107,#1108,#1109,#1110,#1111,#1112,#1113,#1114,
    #1115,#1116,#1117,#1118,#1119,#1120,#1121,#1122,#1123,#1124),
  .UNSPECIFIED.,.F.,.F.,(5,3,3,3,3,3,3,3,5),(0.,0.125207280817,
    0.250012544851,0.375215795376,0.500016909439,0.625215813102,
    0.750012522846,0.875207152682,1.),.UNSPECIFIED.);
#1099 = CARTESIAN_POINT('',(0.443867836599,0.840325156848));
#1100 = CARTESIAN_POINT('',(0.427864600648,0.845285662297));
#1101 = CARTESIAN_POINT('',(0.41203217164,0.850246195815));
#1102 = CARTESIAN_POINT('',(0.396363004178,0.855206755735));
#1103 = CARTESIAN_POINT('',(0.36540443375,0.865112000628));
#1104 = CARTESIAN_POINT('',(0.350113793601,0.870056685397));
#1105 = CARTESIAN_POINT('',(0.334988637625,0.875001396112));
#1106 = CARTESIAN_POINT('',(0.305036251444,0.884906638866));
#1107 = CARTESIAN_POINT('',(0.290209934299,0.889867171041));
#1108 = CARTESIAN_POINT('',(0.275564736175,0.894827730658));
#1109 = CARTESIAN_POINT('',(0.246701443233,0.904732973651));
#1110 = CARTESIAN_POINT('',(0.232481943928,0.909677656818));
#1111 = CARTESIAN_POINT('',(0.218460477276,0.914622368829));
#1112 = CARTESIAN_POINT('',(0.190783973582,0.924527612091));
#1113 = CARTESIAN_POINT('',(0.177130095726,0.929488143511));
#1114 = CARTESIAN_POINT('',(0.163689810708,0.93444870467));
#1115 = CARTESIAN_POINT('',(0.137283352477,0.944353950008));
#1116 = CARTESIAN_POINT('',(0.124315697126,0.949298633994));
#1117 = CARTESIAN_POINT('',(0.1115644866,0.954243346653));
#1118 = CARTESIAN_POINT('',(8.644547849783E-02,0.964148593196));
#1119 = CARTESIAN_POINT('',(7.407898527292E-02,0.969109127258));
#1120 = CARTESIAN_POINT('',(6.192063836334E-02,0.974069687498));
#1121 = CARTESIAN_POINT('',(3.803315164267E-02,0.983974936164));
#1122 = CARTESIAN_POINT('',(2.630273639496E-02,0.988919624443));
#1123 = CARTESIAN_POINT('',(1.475382684045E-02,0.993864334428));
#1124 = CARTESIAN_POINT('',(3.365590269822E-03,0.998809063262));
#1125 = ( GEOMETRIC_REPRESENTATION_CONTEXT(2) 
PARAMETRIC_REPRESENTATION_CONTEXT() REPRESENTATION_CONTEXT('2D SPACE',''
  ) );
#1126 = PCURVE('',#1127,#1148);
#1127 = B_SPLINE_SURFACE_WITH_KNOTS('',3,3,(
    (#1128,#1129,#1130,#1131)
    ,(#1132,#1133,#1134,#1135)
    ,(#1136,#1137,#1138,#1139)
    ,(#1140,#1141,#1142,#1143)
    ,(#1144,#1145,#1146,#1147
  )),.UNSPECIFIED.,.F.,.F.,.F.,(4,1,4),(4,4),(0.,0.5,1.),(0.,1.),
  .UNSPECIFIED.);
#1128 = CARTESIAN_POINT('',(134.,0.,8.));
#1129 = CARTESIAN_POINT('',(137.33333333333,10.,8.));
#1130 = CARTESIAN_POINT('',(140.66666666666,20.,8.));
#1131 = CARTESIAN_POINT('',(144.,30.,8.));
#1132 = CARTESIAN_POINT('',(127.11166666666,0.,7.958333333333));
#1133 = CARTESIAN_POINT('',(132.26888888888,10.,7.958333333333));
#1134 = CARTESIAN_POINT('',(137.42611111111,20.,7.958333333333));
#1135 = CARTESIAN_POINT('',(142.58333333333,30.,7.958333333333));
#1136 = CARTESIAN_POINT('',(113.335,0.,7.875));
#1137 = CARTESIAN_POINT('',(122.14000000438,10.000000004985,7.875));
#1138 = CARTESIAN_POINT('',(130.94499999561,19.999999995015,7.875));
#1139 = CARTESIAN_POINT('',(139.75,30.,7.875));
#1140 = CARTESIAN_POINT('',(99.558333333333,0.,7.791666666667));
#1141 = CARTESIAN_POINT('',(112.01111111111,10.,7.791666666667));
#1142 = CARTESIAN_POINT('',(124.46388888888,20.,7.791666666667));
#1143 = CARTESIAN_POINT('',(136.91666666666,30.,7.791666666667));
#1144 = CARTESIAN_POINT('',(92.67,0.,7.75));
#1145 = CARTESIAN_POINT('',(106.94666666666,10.,7.75));
#1146 = CARTESIAN_POINT('',(121.22333333333,20.,7.75));
#1147 = CARTESIAN_POINT('',(135.5,30.,7.75));
#1148 = DEFINITIONAL_REPRESENTATION('',(#1149),#1176);
#1149 = B_SPLINE_CURVE_WITH_KNOTS('',4,(#1150,#1151,#1152,#1153,#1154,
    #1155,#1156,#1157,#1158,#1159,#1160,#1161,#1162,#1163,#1164,#1165,
    #1166,#1167,#1168,#1169,#1170,#1171,#1172,#1173,#1174,#1175),
  .UNSPECIFIED.,.F.,.F.,(5,3,3,3,3,3,3,3,5),(0.,0.125207280817,
    0.250012544851,0.375215795376,0.500016909439,0.625215813102,
    0.750012522846,0.875207152682,1.),.UNSPECIFIED.);
#1150 = CARTESIAN_POINT('',(1.,0.583333333333));
#1151 = CARTESIAN_POINT('',(0.968700257576,0.583333333333));
#1152 = CARTESIAN_POINT('',(0.937400338039,0.583333333334));
#1153 = CARTESIAN_POINT('',(0.906100251921,0.583333333334));
#1154 = CARTESIAN_POINT('',(0.843600247239,0.583333333336));
#1155 = CARTESIAN_POINT('',(0.812400329967,0.583333333336));
#1156 = CARTESIAN_POINT('',(0.781200248983,0.583333333337));
#1157 = CARTESIAN_POINT('',(0.718700257797,0.583333333339));
#1158 = CARTESIAN_POINT('',(0.687400346736,0.58333333334));
#1159 = CARTESIAN_POINT('',(0.656100262521,0.583333333341));
#1160 = CARTESIAN_POINT('',(0.593600269827,0.583333333343));
#1161 = CARTESIAN_POINT('',(0.562400362668,0.583333333343));
#1162 = CARTESIAN_POINT('',(0.531200273504,0.583333333343));
#1163 = CARTESIAN_POINT('',(0.468700279112,0.583333333343));
#1164 = CARTESIAN_POINT('',(0.437400372816,0.583333333343));
#1165 = CARTESIAN_POINT('',(0.406100278875,0.583333333343));
#1166 = CARTESIAN_POINT('',(0.343600271381,0.583333333341));
#1167 = CARTESIAN_POINT('',(0.312400359048,0.58333333334));
#1168 = CARTESIAN_POINT('',(0.2812002658,0.583333333339));
#1169 = CARTESIAN_POINT('',(0.218700250706,0.583333333337));
#1170 = CARTESIAN_POINT('',(0.187400327739,0.583333333336));
#1171 = CARTESIAN_POINT('',(0.1561002396,0.583333333336));
#1172 = CARTESIAN_POINT('',(9.360021110697E-02,0.583333333334));
#1173 = CARTESIAN_POINT('',(6.240027169163E-02,0.583333333334));
#1174 = CARTESIAN_POINT('',(3.120019531518E-02,0.583333333333));
#1175 = CARTESIAN_POINT('',(0.,0.583333333333));
#1176 = ( GEOMETRIC_REPRESENTATION_CONTEXT(2) 
PARAMETRIC_REPRESENTATION_CONTEXT() REPRESENTATION_CONTEXT('2D SPACE',''
  ) );
#1177 = ORIENTED_EDGE('',*,*,#1178,.T.);
#1178 = EDGE_CURVE('',#1066,#714,#1179,.T.);
#1179 = SURFACE_CURVE('',#1180,(#1185,#1194),.PCURVE_S1.);
#1180 = B_SPLINE_CURVE_WITH_KNOTS('',3,(#1181,#1182,#1183,#1184),
  .UNSPECIFIED.,.F.,.F.,(4,4),(0.,1.),.PIECEWISE_BEZIER_KNOTS.);
#1181 = CARTESIAN_POINT('',(136.,17.5,8.4));
#1182 = CARTESIAN_POINT('',(126.86666666666,17.5,6.6));
#1183 = CARTESIAN_POINT('',(117.73333333333,17.5,4.8));
#1184 = CARTESIAN_POINT('',(108.6,17.5,3.));
#1185 = PCURVE('',#423,#1186);
#1186 = DEFINITIONAL_REPRESENTATION('',(#1187),#1193);
#1187 = B_SPLINE_CURVE_WITH_KNOTS('',4,(#1188,#1189,#1190,#1191,#1192),
  .UNSPECIFIED.,.F.,.F.,(5,5),(8.705470505473E-02,0.171562023505),
  .PIECEWISE_BEZIER_KNOTS.);
#1188 = CARTESIAN_POINT('',(0.111311054484,0.954373077608));
#1189 = CARTESIAN_POINT('',(8.415144433191E-02,0.950236655645));
#1190 = CARTESIAN_POINT('',(5.659659880794E-02,0.946100233676));
#1191 = CARTESIAN_POINT('',(2.858663033017E-02,0.941963811718));
#1192 = CARTESIAN_POINT('',(0.,0.93782738975));
#1193 = ( GEOMETRIC_REPRESENTATION_CONTEXT(2) 
PARAMETRIC_REPRESENTATION_CONTEXT() REPRESENTATION_CONTEXT('2D SPACE',''
  ) );
#1194 = PCURVE('',#895,#1195);
#1195 = DEFINITIONAL_REPRESENTATION('',(#1196),#1202);
#1196 = B_SPLINE_CURVE_WITH_KNOTS('',4,(#1197,#1198,#1199,#1200,#1201),
  .UNSPECIFIED.,.F.,.F.,(5,5),(8.705470505473E-02,0.171562023505),
  .PIECEWISE_BEZIER_KNOTS.);
#1197 = CARTESIAN_POINT('',(0.111311054484,0.954373077608));
#1198 = CARTESIAN_POINT('',(8.415144433191E-02,0.950236655645));
#1199 = CARTESIAN_POINT('',(5.659659880794E-02,0.946100233676));
#1200 = CARTESIAN_POINT('',(2.858663033017E-02,0.941963811718));
#1201 = CARTESIAN_POINT('',(0.,0.93782738975));
#1202 = ( GEOMETRIC_REPRESENTATION_CONTEXT(2) 
PARAMETRIC_REPRESENTATION_CONTEXT() REPRESENTATION_CONTEXT('2D SPACE',''
  ) );
#1203 = ADVANCED_FACE('',(#1204),#336,.T.);
#1204 = FACE_BOUND('',#1205,.T.);
#1205 = EDGE_LOOP('',(#1206,#1207,#1208,#1262,#1292,#1360,#1473,#1550,
    #1627));
#1206 = ORIENTED_EDGE('',*,*,#1028,.T.);
#1207 = ORIENTED_EDGE('',*,*,#306,.F.);
#1208 = ORIENTED_EDGE('',*,*,#1209,.T.);
#1209 = EDGE_CURVE('',#166,#1210,#1212,.T.);
#1210 = VERTEX_POINT('',#1211);
#1211 = CARTESIAN_POINT('',(136.43465220381,17.5,10.703656680227));
#1212 = SURFACE_CURVE('',#1213,(#1222,#1229),.PCURVE_S1.);
#1213 = B_SPLINE_CURVE_WITH_KNOTS('',3,(#1214,#1215,#1216,#1217,#1218,
    #1219,#1220,#1221),.UNSPECIFIED.,.F.,.F.,(4,1,1,2,4),(0.,
    0.227836592573,0.442835594821,0.514097810881,1.),.UNSPECIFIED.);
#1214 = CARTESIAN_POINT('',(0.,8.5,1.E-02));
#1215 = CARTESIAN_POINT('',(10.666666666667,9.833333333333,
    0.800814814815));
#1216 = CARTESIAN_POINT('',(31.495301292007,12.694615812178,
    2.326515808854));
#1217 = CARTESIAN_POINT('',(55.24104822318,14.799028222266,
    4.149046340467));
#1218 = CARTESIAN_POINT('',(68.675715949556,17.5,5.071693331572));
#1219 = CARTESIAN_POINT('',(94.666666666667,17.5,7.232));
#1220 = CARTESIAN_POINT('',(117.33333333333,17.5,9.116));
#1221 = CARTESIAN_POINT('',(140.,17.5,11.));
#1222 = PCURVE('',#336,#1223);
#1223 = DEFINITIONAL_REPRESENTATION('',(#1224),#1228);
#1224 = LINE('',#1225,#1226);
#1225 = CARTESIAN_POINT('',(1.,0.));
#1226 = VECTOR('',#1227,1.);
#1227 = DIRECTION('',(0.,1.));
#1228 = ( GEOMETRIC_REPRESENTATION_CONTEXT(2) 
PARAMETRIC_REPRESENTATION_CONTEXT() REPRESENTATION_CONTEXT('2D SPACE',''
  ) );
#1229 = PCURVE('',#1230,#1251);
#1230 = B_SPLINE_SURFACE_WITH_KNOTS('',3,3,(
    (#1231,#1232,#1233,#1234)
    ,(#1235,#1236,#1237,#1238)
    ,(#1239,#1240,#1241,#1242)
    ,(#1243,#1244,#1245,#1246)
    ,(#1247,#1248,#1249,#1250
  )),.UNSPECIFIED.,.F.,.F.,.F.,(4,1,4),(4,4),(0.,0.5,1.),(0.,1.),
  .UNSPECIFIED.);
#1231 = CARTESIAN_POINT('',(138.,17.5,19.));
#1232 = CARTESIAN_POINT('',(137.33333333333,17.5,15.466666666667));
#1233 = CARTESIAN_POINT('',(136.66666666666,17.5,11.933333333333));
#1234 = CARTESIAN_POINT('',(136.,17.5,8.4));
#1235 = CARTESIAN_POINT('',(135.25,17.5,19.));
#1236 = CARTESIAN_POINT('',(133.2,17.5,15.333333333333));
#1237 = CARTESIAN_POINT('',(131.15,17.5,11.666666666667));
#1238 = CARTESIAN_POINT('',(129.1,17.5,8.));
#1239 = CARTESIAN_POINT('',(129.75,17.5,19.));
#1240 = CARTESIAN_POINT('',(124.93333332817,17.5,15.066666662455));
#1241 = CARTESIAN_POINT('',(120.11666667182,17.5,11.133333337545));
#1242 = CARTESIAN_POINT('',(115.3,17.5,7.2));
#1243 = CARTESIAN_POINT('',(124.25,17.5,19.));
#1244 = CARTESIAN_POINT('',(116.66666666666,17.5,14.8));
#1245 = CARTESIAN_POINT('',(109.08333333333,17.5,10.6));
#1246 = CARTESIAN_POINT('',(101.5,17.5,6.4));
#1247 = CARTESIAN_POINT('',(121.5,17.5,19.));
#1248 = CARTESIAN_POINT('',(112.53333333333,17.5,14.666666666667));
#1249 = CARTESIAN_POINT('',(103.56666666666,17.5,10.333333333333));
#1250 = CARTESIAN_POINT('',(94.6,17.5,6.));
#1251 = DEFINITIONAL_REPRESENTATION('',(#1252),#1261);
#1252 = B_SPLINE_CURVE_WITH_KNOTS('',7,(#1253,#1254,#1255,#1256,#1257,
    #1258,#1259,#1260),.UNSPECIFIED.,.F.,.F.,(8,8),(0.697489938029,
    0.974523377954),.PIECEWISE_BEZIER_KNOTS.);
#1253 = CARTESIAN_POINT('',(1.,0.886060629824));
#1254 = CARTESIAN_POINT('',(0.865760877075,0.872608025392));
#1255 = CARTESIAN_POINT('',(0.729063045304,0.858779771711));
#1256 = CARTESIAN_POINT('',(0.58970188241,0.844544378586));
#1257 = CARTESIAN_POINT('',(0.447437647586,0.829865542512));
#1258 = CARTESIAN_POINT('',(0.30198350061,0.814699097452));
#1259 = CARTESIAN_POINT('',(0.152989922871,0.798991855595));
#1260 = CARTESIAN_POINT('',(3.546830550418E-15,0.782673898091));
#1261 = ( GEOMETRIC_REPRESENTATION_CONTEXT(2) 
PARAMETRIC_REPRESENTATION_CONTEXT() REPRESENTATION_CONTEXT('2D SPACE',''
  ) );
#1262 = ORIENTED_EDGE('',*,*,#1263,.T.);
#1263 = EDGE_CURVE('',#1210,#1264,#1266,.T.);
#1264 = VERTEX_POINT('',#1265);
#1265 = CARTESIAN_POINT('',(136.,17.5,8.4));
#1266 = SURFACE_CURVE('',#1267,(#1272,#1282),.PCURVE_S1.);
#1267 = B_SPLINE_CURVE_WITH_KNOTS('',3,(#1268,#1269,#1270,#1271),
  .UNSPECIFIED.,.F.,.F.,(4,4),(0.,1.),.PIECEWISE_BEZIER_KNOTS.);
#1268 = CARTESIAN_POINT('',(138.,17.5,19.));
#1269 = CARTESIAN_POINT('',(137.33333333333,17.5,15.466666666667));
#1270 = CARTESIAN_POINT('',(136.66666666666,17.5,11.933333333333));
#1271 = CARTESIAN_POINT('',(136.,17.5,8.4));
#1272 = PCURVE('',#336,#1273);
#1273 = DEFINITIONAL_REPRESENTATION('',(#1274),#1281);
#1274 = B_SPLINE_CURVE_WITH_KNOTS('',5,(#1275,#1276,#1277,#1278,#1279,
    #1280),.UNSPECIFIED.,.F.,.F.,(6,6),(0.782673898092,1.),
  .PIECEWISE_BEZIER_KNOTS.);
#1275 = CARTESIAN_POINT('',(0.999999999998,0.974523377954));
#1276 = CARTESIAN_POINT('',(0.844290458985,0.973902206021));
#1277 = CARTESIAN_POINT('',(0.688703471695,0.973281034087));
#1278 = CARTESIAN_POINT('',(0.533113484306,0.972659862154));
#1279 = CARTESIAN_POINT('',(0.377309543138,0.97203869022));
#1280 = CARTESIAN_POINT('',(0.220942015576,0.971417518287));
#1281 = ( GEOMETRIC_REPRESENTATION_CONTEXT(2) 
PARAMETRIC_REPRESENTATION_CONTEXT() REPRESENTATION_CONTEXT('2D SPACE',''
  ) );
#1282 = PCURVE('',#895,#1283);
#1283 = DEFINITIONAL_REPRESENTATION('',(#1284),#1291);
#1284 = B_SPLINE_CURVE_WITH_KNOTS('',5,(#1285,#1286,#1287,#1288,#1289,
    #1290),.UNSPECIFIED.,.F.,.F.,(6,6),(0.782673898092,1.),
  .PIECEWISE_BEZIER_KNOTS.);
#1285 = CARTESIAN_POINT('',(0.999999999998,0.974523377954));
#1286 = CARTESIAN_POINT('',(0.844290458985,0.973902206021));
#1287 = CARTESIAN_POINT('',(0.688703471695,0.973281034087));
#1288 = CARTESIAN_POINT('',(0.533113484306,0.972659862154));
#1289 = CARTESIAN_POINT('',(0.377309543138,0.97203869022));
#1290 = CARTESIAN_POINT('',(0.220942015576,0.971417518287));
#1291 = ( GEOMETRIC_REPRESENTATION_CONTEXT(2) 
PARAMETRIC_REPRESENTATION_CONTEXT() REPRESENTATION_CONTEXT('2D SPACE',''
  ) );
#1292 = ORIENTED_EDGE('',*,*,#1293,.T.);
#1293 = EDGE_CURVE('',#1264,#1294,#1296,.T.);
#1294 = VERTEX_POINT('',#1295);
#1295 = CARTESIAN_POINT('',(130.84724756664,17.5,8.101289713919));
#1296 = SURFACE_CURVE('',#1297,(#1303,#1311),.PCURVE_S1.);
#1297 = B_SPLINE_CURVE_WITH_KNOTS('',3,(#1298,#1299,#1300,#1301,#1302),
  .UNSPECIFIED.,.F.,.F.,(4,1,4),(0.,0.5,1.),.QUASI_UNIFORM_KNOTS.);
#1298 = CARTESIAN_POINT('',(136.,17.5,8.4));
#1299 = CARTESIAN_POINT('',(129.1,17.5,8.));
#1300 = CARTESIAN_POINT('',(115.3,17.5,7.2));
#1301 = CARTESIAN_POINT('',(101.5,17.5,6.4));
#1302 = CARTESIAN_POINT('',(94.6,17.5,6.));
#1303 = PCURVE('',#336,#1304);
#1304 = DEFINITIONAL_REPRESENTATION('',(#1305),#1310);
#1305 = B_SPLINE_CURVE_WITH_KNOTS('',3,(#1306,#1307,#1308,#1309),
  .UNSPECIFIED.,.F.,.F.,(4,4),(0.,0.124462619163),
  .PIECEWISE_BEZIER_KNOTS.);
#1306 = CARTESIAN_POINT('',(0.220942015576,0.971417518287));
#1307 = CARTESIAN_POINT('',(0.225621937372,0.959144313937));
#1308 = CARTESIAN_POINT('',(0.230625697078,0.946871109587));
#1309 = CARTESIAN_POINT('',(0.235945641732,0.934597905238));
#1310 = ( GEOMETRIC_REPRESENTATION_CONTEXT(2) 
PARAMETRIC_REPRESENTATION_CONTEXT() REPRESENTATION_CONTEXT('2D SPACE',''
  ) );
#1311 = PCURVE('',#1312,#1353);
#1312 = B_SPLINE_SURFACE_WITH_KNOTS('',3,3,(
    (#1313,#1314,#1315,#1316,#1317,#1318,#1319,#1320)
    ,(#1321,#1322,#1323,#1324,#1325,#1326,#1327,#1328)
    ,(#1329,#1330,#1331,#1332,#1333,#1334,#1335,#1336)
    ,(#1337,#1338,#1339,#1340,#1341,#1342,#1343,#1344)
    ,(#1345,#1346,#1347,#1348,#1349,#1350,#1351,#1352
  )),.UNSPECIFIED.,.F.,.F.,.F.,(4,1,4),(4,1,1,2,4),(0.,0.5,1.),(0.,
    0.227836592573,0.442835594821,0.514097810881,1.),.UNSPECIFIED.);
#1313 = CARTESIAN_POINT('',(0.,8.5,0.));
#1314 = CARTESIAN_POINT('',(10.666666666667,9.833333333333,
    0.575661375661));
#1315 = CARTESIAN_POINT('',(31.495301292007,12.694615812178,
    1.686271744388));
#1316 = CARTESIAN_POINT('',(55.24104822318,14.799028222266,
    3.012954569949));
#1317 = CARTESIAN_POINT('',(68.675715949556,17.5,3.684581133082));
#1318 = CARTESIAN_POINT('',(94.666666666667,17.5,5.257142857143));
#1319 = CARTESIAN_POINT('',(117.33333333333,17.5,6.628571428571));
#1320 = CARTESIAN_POINT('',(140.,17.5,8.));
#1321 = CARTESIAN_POINT('',(0.,8.5,1.666666666667E-03));
#1322 = CARTESIAN_POINT('',(10.666666666667,9.833333333333,
    0.613186948854));
#1323 = CARTESIAN_POINT('',(31.495301298045,12.694615806523,
    1.806290864302));
#1324 = CARTESIAN_POINT('',(55.241048218444,14.799028226703,
    3.170994677434));
#1325 = CARTESIAN_POINT('',(68.675715949556,17.5,3.93723117813));
#1326 = CARTESIAN_POINT('',(94.666666666667,17.5,5.439928571429));
#1327 = CARTESIAN_POINT('',(117.33333333333,17.5,7.043142857143));
#1328 = CARTESIAN_POINT('',(140.,17.5,8.5));
#1329 = CARTESIAN_POINT('',(0.,8.5,5.E-03));
#1330 = CARTESIAN_POINT('',(10.666666666667,9.833333333333,
    0.688238095238));
#1331 = CARTESIAN_POINT('',(31.495301240935,12.694615863396,
    2.006393769775));
#1332 = CARTESIAN_POINT('',(55.241048263242,14.799028182089,
    3.581000460578));
#1333 = CARTESIAN_POINT('',(68.675715949556,17.5,4.378137232327));
#1334 = CARTESIAN_POINT('',(94.666666666667,17.5,6.244571428571));
#1335 = CARTESIAN_POINT('',(117.33333333333,17.5,7.872285714286));
#1336 = CARTESIAN_POINT('',(140.,17.5,9.5));
#1337 = CARTESIAN_POINT('',(0.,8.5,8.333333333333E-03));
#1338 = CARTESIAN_POINT('',(10.666666666667,9.833333333333,
    0.763289241623));
#1339 = CARTESIAN_POINT('',(31.495301298045,12.694615806523,
    2.206496690509));
#1340 = CARTESIAN_POINT('',(55.241048218444,14.799028226703,
    3.991006231751));
#1341 = CARTESIAN_POINT('',(68.675715949556,17.5,4.819043286525));
#1342 = CARTESIAN_POINT('',(94.666666666667,17.5,7.049214285714));
#1343 = CARTESIAN_POINT('',(117.33333333333,17.5,8.701428571429));
#1344 = CARTESIAN_POINT('',(140.,17.5,10.5));
#1345 = CARTESIAN_POINT('',(0.,8.5,1.E-02));
#1346 = CARTESIAN_POINT('',(10.666666666667,9.833333333333,
    0.800814814815));
#1347 = CARTESIAN_POINT('',(31.495301292007,12.694615812178,
    2.326515808854));
#1348 = CARTESIAN_POINT('',(55.24104822318,14.799028222266,
    4.149046340467));
#1349 = CARTESIAN_POINT('',(68.675715949556,17.5,5.071693331572));
#1350 = CARTESIAN_POINT('',(94.666666666667,17.5,7.232));
#1351 = CARTESIAN_POINT('',(117.33333333333,17.5,9.116));
#1352 = CARTESIAN_POINT('',(140.,17.5,11.));
#1353 = DEFINITIONAL_REPRESENTATION('',(#1354),#1359);
#1354 = B_SPLINE_CURVE_WITH_KNOTS('',3,(#1355,#1356,#1357,#1358),
  .UNSPECIFIED.,.F.,.F.,(4,4),(0.,0.124462619163),
  .PIECEWISE_BEZIER_KNOTS.);
#1355 = CARTESIAN_POINT('',(0.220942015576,0.971417518287));
#1356 = CARTESIAN_POINT('',(0.225621937372,0.959144313937));
#1357 = CARTESIAN_POINT('',(0.230625697078,0.946871109587));
#1358 = CARTESIAN_POINT('',(0.235945641732,0.934597905238));
#1359 = ( GEOMETRIC_REPRESENTATION_CONTEXT(2) 
PARAMETRIC_REPRESENTATION_CONTEXT() REPRESENTATION_CONTEXT('2D SPACE',''
  ) );
#1360 = ORIENTED_EDGE('',*,*,#1361,.T.);
#1361 = EDGE_CURVE('',#1294,#1362,#1364,.T.);
#1362 = VERTEX_POINT('',#1363);
#1363 = CARTESIAN_POINT('',(117.65416666666,17.5,8.25));
#1364 = SURFACE_CURVE('',#1365,(#1392,#1422),.PCURVE_S1.);
#1365 = B_SPLINE_CURVE_WITH_KNOTS('',4,(#1366,#1367,#1368,#1369,#1370,
    #1371,#1372,#1373,#1374,#1375,#1376,#1377,#1378,#1379,#1380,#1381,
    #1382,#1383,#1384,#1385,#1386,#1387,#1388,#1389,#1390,#1391),
  .UNSPECIFIED.,.F.,.F.,(5,3,3,3,3,3,3,3,5),(0.,0.125186138383,
    0.249976045723,0.375170009975,0.499968086159,0.625170074573,
    0.749975807359,0.875185506016,1.),.UNSPECIFIED.);
#1366 = CARTESIAN_POINT('',(139.83333333333,17.5,8.));
#1367 = CARTESIAN_POINT('',(139.13911621294,17.5,8.007825103743));
#1368 = CARTESIAN_POINT('',(138.44490471979,17.5,8.015650144056));
#1369 = CARTESIAN_POINT('',(137.7506997044,17.5,8.023475111354));
#1370 = CARTESIAN_POINT('',(136.36450085947,17.5,8.039100121817));
#1371 = CARTESIAN_POINT('',(135.6725069861,17.5,8.046900165477));
#1372 = CARTESIAN_POINT('',(134.98052053914,17.5,8.054700125427));
#1373 = CARTESIAN_POINT('',(133.59432223754,17.5,8.070325129766));
#1374 = CARTESIAN_POINT('',(132.90011043559,17.5,8.07815017356));
#1375 = CARTESIAN_POINT('',(132.2059064024,17.5,8.085975129786));
#1376 = CARTESIAN_POINT('',(130.81970878381,17.5,8.101600126427));
#1377 = CARTESIAN_POINT('',(130.12771515888,17.5,8.109400167286));
#1378 = CARTESIAN_POINT('',(129.43572898017,17.5,8.117200124214));
#1379 = CARTESIAN_POINT('',(128.0495314118,17.5,8.132825120288));
#1380 = CARTESIAN_POINT('',(127.35532008183,17.5,8.140650158762));
#1381 = CARTESIAN_POINT('',(126.66111575452,17.5,8.148475118304));
#1382 = CARTESIAN_POINT('',(125.274917999,17.5,8.164100116487));
#1383 = CARTESIAN_POINT('',(124.58292454251,17.5,8.171900155448));
#1384 = CARTESIAN_POINT('',(123.89093786555,17.5,8.179700117992));
#1385 = CARTESIAN_POINT('',(122.50473903136,17.5,8.195325128334));
#1386 = CARTESIAN_POINT('',(121.81052693925,17.5,8.203150175399));
#1387 = CARTESIAN_POINT('',(121.11632241744,17.5,8.210975137132));
#1388 = CARTESIAN_POINT('',(119.73012203537,17.5,8.226600164922));
#1389 = CARTESIAN_POINT('',(119.03812614972,17.5,8.234400231264));
#1390 = CARTESIAN_POINT('',(118.3461401706,17.5,8.242200185941));
#1391 = CARTESIAN_POINT('',(117.65416666666,17.5,8.25));
#1392 = PCURVE('',#336,#1393);
#1393 = DEFINITIONAL_REPRESENTATION('',(#1394),#1421);
#1394 = B_SPLINE_CURVE_WITH_KNOTS('',4,(#1395,#1396,#1397,#1398,#1399,
    #1400,#1401,#1402,#1403,#1404,#1405,#1406,#1407,#1408,#1409,#1410,
    #1411,#1412,#1413,#1414,#1415,#1416,#1417,#1418,#1419,#1420),
  .UNSPECIFIED.,.F.,.F.,(5,3,3,3,3,3,3,3,5),(0.,0.125186138383,
    0.249976045723,0.375170009975,0.499968086159,0.625170074573,
    0.749975807359,0.875185506016,1.),.UNSPECIFIED.);
#1395 = CARTESIAN_POINT('',(3.365590269822E-03,0.998809063262));
#1396 = CARTESIAN_POINT('',(2.001372429335E-02,0.993848451225));
#1397 = CARTESIAN_POINT('',(3.689709459297E-02,0.988887879398));
#1398 = CARTESIAN_POINT('',(5.404598242478E-02,0.983927353859));
#1399 = CARTESIAN_POINT('',(8.884557543356E-02,0.974022103075));
#1400 = CARTESIAN_POINT('',(0.1064946674,0.969077377517));
#1401 = CARTESIAN_POINT('',(0.124433386054,0.964132705025));
#1402 = CARTESIAN_POINT('',(0.160946092157,0.954227458124));
#1403 = CARTESIAN_POINT('',(0.179522194648,0.94926688409));
#1404 = CARTESIAN_POINT('',(0.198386827911,0.944306365569));
#1405 = CARTESIAN_POINT('',(0.23661016554,0.934401123549));
#1406 = CARTESIAN_POINT('',(0.255967479205,0.929456399766));
#1407 = CARTESIAN_POINT('',(0.275589427347,0.924511729191));
#1408 = CARTESIAN_POINT('',(0.315400039182,0.914606487529));
#1409 = CARTESIAN_POINT('',(0.335590763919,0.909645916868));
#1410 = CARTESIAN_POINT('',(0.356021122142,0.904685396246));
#1411 = CARTESIAN_POINT('',(0.397281557375,0.894780153246));
#1412 = CARTESIAN_POINT('',(0.418110606816,0.889835430668));
#1413 = CARTESIAN_POINT('',(0.439164192177,0.884890756533));
#1414 = CARTESIAN_POINT('',(0.481805905993,0.874985505825));
#1415 = CARTESIAN_POINT('',(0.503396012558,0.870024929718));
#1416 = CARTESIAN_POINT('',(0.525229190964,0.865064407706));
#1417 = CARTESIAN_POINT('',(0.569377941921,0.855159145938));
#1418 = CARTESIAN_POINT('',(0.591692415881,0.850214406002));
#1419 = CARTESIAN_POINT('',(0.614314130891,0.845269736853));
#1420 = CARTESIAN_POINT('',(0.637312244442,0.840325156848));
#1421 = ( GEOMETRIC_REPRESENTATION_CONTEXT(2) 
PARAMETRIC_REPRESENTATION_CONTEXT() REPRESENTATION_CONTEXT('2D SPACE',''
  ) );
#1422 = PCURVE('',#1423,#1444);
#1423 = B_SPLINE_SURFACE_WITH_KNOTS('',3,3,(
    (#1424,#1425,#1426,#1427)
    ,(#1428,#1429,#1430,#1431)
    ,(#1432,#1433,#1434,#1435)
    ,(#1436,#1437,#1438,#1439)
    ,(#1440,#1441,#1442,#1443
  )),.UNSPECIFIED.,.F.,.F.,.F.,(4,1,4),(4,4),(0.,0.5,1.),(0.,1.),
  .UNSPECIFIED.);
#1424 = CARTESIAN_POINT('',(92.67,0.,8.25));
#1425 = CARTESIAN_POINT('',(106.94666666666,10.,8.25));
#1426 = CARTESIAN_POINT('',(121.22333333333,20.,8.25));
#1427 = CARTESIAN_POINT('',(135.5,30.,8.25));
#1428 = CARTESIAN_POINT('',(99.558333333333,0.,8.208333333333));
#1429 = CARTESIAN_POINT('',(112.01111111111,10.,8.208333333333));
#1430 = CARTESIAN_POINT('',(124.46388888888,20.,8.208333333333));
#1431 = CARTESIAN_POINT('',(136.91666666666,30.,8.208333333333));
#1432 = CARTESIAN_POINT('',(113.335,0.,8.125));
#1433 = CARTESIAN_POINT('',(122.14000000438,10.000000004985,8.125));
#1434 = CARTESIAN_POINT('',(130.94499999561,19.999999995015,8.125));
#1435 = CARTESIAN_POINT('',(139.75,30.,8.125));
#1436 = CARTESIAN_POINT('',(127.11166666666,0.,8.041666666667));
#1437 = CARTESIAN_POINT('',(132.26888888888,10.,8.041666666667));
#1438 = CARTESIAN_POINT('',(137.42611111111,20.,8.041666666667));
#1439 = CARTESIAN_POINT('',(142.58333333333,30.,8.041666666667));
#1440 = CARTESIAN_POINT('',(134.,0.,8.));
#1441 = CARTESIAN_POINT('',(137.33333333333,10.,8.));
#1442 = CARTESIAN_POINT('',(140.66666666666,20.,8.));
#1443 = CARTESIAN_POINT('',(144.,30.,8.));
#1444 = DEFINITIONAL_REPRESENTATION('',(#1445),#1472);
#1445 = B_SPLINE_CURVE_WITH_KNOTS('',4,(#1446,#1447,#1448,#1449,#1450,
    #1451,#1452,#1453,#1454,#1455,#1456,#1457,#1458,#1459,#1460,#1461,
    #1462,#1463,#1464,#1465,#1466,#1467,#1468,#1469,#1470,#1471),
  .UNSPECIFIED.,.F.,.F.,(5,3,3,3,3,3,3,3,5),(0.,0.125186138383,
    0.249976045723,0.375170009975,0.499968086159,0.625170074573,
    0.749975807359,0.875185506016,1.),.UNSPECIFIED.);
#1446 = CARTESIAN_POINT('',(1.,0.583333333333));
#1447 = CARTESIAN_POINT('',(0.968699585028,0.583333333333));
#1448 = CARTESIAN_POINT('',(0.937399423774,0.583333333334));
#1449 = CARTESIAN_POINT('',(0.906099554586,0.583333333334));
#1450 = CARTESIAN_POINT('',(0.843599512734,0.583333333336));
#1451 = CARTESIAN_POINT('',(0.812399338094,0.583333333336));
#1452 = CARTESIAN_POINT('',(0.781199498291,0.583333333337));
#1453 = CARTESIAN_POINT('',(0.718699480936,0.583333333339));
#1454 = CARTESIAN_POINT('',(0.687399305759,0.58333333334));
#1455 = CARTESIAN_POINT('',(0.656099480854,0.583333333341));
#1456 = CARTESIAN_POINT('',(0.593599494293,0.583333333343));
#1457 = CARTESIAN_POINT('',(0.562399330854,0.583333333343));
#1458 = CARTESIAN_POINT('',(0.531199503145,0.583333333343));
#1459 = CARTESIAN_POINT('',(0.468699518849,0.583333333343));
#1460 = CARTESIAN_POINT('',(0.437399364951,0.583333333343));
#1461 = CARTESIAN_POINT('',(0.406099526786,0.583333333343));
#1462 = CARTESIAN_POINT('',(0.34359953405,0.583333333341));
#1463 = CARTESIAN_POINT('',(0.312399378207,0.58333333334));
#1464 = CARTESIAN_POINT('',(0.281199528034,0.583333333339));
#1465 = CARTESIAN_POINT('',(0.218699486665,0.583333333337));
#1466 = CARTESIAN_POINT('',(0.187399298405,0.583333333336));
#1467 = CARTESIAN_POINT('',(0.156099451471,0.583333333336));
#1468 = CARTESIAN_POINT('',(9.359934031304E-02,0.583333333334));
#1469 = CARTESIAN_POINT('',(6.239907494522E-02,0.583333333334));
#1470 = CARTESIAN_POINT('',(3.1199256236E-02,0.583333333333));
#1471 = CARTESIAN_POINT('',(0.,0.583333333333));
#1472 = ( GEOMETRIC_REPRESENTATION_CONTEXT(2) 
PARAMETRIC_REPRESENTATION_CONTEXT() REPRESENTATION_CONTEXT('2D SPACE',''
  ) );
#1473 = ORIENTED_EDGE('',*,*,#1474,.T.);
#1474 = EDGE_CURVE('',#1362,#1475,#1477,.T.);
#1475 = VERTEX_POINT('',#1476);
#1476 = CARTESIAN_POINT('',(108.81666666666,17.5,8.));
#1477 = SURFACE_CURVE('',#1478,(#1493,#1511),.PCURVE_S1.);
#1478 = B_SPLINE_CURVE_WITH_KNOTS('',4,(#1479,#1480,#1481,#1482,#1483,
    #1484,#1485,#1486,#1487,#1488,#1489,#1490,#1491,#1492),
  .UNSPECIFIED.,.F.,.F.,(5,3,3,3,5),(0.,0.25119361197,0.500790736418,
    0.750392353611,1.),.UNSPECIFIED.);
#1479 = CARTESIAN_POINT('',(117.65416666666,17.5,8.25));
#1480 = CARTESIAN_POINT('',(117.09916836447,17.5,8.234299906586));
#1481 = CARTESIAN_POINT('',(116.54417210902,17.5,8.218599871071));
#1482 = CARTESIAN_POINT('',(115.98917810708,17.5,8.202899899305));
#1483 = CARTESIAN_POINT('',(114.88272253293,17.5,8.171599883063));
#1484 = CARTESIAN_POINT('',(114.33126093064,17.5,8.155999837736));
#1485 = CARTESIAN_POINT('',(113.77980216012,17.5,8.140399872516));
#1486 = CARTESIAN_POINT('',(112.67688124702,17.5,8.109199846686));
#1487 = CARTESIAN_POINT('',(112.12541910861,17.5,8.093599786193));
#1488 = CARTESIAN_POINT('',(111.57396069308,17.5,8.077999831016));
#1489 = CARTESIAN_POINT('',(110.47103931973,17.5,8.046799792166));
#1490 = CARTESIAN_POINT('',(109.91957636965,17.5,8.031199708712));
#1491 = CARTESIAN_POINT('',(109.36811847506,17.5,8.015599768271));
#1492 = CARTESIAN_POINT('',(108.81666666666,17.5,8.));
#1493 = PCURVE('',#336,#1494);
#1494 = DEFINITIONAL_REPRESENTATION('',(#1495),#1510);
#1495 = B_SPLINE_CURVE_WITH_KNOTS('',4,(#1496,#1497,#1498,#1499,#1500,
    #1501,#1502,#1503,#1504,#1505,#1506,#1507,#1508,#1509),
  .UNSPECIFIED.,.F.,.F.,(5,3,3,3,5),(0.,0.25119361197,0.500790736418,
    0.750392353611,1.),.UNSPECIFIED.);
#1496 = CARTESIAN_POINT('',(0.637312244442,0.840325156848));
#1497 = CARTESIAN_POINT('',(0.64721006025,0.836359349642));
#1498 = CARTESIAN_POINT('',(0.657224186986,0.832393557061));
#1499 = CARTESIAN_POINT('',(0.667364422355,0.828427780583));
#1500 = CARTESIAN_POINT('',(0.687859943625,0.82052146903));
#1501 = CARTESIAN_POINT('',(0.698213523264,0.816580933739));
#1502 = CARTESIAN_POINT('',(0.708719365696,0.812640418683));
#1503 = CARTESIAN_POINT('',(0.730074433427,0.804759364476));
#1504 = CARTESIAN_POINT('',(0.740923777252,0.800818825354));
#1505 = CARTESIAN_POINT('',(0.751964083336,0.796878312835));
#1506 = CARTESIAN_POINT('',(0.774480931552,0.788997255339));
#1507 = CARTESIAN_POINT('',(0.785957678866,0.785056710417));
#1508 = CARTESIAN_POINT('',(0.797679467775,0.78111620162));
#1509 = CARTESIAN_POINT('',(0.809684752553,0.777175736313));
#1510 = ( GEOMETRIC_REPRESENTATION_CONTEXT(2) 
PARAMETRIC_REPRESENTATION_CONTEXT() REPRESENTATION_CONTEXT('2D SPACE',''
  ) );
#1511 = PCURVE('',#1512,#1533);
#1512 = B_SPLINE_SURFACE_WITH_KNOTS('',3,3,(
    (#1513,#1514,#1515,#1516)
    ,(#1517,#1518,#1519,#1520)
    ,(#1521,#1522,#1523,#1524)
    ,(#1525,#1526,#1527,#1528)
    ,(#1529,#1530,#1531,#1532
  )),.UNSPECIFIED.,.F.,.F.,.F.,(4,1,4),(4,4),(0.,0.5,1.),(0.,1.),
  .UNSPECIFIED.);
#1513 = CARTESIAN_POINT('',(80.,0.,8.));
#1514 = CARTESIAN_POINT('',(96.466666666667,10.,8.));
#1515 = CARTESIAN_POINT('',(112.93333333333,20.,8.));
#1516 = CARTESIAN_POINT('',(129.4,30.,8.));
#1517 = CARTESIAN_POINT('',(82.111666666667,0.,8.041666666667));
#1518 = CARTESIAN_POINT('',(98.213333333333,10.,8.041666666667));
#1519 = CARTESIAN_POINT('',(114.315,20.,8.041666666667));
#1520 = CARTESIAN_POINT('',(130.41666666666,30.,8.041666666667));
#1521 = CARTESIAN_POINT('',(86.335,0.,8.125));
#1522 = CARTESIAN_POINT('',(101.70666667126,10.000000002994,8.125));
#1523 = CARTESIAN_POINT('',(117.07833332873,19.999999997006,8.125));
#1524 = CARTESIAN_POINT('',(132.45,30.,8.125));
#1525 = CARTESIAN_POINT('',(90.558333333333,0.,8.208333333333));
#1526 = CARTESIAN_POINT('',(105.2,10.,8.208333333333));
#1527 = CARTESIAN_POINT('',(119.84166666666,20.,8.208333333333));
#1528 = CARTESIAN_POINT('',(134.48333333333,30.,8.208333333333));
#1529 = CARTESIAN_POINT('',(92.67,0.,8.25));
#1530 = CARTESIAN_POINT('',(106.94666666666,10.,8.25));
#1531 = CARTESIAN_POINT('',(121.22333333333,20.,8.25));
#1532 = CARTESIAN_POINT('',(135.5,30.,8.25));
#1533 = DEFINITIONAL_REPRESENTATION('',(#1534),#1549);
#1534 = B_SPLINE_CURVE_WITH_KNOTS('',4,(#1535,#1536,#1537,#1538,#1539,
    #1540,#1541,#1542,#1543,#1544,#1545,#1546,#1547,#1548),
  .UNSPECIFIED.,.F.,.F.,(5,3,3,3,5),(0.,0.25119361197,0.500790736418,
    0.750392353611,1.),.UNSPECIFIED.);
#1535 = CARTESIAN_POINT('',(1.,0.583333333333));
#1536 = CARTESIAN_POINT('',(0.937199626343,0.583333333333));
#1537 = CARTESIAN_POINT('',(0.874399484284,0.583333333334));
#1538 = CARTESIAN_POINT('',(0.811599597218,0.583333333335));
#1539 = CARTESIAN_POINT('',(0.686399532252,0.583333333338));
#1540 = CARTESIAN_POINT('',(0.623999350945,0.583333333339));
#1541 = CARTESIAN_POINT('',(0.561599490066,0.583333333339));
#1542 = CARTESIAN_POINT('',(0.436799386744,0.583333333339));
#1543 = CARTESIAN_POINT('',(0.374399144774,0.583333333339));
#1544 = CARTESIAN_POINT('',(0.311999324064,0.583333333337));
#1545 = CARTESIAN_POINT('',(0.187199168663,0.583333333335));
#1546 = CARTESIAN_POINT('',(0.124798834849,0.583333333334));
#1547 = CARTESIAN_POINT('',(6.239907308591E-02,0.583333333333));
#1548 = CARTESIAN_POINT('',(0.,0.583333333333));
#1549 = ( GEOMETRIC_REPRESENTATION_CONTEXT(2) 
PARAMETRIC_REPRESENTATION_CONTEXT() REPRESENTATION_CONTEXT('2D SPACE',''
  ) );
#1550 = ORIENTED_EDGE('',*,*,#1551,.T.);
#1551 = EDGE_CURVE('',#1475,#1552,#1554,.T.);
#1552 = VERTEX_POINT('',#1553);
#1553 = CARTESIAN_POINT('',(117.65416666666,17.5,7.75));
#1554 = SURFACE_CURVE('',#1555,(#1570,#1588),.PCURVE_S1.);
#1555 = B_SPLINE_CURVE_WITH_KNOTS('',5,(#1556,#1557,#1558,#1559,#1560,
    #1561,#1562,#1563,#1564,#1565,#1566,#1567,#1568,#1569),
  .UNSPECIFIED.,.F.,.F.,(6,4,4,6),(0.,0.301054883663,0.605052600816,1.),
  .UNSPECIFIED.);
#1556 = CARTESIAN_POINT('',(108.81666666666,17.5,8.));
#1557 = CARTESIAN_POINT('',(109.34866088558,17.5,7.984950658588));
#1558 = CARTESIAN_POINT('',(109.88068832202,17.5,7.969900377501));
#1559 = CARTESIAN_POINT('',(110.41274104533,17.5,7.954849381084));
#1560 = CARTESIAN_POINT('',(110.9448141724,17.5,7.939797807476));
#1561 = CARTESIAN_POINT('',(112.01419571808,17.5,7.909546561488));
#1562 = CARTESIAN_POINT('',(112.55150435684,17.5,7.89434688288));
#1563 = CARTESIAN_POINT('',(113.08882684306,17.5,7.879146812549));
#1564 = CARTESIAN_POINT('',(113.62616069051,17.5,7.863946420825));
#1565 = CARTESIAN_POINT('',(114.86160982384,17.5,7.828997364719));
#1566 = CARTESIAN_POINT('',(115.55973169688,17.5,7.809248513996));
#1567 = CARTESIAN_POINT('',(116.25786643325,17.5,7.789499299389));
#1568 = CARTESIAN_POINT('',(116.95601176288,17.5,7.769749785114));
#1569 = CARTESIAN_POINT('',(117.65416666666,17.5,7.75));
#1570 = PCURVE('',#336,#1571);
#1571 = DEFINITIONAL_REPRESENTATION('',(#1572),#1587);
#1572 = B_SPLINE_CURVE_WITH_KNOTS('',5,(#1573,#1574,#1575,#1576,#1577,
    #1578,#1579,#1580,#1581,#1582,#1583,#1584,#1585,#1586),
  .UNSPECIFIED.,.F.,.F.,(6,4,4,6),(0.,0.301054883663,0.605052600816,1.),
  .UNSPECIFIED.);
#1573 = CARTESIAN_POINT('',(0.809684752553,0.777175736313));
#1574 = CARTESIAN_POINT('',(0.784856674903,0.780977165072));
#1575 = CARTESIAN_POINT('',(0.760751873217,0.78477883119));
#1576 = CARTESIAN_POINT('',(0.737220621143,0.788580677998));
#1577 = CARTESIAN_POINT('',(0.714168174757,0.792382670604));
#1578 = CARTESIAN_POINT('',(0.668650486292,0.800024065223));
#1579 = CARTESIAN_POINT('',(0.646192516501,0.803863468808));
#1580 = CARTESIAN_POINT('',(0.624073187885,0.807702971342));
#1581 = CARTESIAN_POINT('',(0.602237584342,0.811542555059));
#1582 = CARTESIAN_POINT('',(0.552600833353,0.820370605625));
#1583 = CARTESIAN_POINT('',(0.524966897286,0.825359119542));
#1584 = CARTESIAN_POINT('',(0.49766451776,0.830347725376));
#1585 = CARTESIAN_POINT('',(0.470639906066,0.835336406905));
#1586 = CARTESIAN_POINT('',(0.443867836599,0.840325156848));
#1587 = ( GEOMETRIC_REPRESENTATION_CONTEXT(2) 
PARAMETRIC_REPRESENTATION_CONTEXT() REPRESENTATION_CONTEXT('2D SPACE',''
  ) );
#1588 = PCURVE('',#1589,#1610);
#1589 = B_SPLINE_SURFACE_WITH_KNOTS('',3,3,(
    (#1590,#1591,#1592,#1593)
    ,(#1594,#1595,#1596,#1597)
    ,(#1598,#1599,#1600,#1601)
    ,(#1602,#1603,#1604,#1605)
    ,(#1606,#1607,#1608,#1609
  )),.UNSPECIFIED.,.F.,.F.,.F.,(4,1,4),(4,4),(0.,0.5,1.),(0.,1.),
  .UNSPECIFIED.);
#1590 = CARTESIAN_POINT('',(92.67,0.,7.75));
#1591 = CARTESIAN_POINT('',(106.94666666666,10.,7.75));
#1592 = CARTESIAN_POINT('',(121.22333333333,20.,7.75));
#1593 = CARTESIAN_POINT('',(135.5,30.,7.75));
#1594 = CARTESIAN_POINT('',(90.558333333333,0.,7.791666666667));
#1595 = CARTESIAN_POINT('',(105.2,10.,7.791666666667));
#1596 = CARTESIAN_POINT('',(119.84166666666,20.,7.791666666667));
#1597 = CARTESIAN_POINT('',(134.48333333333,30.,7.791666666667));
#1598 = CARTESIAN_POINT('',(86.335,0.,7.875));
#1599 = CARTESIAN_POINT('',(101.70666667126,10.000000002994,7.875));
#1600 = CARTESIAN_POINT('',(117.07833332873,19.999999997006,7.875));
#1601 = CARTESIAN_POINT('',(132.45,30.,7.875));
#1602 = CARTESIAN_POINT('',(82.111666666667,0.,7.958333333333));
#1603 = CARTESIAN_POINT('',(98.213333333333,10.,7.958333333333));
#1604 = CARTESIAN_POINT('',(114.315,20.,7.958333333333));
#1605 = CARTESIAN_POINT('',(130.41666666666,30.,7.958333333333));
#1606 = CARTESIAN_POINT('',(80.,0.,8.));
#1607 = CARTESIAN_POINT('',(96.466666666667,10.,8.));
#1608 = CARTESIAN_POINT('',(112.93333333333,20.,8.));
#1609 = CARTESIAN_POINT('',(129.4,30.,8.));
#1610 = DEFINITIONAL_REPRESENTATION('',(#1611),#1626);
#1611 = B_SPLINE_CURVE_WITH_KNOTS('',5,(#1612,#1613,#1614,#1615,#1616,
    #1617,#1618,#1619,#1620,#1621,#1622,#1623,#1624,#1625),
  .UNSPECIFIED.,.F.,.F.,(6,4,4,6),(0.,0.301054883663,0.605052600816,1.),
  .UNSPECIFIED.);
#1612 = CARTESIAN_POINT('',(1.,0.583333333333));
#1613 = CARTESIAN_POINT('',(0.939802634352,0.583333333333));
#1614 = CARTESIAN_POINT('',(0.879601510003,0.583333333334));
#1615 = CARTESIAN_POINT('',(0.819397524338,0.583333333335));
#1616 = CARTESIAN_POINT('',(0.759191229903,0.583333333336));
#1617 = CARTESIAN_POINT('',(0.638186245951,0.583333333338));
#1618 = CARTESIAN_POINT('',(0.577387531522,0.583333333339));
#1619 = CARTESIAN_POINT('',(0.516587250196,0.58333333334));
#1620 = CARTESIAN_POINT('',(0.455785683298,0.583333333339));
#1621 = CARTESIAN_POINT('',(0.315989458876,0.583333333338));
#1622 = CARTESIAN_POINT('',(0.236994055986,0.583333333336));
#1623 = CARTESIAN_POINT('',(0.157997197557,0.583333333334));
#1624 = CARTESIAN_POINT('',(7.899914045606E-02,0.583333333333));
#1625 = CARTESIAN_POINT('',(0.,0.583333333333));
#1626 = ( GEOMETRIC_REPRESENTATION_CONTEXT(2) 
PARAMETRIC_REPRESENTATION_CONTEXT() REPRESENTATION_CONTEXT('2D SPACE',''
  ) );
#1627 = ORIENTED_EDGE('',*,*,#1628,.T.);
#1628 = EDGE_CURVE('',#1552,#1029,#1629,.T.);
#1629 = SURFACE_CURVE('',#1630,(#1657,#1687),.PCURVE_S1.);
#1630 = B_SPLINE_CURVE_WITH_KNOTS('',4,(#1631,#1632,#1633,#1634,#1635,
    #1636,#1637,#1638,#1639,#1640,#1641,#1642,#1643,#1644,#1645,#1646,
    #1647,#1648,#1649,#1650,#1651,#1652,#1653,#1654,#1655,#1656),
  .UNSPECIFIED.,.F.,.F.,(5,3,3,3,3,3,3,3,5),(0.,0.125207280817,
    0.250012544851,0.375215795376,0.500016909439,0.625215813102,
    0.750012522846,0.875207152682,1.),.UNSPECIFIED.);
#1631 = CARTESIAN_POINT('',(117.65416666666,17.5,7.75));
#1632 = CARTESIAN_POINT('',(118.34836887051,17.5,7.757824935606));
#1633 = CARTESIAN_POINT('',(119.04257500258,17.5,7.76564991549));
#1634 = CARTESIAN_POINT('',(119.73678482928,17.5,7.77347493702));
#1635 = CARTESIAN_POINT('',(121.1229828498,17.5,7.78909993819));
#1636 = CARTESIAN_POINT('',(121.81497101497,17.5,7.796899917508));
#1637 = CARTESIAN_POINT('',(122.50696281114,17.5,7.804699937754));
#1638 = CARTESIAN_POINT('',(123.89316053231,17.5,7.820324935551));
#1639 = CARTESIAN_POINT('',(124.58736647639,17.5,7.828149913316));
#1640 = CARTESIAN_POINT('',(125.28157626087,17.5,7.83597493437));
#1641 = CARTESIAN_POINT('',(126.66777401548,17.5,7.851599932543));
#1642 = CARTESIAN_POINT('',(127.35976195635,17.5,7.859399909333));
#1643 = CARTESIAN_POINT('',(128.05175393391,17.5,7.867199931624));
#1644 = CARTESIAN_POINT('',(129.43795172619,17.5,7.882824930222));
#1645 = CARTESIAN_POINT('',(130.13215756457,17.5,7.890649906796));
#1646 = CARTESIAN_POINT('',(130.82636756474,17.5,7.898474930281));
#1647 = CARTESIAN_POINT('',(132.21256564762,17.5,7.914099932155));
#1648 = CARTESIAN_POINT('',(132.90455370323,17.5,7.921899910238));
#1649 = CARTESIAN_POINT('',(133.59654577139,17.5,7.92969993355));
#1650 = CARTESIAN_POINT('',(134.98274402283,17.5,7.945324937323));
#1651 = CARTESIAN_POINT('',(135.67695023098,17.5,7.953149918065));
#1652 = CARTESIAN_POINT('',(136.37116010251,17.5,7.9609749401));
#1653 = CARTESIAN_POINT('',(137.75735865114,17.5,7.976599947223));
#1654 = CARTESIAN_POINT('',(138.44934730743,17.5,7.984399932077));
#1655 = CARTESIAN_POINT('',(139.1413390014,17.5,7.992199951171));
#1656 = CARTESIAN_POINT('',(139.83333333333,17.5,8.));
#1657 = PCURVE('',#336,#1658);
#1658 = DEFINITIONAL_REPRESENTATION('',(#1659),#1686);
#1659 = B_SPLINE_CURVE_WITH_KNOTS('',4,(#1660,#1661,#1662,#1663,#1664,
    #1665,#1666,#1667,#1668,#1669,#1670,#1671,#1672,#1673,#1674,#1675,
    #1676,#1677,#1678,#1679,#1680,#1681,#1682,#1683,#1684,#1685),
  .UNSPECIFIED.,.F.,.F.,(5,3,3,3,3,3,3,3,5),(0.,0.125207280817,
    0.250012544851,0.375215795376,0.500016909439,0.625215813102,
    0.750012522846,0.875207152682,1.),.UNSPECIFIED.);
#1660 = CARTESIAN_POINT('',(0.443867836599,0.840325156848));
#1661 = CARTESIAN_POINT('',(0.427864600648,0.845285662297));
#1662 = CARTESIAN_POINT('',(0.41203217164,0.850246195815));
#1663 = CARTESIAN_POINT('',(0.396363004178,0.855206755735));
#1664 = CARTESIAN_POINT('',(0.36540443375,0.865112000628));
#1665 = CARTESIAN_POINT('',(0.350113793601,0.870056685397));
#1666 = CARTESIAN_POINT('',(0.334988637625,0.875001396112));
#1667 = CARTESIAN_POINT('',(0.305036251444,0.884906638866));
#1668 = CARTESIAN_POINT('',(0.290209934299,0.889867171041));
#1669 = CARTESIAN_POINT('',(0.275564736175,0.894827730658));
#1670 = CARTESIAN_POINT('',(0.246701443233,0.904732973651));
#1671 = CARTESIAN_POINT('',(0.232481943928,0.909677656818));
#1672 = CARTESIAN_POINT('',(0.218460477276,0.914622368829));
#1673 = CARTESIAN_POINT('',(0.190783973582,0.924527612091));
#1674 = CARTESIAN_POINT('',(0.177130095726,0.929488143511));
#1675 = CARTESIAN_POINT('',(0.163689810708,0.93444870467));
#1676 = CARTESIAN_POINT('',(0.137283352477,0.944353950008));
#1677 = CARTESIAN_POINT('',(0.124315697126,0.949298633994));
#1678 = CARTESIAN_POINT('',(0.1115644866,0.954243346653));
#1679 = CARTESIAN_POINT('',(8.644547849783E-02,0.964148593196));
#1680 = CARTESIAN_POINT('',(7.407898527292E-02,0.969109127258));
#1681 = CARTESIAN_POINT('',(6.192063836334E-02,0.974069687498));
#1682 = CARTESIAN_POINT('',(3.803315164267E-02,0.983974936164));
#1683 = CARTESIAN_POINT('',(2.630273639496E-02,0.988919624443));
#1684 = CARTESIAN_POINT('',(1.475382684045E-02,0.993864334428));
#1685 = CARTESIAN_POINT('',(3.365590269822E-03,0.998809063262));
#1686 = ( GEOMETRIC_REPRESENTATION_CONTEXT(2) 
PARAMETRIC_REPRESENTATION_CONTEXT() REPRESENTATION_CONTEXT('2D SPACE',''
  ) );
#1687 = PCURVE('',#1127,#1688);
#1688 = DEFINITIONAL_REPRESENTATION('',(#1689),#1716);
#1689 = B_SPLINE_CURVE_WITH_KNOTS('',4,(#1690,#1691,#1692,#1693,#1694,
    #1695,#1696,#1697,#1698,#1699,#1700,#1701,#1702,#1703,#1704,#1705,
    #1706,#1707,#1708,#1709,#1710,#1711,#1712,#1713,#1714,#1715),
  .UNSPECIFIED.,.F.,.F.,(5,3,3,3,3,3,3,3,5),(0.,0.125207280817,
    0.250012544851,0.375215795376,0.500016909439,0.625215813102,
    0.750012522846,0.875207152682,1.),.UNSPECIFIED.);
#1690 = CARTESIAN_POINT('',(1.,0.583333333333));
#1691 = CARTESIAN_POINT('',(0.968700257576,0.583333333333));
#1692 = CARTESIAN_POINT('',(0.937400338039,0.583333333334));
#1693 = CARTESIAN_POINT('',(0.906100251921,0.583333333334));
#1694 = CARTESIAN_POINT('',(0.843600247239,0.583333333336));
#1695 = CARTESIAN_POINT('',(0.812400329967,0.583333333336));
#1696 = CARTESIAN_POINT('',(0.781200248983,0.583333333337));
#1697 = CARTESIAN_POINT('',(0.718700257797,0.583333333339));
#1698 = CARTESIAN_POINT('',(0.687400346736,0.58333333334));
#1699 = CARTESIAN_POINT('',(0.656100262521,0.583333333341));
#1700 = CARTESIAN_POINT('',(0.593600269827,0.583333333343));
#1701 = CARTESIAN_POINT('',(0.562400362668,0.583333333343));
#1702 = CARTESIAN_POINT('',(0.531200273504,0.583333333343));
#1703 = CARTESIAN_POINT('',(0.468700279112,0.583333333343));
#1704 = CARTESIAN_POINT('',(0.437400372816,0.583333333343));
#1705 = CARTESIAN_POINT('',(0.406100278875,0.583333333343));
#1706 = CARTESIAN_POINT('',(0.343600271381,0.583333333341));
#1707 = CARTESIAN_POINT('',(0.312400359048,0.58333333334));
#1708 = CARTESIAN_POINT('',(0.2812002658,0.583333333339));
#1709 = CARTESIAN_POINT('',(0.218700250706,0.583333333337));
#1710 = CARTESIAN_POINT('',(0.187400327739,0.583333333336));
#1711 = CARTESIAN_POINT('',(0.1561002396,0.583333333336));
#1712 = CARTESIAN_POINT('',(9.360021110697E-02,0.583333333334));
#1713 = CARTESIAN_POINT('',(6.240027169163E-02,0.583333333334));
#1714 = CARTESIAN_POINT('',(3.120019531518E-02,0.583333333333));
#1715 = CARTESIAN_POINT('',(0.,0.583333333333));
#1716 = ( GEOMETRIC_REPRESENTATION_CONTEXT(2) 
PARAMETRIC_REPRESENTATION_CONTEXT() REPRESENTATION_CONTEXT('2D SPACE',''
  ) );
#1717 = ADVANCED_FACE('',(#1718),#186,.T.);
#1718 = FACE_BOUND('',#1719,.T.);
#1719 = EDGE_LOOP('',(#1720,#1721,#1766,#1835,#1912,#1989,#2058,#2103,
    #2129,#2206));
#1720 = ORIENTED_EDGE('',*,*,#165,.F.);
#1721 = ORIENTED_EDGE('',*,*,#1722,.T.);
#1722 = EDGE_CURVE('',#134,#1723,#1725,.T.);
#1723 = VERTEX_POINT('',#1724);
#1724 = CARTESIAN_POINT('',(0.,-8.5,1.E-02));
#1725 = SURFACE_CURVE('',#1726,(#1741,#1748),.PCURVE_S1.);
#1726 = B_SPLINE_CURVE_WITH_KNOTS('',3,(#1727,#1728,#1729,#1730,#1731,
    #1732,#1733,#1734,#1735,#1736,#1737,#1738,#1739,#1740),
  .UNSPECIFIED.,.F.,.F.,(4,1,1,1,1,1,1,1,1,1,1,4),(0.,9.090909090909E-02
    ,0.181818181818,0.272727272727,0.363636363636,0.454545454545,
    0.545454545455,0.636363636364,0.727272727273,0.818181818182,
    0.909090909091,1.),.QUASI_UNIFORM_KNOTS.);
#1727 = CARTESIAN_POINT('',(0.,8.5,1.E-02));
#1728 = CARTESIAN_POINT('',(0.,7.984850720413,1.178530088066E-02));
#1729 = CARTESIAN_POINT('',(0.,6.954552028997,1.535204455454E-02));
#1730 = CARTESIAN_POINT('',(0.,5.409100045052,1.942339627141E-02));
#1731 = CARTESIAN_POINT('',(0.,3.863645052221,2.233403865717E-02));
#1732 = CARTESIAN_POINT('',(0.,2.318187894862,2.417489747481E-02));
#1733 = CARTESIAN_POINT('',(0.,0.772729442437,2.503809615755E-02));
#1734 = CARTESIAN_POINT('',(0.,-0.772729442437,2.503809615755E-02));
#1735 = CARTESIAN_POINT('',(0.,-2.318187894862,2.417489747481E-02));
#1736 = CARTESIAN_POINT('',(0.,-3.863645052221,2.233403865717E-02));
#1737 = CARTESIAN_POINT('',(0.,-5.409100045052,1.942339627141E-02));
#1738 = CARTESIAN_POINT('',(0.,-6.954552028997,1.535204455454E-02));
#1739 = CARTESIAN_POINT('',(0.,-7.984850720413,1.178530088066E-02));
#1740 = CARTESIAN_POINT('',(0.,-8.5,1.E-02));
#1741 = PCURVE('',#186,#1742);
#1742 = DEFINITIONAL_REPRESENTATION('',(#1743),#1747);
#1743 = LINE('',#1744,#1745);
#1744 = CARTESIAN_POINT('',(0.,0.));
#1745 = VECTOR('',#1746,1.);
#1746 = DIRECTION('',(1.,0.));
#1747 = ( GEOMETRIC_REPRESENTATION_CONTEXT(2) 
PARAMETRIC_REPRESENTATION_CONTEXT() REPRESENTATION_CONTEXT('2D SPACE',''
  ) );
#1748 = PCURVE('',#151,#1749);
#1749 = DEFINITIONAL_REPRESENTATION('',(#1750),#1765);
#1750 = B_SPLINE_CURVE_WITH_KNOTS('',3,(#1751,#1752,#1753,#1754,#1755,
    #1756,#1757,#1758,#1759,#1760,#1761,#1762,#1763,#1764),
  .UNSPECIFIED.,.F.,.F.,(4,1,1,1,1,1,1,1,1,1,1,4),(0.,9.090909090909E-02
    ,0.181818181818,0.272727272727,0.363636363636,0.454545454545,
    0.545454545455,0.636363636364,0.727272727273,0.818181818182,
    0.909090909091,1.),.QUASI_UNIFORM_KNOTS.);
#1751 = CARTESIAN_POINT('',(5.882351922892E-06,-9.999998269897E-03));
#1752 = CARTESIAN_POINT('',(0.51515612299,-1.148226990612E-02));
#1753 = CARTESIAN_POINT('',(1.545456734238,-1.444295501399E-02));
#1754 = CARTESIAN_POINT('',(3.090910845716,-1.760521678144E-02));
#1755 = CARTESIAN_POINT('',(4.636367283309,-1.960676764865E-02));
#1756 = CARTESIAN_POINT('',(6.181825256146,-2.053853385958E-02));
#1757 = CARTESIAN_POINT('',(7.727283948955,-2.049263934296E-02));
#1758 = CARTESIAN_POINT('',(9.272742566448,-1.958354603855E-02));
#1759 = CARTESIAN_POINT('',(10.818200243729,-1.781125445512E-02));
#1760 = CARTESIAN_POINT('',(12.363656050851,-1.506130366775E-02));
#1761 = CARTESIAN_POINT('',(13.909109064159,-1.124157077059E-02));
#1762 = CARTESIAN_POINT('',(15.454558385812,-6.261130513062E-03));
#1763 = CARTESIAN_POINT('',(16.484854800892,-2.088329507353E-03));
#1764 = CARTESIAN_POINT('',(17.000002941176,-1.734723475977E-18));
#1765 = ( GEOMETRIC_REPRESENTATION_CONTEXT(2) 
PARAMETRIC_REPRESENTATION_CONTEXT() REPRESENTATION_CONTEXT('2D SPACE',''
  ) );
#1766 = ORIENTED_EDGE('',*,*,#1767,.T.);
#1767 = EDGE_CURVE('',#1723,#1768,#1770,.T.);
#1768 = VERTEX_POINT('',#1769);
#1769 = CARTESIAN_POINT('',(97.664969053172,-17.5,7.481211826063));
#1770 = SURFACE_CURVE('',#1771,(#1780,#1787),.PCURVE_S1.);
#1771 = B_SPLINE_CURVE_WITH_KNOTS('',3,(#1772,#1773,#1774,#1775,#1776,
    #1777,#1778,#1779),.UNSPECIFIED.,.F.,.F.,(4,1,1,2,4),(0.,
    0.227836592573,0.442835594821,0.514097810881,1.),.UNSPECIFIED.);
#1772 = CARTESIAN_POINT('',(0.,-8.5,1.E-02));
#1773 = CARTESIAN_POINT('',(10.666666666667,-9.833333333333,
    0.800814814815));
#1774 = CARTESIAN_POINT('',(31.495301292007,-12.69461581217,
    2.326515808854));
#1775 = CARTESIAN_POINT('',(55.24104822318,-14.79902822226,
    4.149046340467));
#1776 = CARTESIAN_POINT('',(68.675715949556,-17.5,5.071693331572));
#1777 = CARTESIAN_POINT('',(94.666666666667,-17.5,7.232));
#1778 = CARTESIAN_POINT('',(117.33333333333,-17.5,9.116));
#1779 = CARTESIAN_POINT('',(140.,-17.5,11.));
#1780 = PCURVE('',#186,#1781);
#1781 = DEFINITIONAL_REPRESENTATION('',(#1782),#1786);
#1782 = LINE('',#1783,#1784);
#1783 = CARTESIAN_POINT('',(1.,0.));
#1784 = VECTOR('',#1785,1.);
#1785 = DIRECTION('',(0.,1.));
#1786 = ( GEOMETRIC_REPRESENTATION_CONTEXT(2) 
PARAMETRIC_REPRESENTATION_CONTEXT() REPRESENTATION_CONTEXT('2D SPACE',''
  ) );
#1787 = PCURVE('',#1788,#1829);
#1788 = B_SPLINE_SURFACE_WITH_KNOTS('',3,3,(
    (#1789,#1790,#1791,#1792,#1793,#1794,#1795,#1796)
    ,(#1797,#1798,#1799,#1800,#1801,#1802,#1803,#1804)
    ,(#1805,#1806,#1807,#1808,#1809,#1810,#1811,#1812)
    ,(#1813,#1814,#1815,#1816,#1817,#1818,#1819,#1820)
    ,(#1821,#1822,#1823,#1824,#1825,#1826,#1827,#1828
  )),.UNSPECIFIED.,.F.,.F.,.F.,(4,1,4),(4,1,1,2,4),(0.,0.5,1.),(0.,
    0.227836592573,0.442835594821,0.514097810881,1.),.UNSPECIFIED.);
#1789 = CARTESIAN_POINT('',(0.,-8.5,1.E-02));
#1790 = CARTESIAN_POINT('',(10.666666666667,-9.833333333333,
    0.800814814815));
#1791 = CARTESIAN_POINT('',(31.495301292007,-12.69461581217,
    2.326515808854));
#1792 = CARTESIAN_POINT('',(55.24104822318,-14.79902822226,
    4.149046340467));
#1793 = CARTESIAN_POINT('',(68.675715949556,-17.5,5.071693331572));
#1794 = CARTESIAN_POINT('',(94.666666666667,-17.5,7.232));
#1795 = CARTESIAN_POINT('',(117.33333333333,-17.5,9.116));
#1796 = CARTESIAN_POINT('',(140.,-17.5,11.));
#1797 = CARTESIAN_POINT('',(0.,-8.5,8.333333333333E-03));
#1798 = CARTESIAN_POINT('',(10.666666666667,-9.833333333333,
    0.763289241623));
#1799 = CARTESIAN_POINT('',(31.495301298045,-12.69461580652,
    2.206496690509));
#1800 = CARTESIAN_POINT('',(55.241048218444,-14.7990282267,
    3.991006231751));
#1801 = CARTESIAN_POINT('',(68.675715949556,-17.5,4.819043286525));
#1802 = CARTESIAN_POINT('',(94.666666666667,-17.5,7.049214285714));
#1803 = CARTESIAN_POINT('',(117.33333333333,-17.5,8.701428571429));
#1804 = CARTESIAN_POINT('',(140.,-17.5,10.5));
#1805 = CARTESIAN_POINT('',(0.,-8.5,5.E-03));
#1806 = CARTESIAN_POINT('',(10.666666666667,-9.833333333333,
    0.688238095238));
#1807 = CARTESIAN_POINT('',(31.495301240935,-12.69461586339,
    2.006393769775));
#1808 = CARTESIAN_POINT('',(55.241048263242,-14.79902818208,
    3.581000460578));
#1809 = CARTESIAN_POINT('',(68.675715949556,-17.5,4.378137232327));
#1810 = CARTESIAN_POINT('',(94.666666666667,-17.5,6.244571428571));
#1811 = CARTESIAN_POINT('',(117.33333333333,-17.5,7.872285714286));
#1812 = CARTESIAN_POINT('',(140.,-17.5,9.5));
#1813 = CARTESIAN_POINT('',(0.,-8.5,1.666666666667E-03));
#1814 = CARTESIAN_POINT('',(10.666666666667,-9.833333333333,
    0.613186948854));
#1815 = CARTESIAN_POINT('',(31.495301298045,-12.69461580652,
    1.806290864302));
#1816 = CARTESIAN_POINT('',(55.241048218444,-14.7990282267,
    3.170994677434));
#1817 = CARTESIAN_POINT('',(68.675715949556,-17.5,3.93723117813));
#1818 = CARTESIAN_POINT('',(94.666666666667,-17.5,5.439928571429));
#1819 = CARTESIAN_POINT('',(117.33333333333,-17.5,7.043142857143));
#1820 = CARTESIAN_POINT('',(140.,-17.5,8.5));
#1821 = CARTESIAN_POINT('',(0.,-8.5,0.));
#1822 = CARTESIAN_POINT('',(10.666666666667,-9.833333333333,
    0.575661375661));
#1823 = CARTESIAN_POINT('',(31.495301292007,-12.69461581217,
    1.686271744388));
#1824 = CARTESIAN_POINT('',(55.24104822318,-14.79902822226,
    3.012954569949));
#1825 = CARTESIAN_POINT('',(68.675715949556,-17.5,3.684581133082));
#1826 = CARTESIAN_POINT('',(94.666666666667,-17.5,5.257142857143));
#1827 = CARTESIAN_POINT('',(117.33333333333,-17.5,6.628571428571));
#1828 = CARTESIAN_POINT('',(140.,-17.5,8.));
#1829 = DEFINITIONAL_REPRESENTATION('',(#1830),#1834);
#1830 = LINE('',#1831,#1832);
#1831 = CARTESIAN_POINT('',(0.,0.));
#1832 = VECTOR('',#1833,1.);
#1833 = DIRECTION('',(0.,1.));
#1834 = ( GEOMETRIC_REPRESENTATION_CONTEXT(2) 
PARAMETRIC_REPRESENTATION_CONTEXT() REPRESENTATION_CONTEXT('2D SPACE',''
  ) );
#1835 = ORIENTED_EDGE('',*,*,#1836,.F.);
#1836 = EDGE_CURVE('',#1837,#1768,#1839,.T.);
#1837 = VERTEX_POINT('',#1838);
#1838 = CARTESIAN_POINT('',(113.576313839,-15.91700953958,9.614082676369
    ));
#1839 = SURFACE_CURVE('',#1840,(#1855,#1873),.PCURVE_S1.);
#1840 = B_SPLINE_CURVE_WITH_KNOTS('',4,(#1841,#1842,#1843,#1844,#1845,
    #1846,#1847,#1848,#1849,#1850,#1851,#1852,#1853,#1854),
  .UNSPECIFIED.,.F.,.F.,(5,3,3,3,5),(0.,0.289158607501,0.555907965624,
    0.773189666952,1.),.UNSPECIFIED.);
#1841 = CARTESIAN_POINT('',(113.576313839,-15.91700953958,9.614082676369
    ));
#1842 = CARTESIAN_POINT('',(112.42690756545,-16.02658338607,
    9.454478895936));
#1843 = CARTESIAN_POINT('',(111.27737984591,-16.13699589774,
    9.295305709153));
#1844 = CARTESIAN_POINT('',(110.12772097843,-16.24826870446,
    9.136769662336));
#1845 = CARTESIAN_POINT('',(107.91721445549,-16.46393156295,
    8.833731404565));
#1846 = CARTESIAN_POINT('',(106.85638894963,-16.56818681755,
    8.689094268596));
#1847 = CARTESIAN_POINT('',(105.79542370478,-16.67324814437,
    8.545444728938));
#1848 = CARTESIAN_POINT('',(103.86995872569,-16.86544900912,
    8.287067669688));
#1849 = CARTESIAN_POINT('',(103.0055121664,-16.95229899059,
    8.171916930396));
#1850 = CARTESIAN_POINT('',(102.14095107247,-17.03974949166,
    8.057747685274));
#1851 = CARTESIAN_POINT('',(100.37365800814,-17.21979049678,
    7.82676270697));
#1852 = CARTESIAN_POINT('',(99.47091491625,-17.31243798411,
    7.710049757182));
#1853 = CARTESIAN_POINT('',(98.568022461125,-17.40582472935,
    7.594793556811));
#1854 = CARTESIAN_POINT('',(97.664969126779,-17.5,7.481211845655));
#1855 = PCURVE('',#186,#1856);
#1856 = DEFINITIONAL_REPRESENTATION('',(#1857),#1872);
#1857 = B_SPLINE_CURVE_WITH_KNOTS('',4,(#1858,#1859,#1860,#1861,#1862,
    #1863,#1864,#1865,#1866,#1867,#1868,#1869,#1870,#1871),
  .UNSPECIFIED.,.F.,.F.,(5,3,3,3,5),(0.,0.289158607501,0.555907965624,
    0.773189666952,1.),.UNSPECIFIED.);
#1858 = CARTESIAN_POINT('',(0.949105778025,0.811186368379));
#1859 = CARTESIAN_POINT('',(0.952520507156,0.80297314743));
#1860 = CARTESIAN_POINT('',(0.955958682966,0.794759058675));
#1861 = CARTESIAN_POINT('',(0.959428138874,0.786544032786));
#1862 = CARTESIAN_POINT('',(0.966182741861,0.770748592219));
#1863 = CARTESIAN_POINT('',(0.969461321499,0.763168335813));
#1864 = CARTESIAN_POINT('',(0.972787315451,0.755587080886));
#1865 = CARTESIAN_POINT('',(0.978932672287,0.741828438998));
#1866 = CARTESIAN_POINT('',(0.981731584152,0.735651432005));
#1867 = CARTESIAN_POINT('',(0.984577971004,0.72947360659));
#1868 = CARTESIAN_POINT('',(0.990509559069,0.716845201167));
#1869 = CARTESIAN_POINT('',(0.993599673619,0.710394541688));
#1870 = CARTESIAN_POINT('',(0.996760071761,0.703942814916));
#1871 = CARTESIAN_POINT('',(1.,0.697489938563));
#1872 = ( GEOMETRIC_REPRESENTATION_CONTEXT(2) 
PARAMETRIC_REPRESENTATION_CONTEXT() REPRESENTATION_CONTEXT('2D SPACE',''
  ) );
#1873 = PCURVE('',#1874,#1895);
#1874 = B_SPLINE_SURFACE_WITH_KNOTS('',3,3,(
    (#1875,#1876,#1877,#1878)
    ,(#1879,#1880,#1881,#1882)
    ,(#1883,#1884,#1885,#1886)
    ,(#1887,#1888,#1889,#1890)
    ,(#1891,#1892,#1893,#1894
  )),.UNSPECIFIED.,.F.,.F.,.F.,(4,1,4),(4,4),(0.,0.5,1.),(0.,1.),
  .UNSPECIFIED.);
#1875 = CARTESIAN_POINT('',(126.5,-17.,19.));
#1876 = CARTESIAN_POINT('',(120.53333333333,-16.5,14.666666666667));
#1877 = CARTESIAN_POINT('',(114.56666666666,-16.,10.333333333333));
#1878 = CARTESIAN_POINT('',(108.6,-15.5,6.));
#1879 = CARTESIAN_POINT('',(125.66666666666,-17.08333333333,19.));
#1880 = CARTESIAN_POINT('',(119.2,-16.66666666666,14.666666666667));
#1881 = CARTESIAN_POINT('',(112.73333333333,-16.25,10.333333333333));
#1882 = CARTESIAN_POINT('',(106.26666666666,-15.83333333333,6.));
#1883 = CARTESIAN_POINT('',(124.,-17.25,19.));
#1884 = CARTESIAN_POINT('',(116.53333332853,-16.99999999983,
    14.66666666388));
#1885 = CARTESIAN_POINT('',(109.06666667146,-16.75000000016,
    10.33333333612));
#1886 = CARTESIAN_POINT('',(101.6,-16.5,6.));
#1887 = CARTESIAN_POINT('',(122.33333333333,-17.41666666666,19.));
#1888 = CARTESIAN_POINT('',(113.86666666666,-17.33333333333,
    14.666666666667));
#1889 = CARTESIAN_POINT('',(105.4,-17.25,10.333333333333));
#1890 = CARTESIAN_POINT('',(96.933333333333,-17.16666666666,6.));
#1891 = CARTESIAN_POINT('',(121.5,-17.5,19.));
#1892 = CARTESIAN_POINT('',(112.53333333333,-17.5,14.666666666667));
#1893 = CARTESIAN_POINT('',(103.56666666666,-17.5,10.333333333333));
#1894 = CARTESIAN_POINT('',(94.6,-17.5,6.));
#1895 = DEFINITIONAL_REPRESENTATION('',(#1896),#1911);
#1896 = B_SPLINE_CURVE_WITH_KNOTS('',4,(#1897,#1898,#1899,#1900,#1901,
    #1902,#1903,#1904,#1905,#1906,#1907,#1908,#1909,#1910),
  .UNSPECIFIED.,.F.,.F.,(5,3,3,3,5),(0.,0.289158607501,0.555907965624,
    0.773189666952,1.),.UNSPECIFIED.);
#1897 = CARTESIAN_POINT('',(-1.041766016234E-15,0.721993640279));
#1898 = CARTESIAN_POINT('',(8.085307062631E-02,0.734270854159));
#1899 = CARTESIAN_POINT('',(0.159696367505,0.746514945456));
#1900 = CARTESIAN_POINT('',(0.23668354804,0.758710025988));
#1901 = CARTESIAN_POINT('',(0.381420190416,0.782020661214));
#1902 = CARTESIAN_POINT('',(0.449423373491,0.793146594756));
#1903 = CARTESIAN_POINT('',(0.51609999172,0.804196559345));
#1904 = CARTESIAN_POINT('',(0.63490900651,0.824071717742));
#1905 = CARTESIAN_POINT('',(0.687445615321,0.832929466913));
#1906 = CARTESIAN_POINT('',(0.739253401601,0.841711716533));
#1907 = CARTESIAN_POINT('',(0.843796306267,0.859479791781));
#1908 = CARTESIAN_POINT('',(0.896472376702,0.868457710979));
#1909 = CARTESIAN_POINT('',(0.948512530598,0.877323572563));
#1910 = CARTESIAN_POINT('',(0.999999999968,0.886060627252));
#1911 = ( GEOMETRIC_REPRESENTATION_CONTEXT(2) 
PARAMETRIC_REPRESENTATION_CONTEXT() REPRESENTATION_CONTEXT('2D SPACE',''
  ) );
#1912 = ORIENTED_EDGE('',*,*,#1913,.F.);
#1913 = EDGE_CURVE('',#1914,#1837,#1916,.T.);
#1914 = VERTEX_POINT('',#1915);
#1915 = CARTESIAN_POINT('',(136.43465220381,-17.5,10.703656680227));
#1916 = SURFACE_CURVE('',#1917,(#1932,#1950),.PCURVE_S1.);
#1917 = B_SPLINE_CURVE_WITH_KNOTS('',4,(#1918,#1919,#1920,#1921,#1922,
    #1923,#1924,#1925,#1926,#1927,#1928,#1929,#1930,#1931),
  .UNSPECIFIED.,.F.,.F.,(5,3,3,3,5),(0.,0.257519153096,0.507363385897,
    0.754752790111,1.),.UNSPECIFIED.);
#1918 = CARTESIAN_POINT('',(136.43465220381,-17.5,10.703656680235));
#1919 = CARTESIAN_POINT('',(134.96231399955,-17.39622567154,
    10.650894864159));
#1920 = CARTESIAN_POINT('',(133.49007758756,-17.29290070822,
    10.595088357913));
#1921 = CARTESIAN_POINT('',(132.0179588293,-17.18997556023,
    10.536090706178));
#1922 = CARTESIAN_POINT('',(129.11784392379,-16.9878745999,
    10.413686578973));
#1923 = CARTESIAN_POINT('',(127.6898403418,-16.88867891969,
    10.350460060617));
#1924 = CARTESIAN_POINT('',(126.26196299966,-16.78976077281,
    10.28434054155));
#1925 = CARTESIAN_POINT('',(123.42049006606,-16.59336200107,
    10.14732382554));
#1926 = CARTESIAN_POINT('',(122.00689213468,-16.49587696714,
    10.076475792148));
#1927 = CARTESIAN_POINT('',(120.59341888176,-16.39857957945,
    10.003110529079));
#1928 = CARTESIAN_POINT('',(117.77895311136,-16.20513370887,
    9.852362823496));
#1929 = CARTESIAN_POINT('',(116.37795869386,-16.10898251959,
    9.775017587127));
#1930 = CARTESIAN_POINT('',(114.97708004317,-16.01294980871,
    9.695546948345));
#1931 = CARTESIAN_POINT('',(113.576313839,-15.91700953958,9.614082676369
    ));
#1932 = PCURVE('',#186,#1933);
#1933 = DEFINITIONAL_REPRESENTATION('',(#1934),#1949);
#1934 = B_SPLINE_CURVE_WITH_KNOTS('',4,(#1935,#1936,#1937,#1938,#1939,
    #1940,#1941,#1942,#1943,#1944,#1945,#1946,#1947,#1948),
  .UNSPECIFIED.,.F.,.F.,(5,3,3,3,5),(0.,0.257519153096,0.507363385897,
    0.754752790111,1.),.UNSPECIFIED.);
#1935 = CARTESIAN_POINT('',(1.,0.974523377954));
#1936 = CARTESIAN_POINT('',(0.996552302197,0.964002608004));
#1937 = CARTESIAN_POINT('',(0.993132766463,0.953482565424));
#1938 = CARTESIAN_POINT('',(0.989733156474,0.942963363552));
#1939 = CARTESIAN_POINT('',(0.983083245295,0.922240243239));
#1940 = CARTESIAN_POINT('',(0.979831055166,0.912036271672));
#1941 = CARTESIAN_POINT('',(0.976605064968,0.901833202167));
#1942 = CARTESIAN_POINT('',(0.970249096667,0.881529115126));
#1943 = CARTESIAN_POINT('',(0.967118240021,0.87142808087));
#1944 = CARTESIAN_POINT('',(0.964024469725,0.86132793752));
#1945 = CARTESIAN_POINT('',(0.957943691547,0.841216833416));
#1946 = CARTESIAN_POINT('',(0.954955916022,0.831205859087));
#1947 = CARTESIAN_POINT('',(0.952010315239,0.821195711983));
#1948 = CARTESIAN_POINT('',(0.949105778025,0.811186368379));
#1949 = ( GEOMETRIC_REPRESENTATION_CONTEXT(2) 
PARAMETRIC_REPRESENTATION_CONTEXT() REPRESENTATION_CONTEXT('2D SPACE',''
  ) );
#1950 = PCURVE('',#1951,#1972);
#1951 = B_SPLINE_SURFACE_WITH_KNOTS('',3,3,(
    (#1952,#1953,#1954,#1955)
    ,(#1956,#1957,#1958,#1959)
    ,(#1960,#1961,#1962,#1963)
    ,(#1964,#1965,#1966,#1967)
    ,(#1968,#1969,#1970,#1971
  )),.UNSPECIFIED.,.F.,.F.,.F.,(4,1,4),(4,4),(0.,0.5,1.),(0.,1.),
  .UNSPECIFIED.);
#1952 = CARTESIAN_POINT('',(138.,-17.5,19.));
#1953 = CARTESIAN_POINT('',(137.33333333333,-17.5,15.466666666667));
#1954 = CARTESIAN_POINT('',(136.66666666666,-17.5,11.933333333333));
#1955 = CARTESIAN_POINT('',(136.,-17.5,8.4));
#1956 = CARTESIAN_POINT('',(136.08333333333,-17.41666666666,19.));
#1957 = CARTESIAN_POINT('',(134.53333333333,-17.33333333333,
    15.333333333333));
#1958 = CARTESIAN_POINT('',(132.98333333333,-17.25,11.666666666667));
#1959 = CARTESIAN_POINT('',(131.43333333333,-17.16666666666,8.));
#1960 = CARTESIAN_POINT('',(132.25,-17.25,19.));
#1961 = CARTESIAN_POINT('',(128.93333332978,-16.99999999973,
    15.066666662455));
#1962 = CARTESIAN_POINT('',(125.61666667021,-16.75000000026,
    11.133333337545));
#1963 = CARTESIAN_POINT('',(122.3,-16.5,7.2));
#1964 = CARTESIAN_POINT('',(128.41666666666,-17.08333333333,19.));
#1965 = CARTESIAN_POINT('',(123.33333333333,-16.66666666666,14.8));
#1966 = CARTESIAN_POINT('',(118.25,-16.25,10.6));
#1967 = CARTESIAN_POINT('',(113.16666666666,-15.83333333333,6.4));
#1968 = CARTESIAN_POINT('',(126.5,-17.,19.));
#1969 = CARTESIAN_POINT('',(120.53333333333,-16.5,14.666666666667));
#1970 = CARTESIAN_POINT('',(114.56666666666,-16.,10.333333333333));
#1971 = CARTESIAN_POINT('',(108.6,-15.5,6.));
#1972 = DEFINITIONAL_REPRESENTATION('',(#1973),#1988);
#1973 = B_SPLINE_CURVE_WITH_KNOTS('',4,(#1974,#1975,#1976,#1977,#1978,
    #1979,#1980,#1981,#1982,#1983,#1984,#1985,#1986,#1987),
  .UNSPECIFIED.,.F.,.F.,(5,3,3,3,5),(0.,0.257519153096,0.507363385897,
    0.754752790111,1.),.UNSPECIFIED.);
#1974 = CARTESIAN_POINT('',(2.30998577766E-10,0.782673898069));
#1975 = CARTESIAN_POINT('',(6.199131921482E-02,0.776665968535));
#1976 = CARTESIAN_POINT('',(0.124604807239,0.77106005853));
#1977 = CARTESIAN_POINT('',(0.187753267485,0.765855924963));
#1978 = CARTESIAN_POINT('',(0.313051379846,0.756354140106));
#1979 = CARTESIAN_POINT('',(0.375175332327,0.752034573323));
#1980 = CARTESIAN_POINT('',(0.437643482572,0.748055800145));
#1981 = CARTESIAN_POINT('',(0.562520038443,0.740761453534));
#1982 = CARTESIAN_POINT('',(0.624923123744,0.737440174975));
#1983 = CARTESIAN_POINT('',(0.687536063639,0.734400532954));
#1984 = CARTESIAN_POINT('',(0.812540379198,0.72885692587));
#1985 = CARTESIAN_POINT('',(0.874928770924,0.726348817078));
#1986 = CARTESIAN_POINT('',(0.937427904915,0.72406745939));
#1987 = CARTESIAN_POINT('',(1.,0.721993640279));
#1988 = ( GEOMETRIC_REPRESENTATION_CONTEXT(2) 
PARAMETRIC_REPRESENTATION_CONTEXT() REPRESENTATION_CONTEXT('2D SPACE',''
  ) );
#1989 = ORIENTED_EDGE('',*,*,#1990,.T.);
#1990 = EDGE_CURVE('',#1914,#1991,#1993,.T.);
#1991 = VERTEX_POINT('',#1992);
#1992 = CARTESIAN_POINT('',(140.,-17.5,11.));
#1993 = SURFACE_CURVE('',#1994,(#2003,#2010),.PCURVE_S1.);
#1994 = B_SPLINE_CURVE_WITH_KNOTS('',3,(#1995,#1996,#1997,#1998,#1999,
    #2000,#2001,#2002),.UNSPECIFIED.,.F.,.F.,(4,1,1,2,4),(0.,
    0.227836592573,0.442835594821,0.514097810881,1.),.UNSPECIFIED.);
#1995 = CARTESIAN_POINT('',(0.,-8.5,1.E-02));
#1996 = CARTESIAN_POINT('',(10.666666666667,-9.833333333333,
    0.800814814815));
#1997 = CARTESIAN_POINT('',(31.495301292007,-12.69461581217,
    2.326515808854));
#1998 = CARTESIAN_POINT('',(55.24104822318,-14.79902822226,
    4.149046340467));
#1999 = CARTESIAN_POINT('',(68.675715949556,-17.5,5.071693331572));
#2000 = CARTESIAN_POINT('',(94.666666666667,-17.5,7.232));
#2001 = CARTESIAN_POINT('',(117.33333333333,-17.5,9.116));
#2002 = CARTESIAN_POINT('',(140.,-17.5,11.));
#2003 = PCURVE('',#186,#2004);
#2004 = DEFINITIONAL_REPRESENTATION('',(#2005),#2009);
#2005 = LINE('',#2006,#2007);
#2006 = CARTESIAN_POINT('',(1.,0.));
#2007 = VECTOR('',#2008,1.);
#2008 = DIRECTION('',(0.,1.));
#2009 = ( GEOMETRIC_REPRESENTATION_CONTEXT(2) 
PARAMETRIC_REPRESENTATION_CONTEXT() REPRESENTATION_CONTEXT('2D SPACE',''
  ) );
#2010 = PCURVE('',#2011,#2052);
#2011 = B_SPLINE_SURFACE_WITH_KNOTS('',3,3,(
    (#2012,#2013,#2014,#2015,#2016,#2017,#2018,#2019)
    ,(#2020,#2021,#2022,#2023,#2024,#2025,#2026,#2027)
    ,(#2028,#2029,#2030,#2031,#2032,#2033,#2034,#2035)
    ,(#2036,#2037,#2038,#2039,#2040,#2041,#2042,#2043)
    ,(#2044,#2045,#2046,#2047,#2048,#2049,#2050,#2051
  )),.UNSPECIFIED.,.F.,.F.,.F.,(4,1,4),(4,1,1,2,4),(0.,0.5,1.),(0.,
    0.227836592573,0.442835594821,0.514097810881,1.),.UNSPECIFIED.);
#2012 = CARTESIAN_POINT('',(0.,-8.5,1.E-02));
#2013 = CARTESIAN_POINT('',(10.666666666667,-9.833333333333,
    0.800814814815));
#2014 = CARTESIAN_POINT('',(31.495301292007,-12.69461581217,
    2.326515808854));
#2015 = CARTESIAN_POINT('',(55.24104822318,-14.79902822226,
    4.149046340467));
#2016 = CARTESIAN_POINT('',(68.675715949556,-17.5,5.071693331572));
#2017 = CARTESIAN_POINT('',(94.666666666667,-17.5,7.232));
#2018 = CARTESIAN_POINT('',(117.33333333333,-17.5,9.116));
#2019 = CARTESIAN_POINT('',(140.,-17.5,11.));
#2020 = CARTESIAN_POINT('',(0.,-8.5,8.333333333333E-03));
#2021 = CARTESIAN_POINT('',(10.666666666667,-9.833333333333,
    0.763289241623));
#2022 = CARTESIAN_POINT('',(31.495301298045,-12.69461580652,
    2.206496690509));
#2023 = CARTESIAN_POINT('',(55.241048218444,-14.7990282267,
    3.991006231751));
#2024 = CARTESIAN_POINT('',(68.675715949556,-17.5,4.819043286525));
#2025 = CARTESIAN_POINT('',(94.666666666667,-17.5,7.049214285714));
#2026 = CARTESIAN_POINT('',(117.33333333333,-17.5,8.701428571429));
#2027 = CARTESIAN_POINT('',(140.,-17.5,10.5));
#2028 = CARTESIAN_POINT('',(0.,-8.5,5.E-03));
#2029 = CARTESIAN_POINT('',(10.666666666667,-9.833333333333,
    0.688238095238));
#2030 = CARTESIAN_POINT('',(31.495301240935,-12.69461586339,
    2.006393769775));
#2031 = CARTESIAN_POINT('',(55.241048263242,-14.79902818208,
    3.581000460578));
#2032 = CARTESIAN_POINT('',(68.675715949556,-17.5,4.378137232327));
#2033 = CARTESIAN_POINT('',(94.666666666667,-17.5,6.244571428571));
#2034 = CARTESIAN_POINT('',(117.33333333333,-17.5,7.872285714286));
#2035 = CARTESIAN_POINT('',(140.,-17.5,9.5));
#2036 = CARTESIAN_POINT('',(0.,-8.5,1.666666666667E-03));
#2037 = CARTESIAN_POINT('',(10.666666666667,-9.833333333333,
    0.613186948854));
#2038 = CARTESIAN_POINT('',(31.495301298045,-12.69461580652,
    1.806290864302));
#2039 = CARTESIAN_POINT('',(55.241048218444,-14.7990282267,
    3.170994677434));
#2040 = CARTESIAN_POINT('',(68.675715949556,-17.5,3.93723117813));
#2041 = CARTESIAN_POINT('',(94.666666666667,-17.5,5.439928571429));
#2042 = CARTESIAN_POINT('',(117.33333333333,-17.5,7.043142857143));
#2043 = CARTESIAN_POINT('',(140.,-17.5,8.5));
#2044 = CARTESIAN_POINT('',(0.,-8.5,0.));
#2045 = CARTESIAN_POINT('',(10.666666666667,-9.833333333333,
    0.575661375661));
#2046 = CARTESIAN_POINT('',(31.495301292007,-12.69461581217,
    1.686271744388));
#2047 = CARTESIAN_POINT('',(55.24104822318,-14.79902822226,
    3.012954569949));
#2048 = CARTESIAN_POINT('',(68.675715949556,-17.5,3.684581133082));
#2049 = CARTESIAN_POINT('',(94.666666666667,-17.5,5.257142857143));
#2050 = CARTESIAN_POINT('',(117.33333333333,-17.5,6.628571428571));
#2051 = CARTESIAN_POINT('',(140.,-17.5,8.));
#2052 = DEFINITIONAL_REPRESENTATION('',(#2053),#2057);
#2053 = LINE('',#2054,#2055);
#2054 = CARTESIAN_POINT('',(0.,0.));
#2055 = VECTOR('',#2056,1.);
#2056 = DIRECTION('',(0.,1.));
#2057 = ( GEOMETRIC_REPRESENTATION_CONTEXT(2) 
PARAMETRIC_REPRESENTATION_CONTEXT() REPRESENTATION_CONTEXT('2D SPACE',''
  ) );
#2058 = ORIENTED_EDGE('',*,*,#2059,.F.);
#2059 = EDGE_CURVE('',#2060,#1991,#2062,.T.);
#2060 = VERTEX_POINT('',#2061);
#2061 = CARTESIAN_POINT('',(140.,17.5,11.));
#2062 = SURFACE_CURVE('',#2063,(#2078,#2085),.PCURVE_S1.);
#2063 = B_SPLINE_CURVE_WITH_KNOTS('',3,(#2064,#2065,#2066,#2067,#2068,
    #2069,#2070,#2071,#2072,#2073,#2074,#2075,#2076,#2077),
  .UNSPECIFIED.,.F.,.F.,(4,1,1,1,1,1,1,1,1,1,1,4),(0.,9.090909090909E-02
    ,0.181818181818,0.272727272727,0.363636363636,0.454545454545,
    0.545454545455,0.636363636364,0.727272727273,0.818181818182,
    0.909090909091,1.),.QUASI_UNIFORM_KNOTS.);
#2064 = CARTESIAN_POINT('',(140.,17.5,11.));
#2065 = CARTESIAN_POINT('',(140.,16.591088900468,11.627726001049));
#2066 = CARTESIAN_POINT('',(140.,14.746870603633,12.829649567046));
#2067 = CARTESIAN_POINT('',(140.,11.709970171929,14.055795846923));
#2068 = CARTESIAN_POINT('',(140.,8.49751238641,14.869300498468));
#2069 = CARTESIAN_POINT('',(140.,5.150872114904,15.326973321597));
#2070 = CARTESIAN_POINT('',(140.,1.725815649945,15.509350323142));
#2071 = CARTESIAN_POINT('',(140.,-1.725815649945,15.509350323142));
#2072 = CARTESIAN_POINT('',(140.,-5.150872114904,15.326973321597));
#2073 = CARTESIAN_POINT('',(140.,-8.49751238641,14.869300498468));
#2074 = CARTESIAN_POINT('',(140.,-11.70997017192,14.055795846923));
#2075 = CARTESIAN_POINT('',(140.,-14.74687060363,12.829649567046));
#2076 = CARTESIAN_POINT('',(140.,-16.59108890046,11.627726001049));
#2077 = CARTESIAN_POINT('',(140.,-17.5,11.));
#2078 = PCURVE('',#186,#2079);
#2079 = DEFINITIONAL_REPRESENTATION('',(#2080),#2084);
#2080 = LINE('',#2081,#2082);
#2081 = CARTESIAN_POINT('',(0.,1.));
#2082 = VECTOR('',#2083,1.);
#2083 = DIRECTION('',(1.,0.));
#2084 = ( GEOMETRIC_REPRESENTATION_CONTEXT(2) 
PARAMETRIC_REPRESENTATION_CONTEXT() REPRESENTATION_CONTEXT('2D SPACE',''
  ) );
#2085 = PCURVE('',#959,#2086);
#2086 = DEFINITIONAL_REPRESENTATION('',(#2087),#2102);
#2087 = B_SPLINE_CURVE_WITH_KNOTS('',3,(#2088,#2089,#2090,#2091,#2092,
    #2093,#2094,#2095,#2096,#2097,#2098,#2099,#2100,#2101),
  .UNSPECIFIED.,.F.,.F.,(4,1,1,1,1,1,1,1,1,1,1,4),(0.,9.090909090909E-02
    ,0.181818181818,0.272727272727,0.363636363636,0.454545454545,
    0.545454545455,0.636363636364,0.727272727273,0.818181818182,
    0.909090909091,1.),.QUASI_UNIFORM_KNOTS.);
#2088 = CARTESIAN_POINT('',(0.256203424039,2.989039947125));
#2089 = CARTESIAN_POINT('',(1.215402469278,3.536850599504));
#2090 = CARTESIAN_POINT('',(3.155528833778,4.576884769448));
#2091 = CARTESIAN_POINT('',(6.286048694138,5.539196743616));
#2092 = CARTESIAN_POINT('',(9.556244469661,6.075381815752));
#2093 = CARTESIAN_POINT('',(12.929744071183,6.245575700571));
#2094 = CARTESIAN_POINT('',(16.357862806911,6.13478268364));
#2095 = CARTESIAN_POINT('',(19.796884086283,5.840009431122));
#2096 = CARTESIAN_POINT('',(23.193852413837,5.365794985486));
#2097 = CARTESIAN_POINT('',(26.489180452442,4.623987302942));
#2098 = CARTESIAN_POINT('',(29.6204277765,3.539107107985));
#2099 = CARTESIAN_POINT('',(32.541519053342,2.058085607771));
#2100 = CARTESIAN_POINT('',(34.276354129147,0.703054742944));
#2101 = CARTESIAN_POINT('',(35.128336140501,0.));
#2102 = ( GEOMETRIC_REPRESENTATION_CONTEXT(2) 
PARAMETRIC_REPRESENTATION_CONTEXT() REPRESENTATION_CONTEXT('2D SPACE',''
  ) );
#2103 = ORIENTED_EDGE('',*,*,#2104,.F.);
#2104 = EDGE_CURVE('',#1210,#2060,#2105,.T.);
#2105 = SURFACE_CURVE('',#2106,(#2115,#2122),.PCURVE_S1.);
#2106 = B_SPLINE_CURVE_WITH_KNOTS('',3,(#2107,#2108,#2109,#2110,#2111,
    #2112,#2113,#2114),.UNSPECIFIED.,.F.,.F.,(4,1,1,2,4),(0.,
    0.227836592573,0.442835594821,0.514097810881,1.),.UNSPECIFIED.);
#2107 = CARTESIAN_POINT('',(0.,8.5,1.E-02));
#2108 = CARTESIAN_POINT('',(10.666666666667,9.833333333333,
    0.800814814815));
#2109 = CARTESIAN_POINT('',(31.495301292007,12.694615812178,
    2.326515808854));
#2110 = CARTESIAN_POINT('',(55.24104822318,14.799028222266,
    4.149046340467));
#2111 = CARTESIAN_POINT('',(68.675715949556,17.5,5.071693331572));
#2112 = CARTESIAN_POINT('',(94.666666666667,17.5,7.232));
#2113 = CARTESIAN_POINT('',(117.33333333333,17.5,9.116));
#2114 = CARTESIAN_POINT('',(140.,17.5,11.));
#2115 = PCURVE('',#186,#2116);
#2116 = DEFINITIONAL_REPRESENTATION('',(#2117),#2121);
#2117 = LINE('',#2118,#2119);
#2118 = CARTESIAN_POINT('',(0.,0.));
#2119 = VECTOR('',#2120,1.);
#2120 = DIRECTION('',(0.,1.));
#2121 = ( GEOMETRIC_REPRESENTATION_CONTEXT(2) 
PARAMETRIC_REPRESENTATION_CONTEXT() REPRESENTATION_CONTEXT('2D SPACE',''
  ) );
#2122 = PCURVE('',#895,#2123);
#2123 = DEFINITIONAL_REPRESENTATION('',(#2124),#2128);
#2124 = LINE('',#2125,#2126);
#2125 = CARTESIAN_POINT('',(1.,0.));
#2126 = VECTOR('',#2127,1.);
#2127 = DIRECTION('',(0.,1.));
#2128 = ( GEOMETRIC_REPRESENTATION_CONTEXT(2) 
PARAMETRIC_REPRESENTATION_CONTEXT() REPRESENTATION_CONTEXT('2D SPACE',''
  ) );
#2129 = ORIENTED_EDGE('',*,*,#2130,.F.);
#2130 = EDGE_CURVE('',#2131,#1210,#2133,.T.);
#2131 = VERTEX_POINT('',#2132);
#2132 = CARTESIAN_POINT('',(113.576313839,15.917009539581,9.614082676369
    ));
#2133 = SURFACE_CURVE('',#2134,(#2149,#2167),.PCURVE_S1.);
#2134 = B_SPLINE_CURVE_WITH_KNOTS('',4,(#2135,#2136,#2137,#2138,#2139,
    #2140,#2141,#2142,#2143,#2144,#2145,#2146,#2147,#2148),
  .UNSPECIFIED.,.F.,.F.,(5,3,3,3,5),(0.,0.281436514274,0.516931808103,
    0.755597596311,1.),.UNSPECIFIED.);
#2135 = CARTESIAN_POINT('',(113.576313839,15.917009539581,9.614082676369
    ));
#2136 = CARTESIAN_POINT('',(115.18378069529,16.027106989889,
    9.707567824994));
#2137 = CARTESIAN_POINT('',(116.79139556227,16.137326222935,
    9.798428491145));
#2138 = CARTESIAN_POINT('',(118.39916366885,16.247706447128,
    9.886462739607));
#2139 = CARTESIAN_POINT('',(121.35254107129,16.450838092784,
    10.042477305575));
#2140 = CARTESIAN_POINT('',(122.69810274164,16.543525994935,
    10.111388617256));
#2141 = CARTESIAN_POINT('',(124.0437777287,16.636392623534,
    10.177979542155));
#2142 = CARTESIAN_POINT('',(126.75347123578,16.823810057447,
    10.307119217147));
#2143 = CARTESIAN_POINT('',(128.11749270438,16.918366549822,
    10.369604855813));
#2144 = CARTESIAN_POINT('',(129.48162867287,17.01318283751,
    10.429436525391));
#2145 = CARTESIAN_POINT('',(132.24290704511,17.205706189882,
    10.545080915058));
#2146 = CARTESIAN_POINT('',(133.64005471204,17.303427575336,
    10.600765601266));
#2147 = CARTESIAN_POINT('',(135.03730761068,17.401511430943,
    10.65358223547));
#2148 = CARTESIAN_POINT('',(136.43465220381,17.5,10.703656680235));
#2149 = PCURVE('',#186,#2150);
#2150 = DEFINITIONAL_REPRESENTATION('',(#2151),#2166);
#2151 = B_SPLINE_CURVE_WITH_KNOTS('',4,(#2152,#2153,#2154,#2155,#2156,
    #2157,#2158,#2159,#2160,#2161,#2162,#2163,#2164,#2165),
  .UNSPECIFIED.,.F.,.F.,(5,3,3,3,5),(0.,0.281436514274,0.516931808103,
    0.755597596311,1.),.UNSPECIFIED.);
#2152 = CARTESIAN_POINT('',(5.089422197453E-02,0.811186368379));
#2153 = CARTESIAN_POINT('',(4.756108526642E-02,0.822672716385));
#2154 = CARTESIAN_POINT('',(4.41738652625E-02,0.834160122019));
#2155 = CARTESIAN_POINT('',(4.073090283049E-02,0.845648622645));
#2156 = CARTESIAN_POINT('',(3.431387144463E-02,0.866752336545));
#2157 = CARTESIAN_POINT('',(3.135492649781E-02,0.876367209504));
#2158 = CARTESIAN_POINT('',(2.83635210033E-02,0.885982892181));
#2159 = CARTESIAN_POINT('',(2.228496605943E-02,0.905345333459));
#2160 = CARTESIAN_POINT('',(1.91968560968E-02,0.91509211313));
#2161 = CARTESIAN_POINT('',(1.608557592276E-02,0.924839710973));
#2162 = CARTESIAN_POINT('',(9.747228899269E-03,0.944570758118));
#2163 = CARTESIAN_POINT('',(6.518790783162E-03,0.954554245028));
#2164 = CARTESIAN_POINT('',(3.272098129481E-03,0.964538483884));
#2165 = CARTESIAN_POINT('',(0.,0.974523377954));
#2166 = ( GEOMETRIC_REPRESENTATION_CONTEXT(2) 
PARAMETRIC_REPRESENTATION_CONTEXT() REPRESENTATION_CONTEXT('2D SPACE',''
  ) );
#2167 = PCURVE('',#2168,#2189);
#2168 = B_SPLINE_SURFACE_WITH_KNOTS('',3,3,(
    (#2169,#2170,#2171,#2172)
    ,(#2173,#2174,#2175,#2176)
    ,(#2177,#2178,#2179,#2180)
    ,(#2181,#2182,#2183,#2184)
    ,(#2185,#2186,#2187,#2188
  )),.UNSPECIFIED.,.F.,.F.,.F.,(4,1,4),(4,4),(0.,0.5,1.),(0.,1.),
  .UNSPECIFIED.);
#2169 = CARTESIAN_POINT('',(126.5,17.,19.));
#2170 = CARTESIAN_POINT('',(120.53333333333,16.5,14.666666666667));
#2171 = CARTESIAN_POINT('',(114.56666666666,16.,10.333333333333));
#2172 = CARTESIAN_POINT('',(108.6,15.5,6.));
#2173 = CARTESIAN_POINT('',(128.41666666666,17.083333333333,19.));
#2174 = CARTESIAN_POINT('',(123.33333333333,16.666666666667,14.8));
#2175 = CARTESIAN_POINT('',(118.25,16.25,10.6));
#2176 = CARTESIAN_POINT('',(113.16666666666,15.833333333333,6.4));
#2177 = CARTESIAN_POINT('',(132.25,17.25,19.));
#2178 = CARTESIAN_POINT('',(128.93333332978,16.999999999732,
    15.066666662455));
#2179 = CARTESIAN_POINT('',(125.61666667021,16.750000000268,
    11.133333337545));
#2180 = CARTESIAN_POINT('',(122.3,16.5,7.2));
#2181 = CARTESIAN_POINT('',(136.08333333333,17.416666666667,19.));
#2182 = CARTESIAN_POINT('',(134.53333333333,17.333333333333,
    15.333333333333));
#2183 = CARTESIAN_POINT('',(132.98333333333,17.25,11.666666666667));
#2184 = CARTESIAN_POINT('',(131.43333333333,17.166666666667,8.));
#2185 = CARTESIAN_POINT('',(138.,17.5,19.));
#2186 = CARTESIAN_POINT('',(137.33333333333,17.5,15.466666666667));
#2187 = CARTESIAN_POINT('',(136.66666666666,17.5,11.933333333333));
#2188 = CARTESIAN_POINT('',(136.,17.5,8.4));
#2189 = DEFINITIONAL_REPRESENTATION('',(#2190),#2205);
#2190 = B_SPLINE_CURVE_WITH_KNOTS('',4,(#2191,#2192,#2193,#2194,#2195,
    #2196,#2197,#2198,#2199,#2200,#2201,#2202,#2203,#2204),
  .UNSPECIFIED.,.F.,.F.,(5,3,3,3,5),(0.,0.281436514274,0.516931808103,
    0.755597596311,1.),.UNSPECIFIED.);
#2191 = CARTESIAN_POINT('',(0.,0.721993640279));
#2192 = CARTESIAN_POINT('',(7.180541746777E-02,0.724373492911));
#2193 = CARTESIAN_POINT('',(0.143514638773,0.727026580624));
#2194 = CARTESIAN_POINT('',(0.215070909717,0.729982155493));
#2195 = CARTESIAN_POINT('',(0.346085777424,0.736037266165));
#2196 = CARTESIAN_POINT('',(0.405612213604,0.739034264552));
#2197 = CARTESIAN_POINT('',(0.464935621733,0.742292467797));
#2198 = CARTESIAN_POINT('',(0.583859934554,0.749423483739));
#2199 = CARTESIAN_POINT('',(0.643453956866,0.753303628193));
#2200 = CARTESIAN_POINT('',(0.702723593867,0.757497843385));
#2201 = CARTESIAN_POINT('',(0.821891936555,0.766654286782));
#2202 = CARTESIAN_POINT('',(0.881772052868,0.771632158154));
#2203 = CARTESIAN_POINT('',(0.941166197649,0.776971990245));
#2204 = CARTESIAN_POINT('',(0.9999999998,0.782673898072));
#2205 = ( GEOMETRIC_REPRESENTATION_CONTEXT(2) 
PARAMETRIC_REPRESENTATION_CONTEXT() REPRESENTATION_CONTEXT('2D SPACE',''
  ) );
#2206 = ORIENTED_EDGE('',*,*,#2207,.F.);
#2207 = EDGE_CURVE('',#166,#2131,#2208,.T.);
#2208 = SURFACE_CURVE('',#2209,(#2224,#2242),.PCURVE_S1.);
#2209 = B_SPLINE_CURVE_WITH_KNOTS('',5,(#2210,#2211,#2212,#2213,#2214,
    #2215,#2216,#2217,#2218,#2219,#2220,#2221,#2222,#2223),
  .UNSPECIFIED.,.F.,.F.,(6,4,4,6),(0.,0.348561015643,0.742136632166,1.),
  .UNSPECIFIED.);
#2210 = CARTESIAN_POINT('',(97.664969126779,17.5,7.481211845655));
#2211 = CARTESIAN_POINT('',(98.775215519558,17.384217541068,
    7.620853370273));
#2212 = CARTESIAN_POINT('',(99.885233850915,17.269552300884,
    7.762867182411));
#2213 = CARTESIAN_POINT('',(100.99504091649,17.155933559025,
    7.906939789517));
#2214 = CARTESIAN_POINT('',(102.10465531612,17.043293504671,
    8.052768315867));
#2215 = CARTESIAN_POINT('',(104.46681119828,16.805434694474,
    8.366444837026));
#2216 = CARTESIAN_POINT('',(105.719304159,16.680469826382,8.534702961913
    ));
#2217 = CARTESIAN_POINT('',(106.97159855693,16.556604339478,
    8.704493046781));
#2218 = CARTESIAN_POINT('',(108.22371540324,16.433777512235,
    8.875495145294));
#2219 = CARTESIAN_POINT('',(110.29592975163,16.23212552396,
    9.160101810862));
#2220 = CARTESIAN_POINT('',(111.11611890955,16.15273176319,
    9.273165429357));
#2221 = CARTESIAN_POINT('',(111.93624366862,16.073753424058,
    9.386559981989));
#2222 = CARTESIAN_POINT('',(112.75630772942,15.995181399962,
    9.500218620703));
#2223 = CARTESIAN_POINT('',(113.576313839,15.917009539581,9.614082676369
    ));
#2224 = PCURVE('',#186,#2225);
#2225 = DEFINITIONAL_REPRESENTATION('',(#2226),#2241);
#2226 = B_SPLINE_CURVE_WITH_KNOTS('',5,(#2227,#2228,#2229,#2230,#2231,
    #2232,#2233,#2234,#2235,#2236,#2237,#2238,#2239,#2240),
  .UNSPECIFIED.,.F.,.F.,(6,4,4,6),(0.,0.348561015643,0.742136632166,1.),
  .UNSPECIFIED.);
#2227 = CARTESIAN_POINT('',(0.,0.697489938563));
#2228 = CARTESIAN_POINT('',(3.983276544752E-03,0.705423337867));
#2229 = CARTESIAN_POINT('',(7.853917672045E-03,0.713355107532));
#2230 = CARTESIAN_POINT('',(1.162504948256E-02,0.721285367571));
#2231 = CARTESIAN_POINT('',(1.531131793782E-02,0.729214250892));
#2232 = CARTESIAN_POINT('',(2.300595881624E-02,0.746093320219));
#2233 = CARTESIAN_POINT('',(2.699443175638E-02,0.755043159505));
#2234 = CARTESIAN_POINT('',(3.090920539323E-02,0.763991579937));
#2235 = CARTESIAN_POINT('',(3.476573446857E-02,0.772938731652));
#2236 = CARTESIAN_POINT('',(4.10730863849E-02,0.787745988832));
#2237 = CARTESIAN_POINT('',(4.355005800743E-02,0.793606749234));
#2238 = CARTESIAN_POINT('',(4.601078160904E-02,0.799467049466));
#2239 = CARTESIAN_POINT('',(4.845809598764E-02,0.805326915971));
#2240 = CARTESIAN_POINT('',(5.089422197453E-02,0.811186368379));
#2241 = ( GEOMETRIC_REPRESENTATION_CONTEXT(2) 
PARAMETRIC_REPRESENTATION_CONTEXT() REPRESENTATION_CONTEXT('2D SPACE',''
  ) );
#2242 = PCURVE('',#2243,#2264);
#2243 = B_SPLINE_SURFACE_WITH_KNOTS('',3,3,(
    (#2244,#2245,#2246,#2247)
    ,(#2248,#2249,#2250,#2251)
    ,(#2252,#2253,#2254,#2255)
    ,(#2256,#2257,#2258,#2259)
    ,(#2260,#2261,#2262,#2263
  )),.UNSPECIFIED.,.F.,.F.,.F.,(4,1,4),(4,4),(0.,0.5,1.),(0.,1.),
  .UNSPECIFIED.);
#2244 = CARTESIAN_POINT('',(121.5,17.5,19.));
#2245 = CARTESIAN_POINT('',(112.53333333333,17.5,14.666666666667));
#2246 = CARTESIAN_POINT('',(103.56666666666,17.5,10.333333333333));
#2247 = CARTESIAN_POINT('',(94.6,17.5,6.));
#2248 = CARTESIAN_POINT('',(122.33333333333,17.416666666667,19.));
#2249 = CARTESIAN_POINT('',(113.86666666666,17.333333333333,
    14.666666666667));
#2250 = CARTESIAN_POINT('',(105.4,17.25,10.333333333333));
#2251 = CARTESIAN_POINT('',(96.933333333333,17.166666666667,6.));
#2252 = CARTESIAN_POINT('',(124.,17.25,19.));
#2253 = CARTESIAN_POINT('',(116.53333332853,16.999999999839,
    14.66666666388));
#2254 = CARTESIAN_POINT('',(109.06666667146,16.750000000161,
    10.33333333612));
#2255 = CARTESIAN_POINT('',(101.6,16.5,6.));
#2256 = CARTESIAN_POINT('',(125.66666666666,17.083333333333,19.));
#2257 = CARTESIAN_POINT('',(119.2,16.666666666667,14.666666666667));
#2258 = CARTESIAN_POINT('',(112.73333333333,16.25,10.333333333333));
#2259 = CARTESIAN_POINT('',(106.26666666666,15.833333333333,6.));
#2260 = CARTESIAN_POINT('',(126.5,17.,19.));
#2261 = CARTESIAN_POINT('',(120.53333333333,16.5,14.666666666667));
#2262 = CARTESIAN_POINT('',(114.56666666666,16.,10.333333333333));
#2263 = CARTESIAN_POINT('',(108.6,15.5,6.));
#2264 = DEFINITIONAL_REPRESENTATION('',(#2265),#2280);
#2265 = B_SPLINE_CURVE_WITH_KNOTS('',5,(#2266,#2267,#2268,#2269,#2270,
    #2271,#2272,#2273,#2274,#2275,#2276,#2277,#2278,#2279),
  .UNSPECIFIED.,.F.,.F.,(6,4,4,6),(0.,0.348561015643,0.742136632166,1.),
  .UNSPECIFIED.);
#2266 = CARTESIAN_POINT('',(4.041452965387E-11,0.88606062725));
#2267 = CARTESIAN_POINT('',(6.330054979772E-02,0.875318971534));
#2268 = CARTESIAN_POINT('',(0.127384320274,0.864394832105));
#2269 = CARTESIAN_POINT('',(0.192371891475,0.853312323906));
#2270 = CARTESIAN_POINT('',(0.258382491451,0.842094744945));
#2271 = CARTESIAN_POINT('',(0.401349447335,0.817965781795));
#2272 = CARTESIAN_POINT('',(0.478618878824,0.805022849118));
#2273 = CARTESIAN_POINT('',(0.557502183113,0.791962073358));
#2274 = CARTESIAN_POINT('',(0.638158722623,0.778808065772));
#2275 = CARTESIAN_POINT('',(0.774851497229,0.756915245331));
#2276 = CARTESIAN_POINT('',(0.829787434743,0.748218043903));
#2277 = CARTESIAN_POINT('',(0.885595048196,0.739495386004));
#2278 = CARTESIAN_POINT('',(0.942318030103,0.730752413792));
#2279 = CARTESIAN_POINT('',(1.,0.721993640279));
#2280 = ( GEOMETRIC_REPRESENTATION_CONTEXT(2) 
PARAMETRIC_REPRESENTATION_CONTEXT() REPRESENTATION_CONTEXT('2D SPACE',''
  ) );
#2281 = ADVANCED_FACE('',(#2282),#151,.F.);
#2282 = FACE_BOUND('',#2283,.F.);
#2283 = EDGE_LOOP('',(#2284,#2285,#2286,#2313,#2381,#2449,#2517,#2542));
#2284 = ORIENTED_EDGE('',*,*,#133,.T.);
#2285 = ORIENTED_EDGE('',*,*,#1722,.T.);
#2286 = ORIENTED_EDGE('',*,*,#2287,.T.);
#2287 = EDGE_CURVE('',#1723,#2288,#2290,.T.);
#2288 = VERTEX_POINT('',#2289);
#2289 = CARTESIAN_POINT('',(0.,-8.5,0.));
#2290 = SURFACE_CURVE('',#2291,(#2297,#2306),.PCURVE_S1.);
#2291 = B_SPLINE_CURVE_WITH_KNOTS('',3,(#2292,#2293,#2294,#2295,#2296),
  .UNSPECIFIED.,.F.,.F.,(4,1,4),(0.,0.5,1.),.QUASI_UNIFORM_KNOTS.);
#2292 = CARTESIAN_POINT('',(0.,-8.5,1.E-02));
#2293 = CARTESIAN_POINT('',(0.,-8.5,8.333333333333E-03));
#2294 = CARTESIAN_POINT('',(0.,-8.5,5.E-03));
#2295 = CARTESIAN_POINT('',(0.,-8.5,1.666666666667E-03));
#2296 = CARTESIAN_POINT('',(0.,-8.5,0.));
#2297 = PCURVE('',#151,#2298);
#2298 = DEFINITIONAL_REPRESENTATION('',(#2299),#2305);
#2299 = B_SPLINE_CURVE_WITH_KNOTS('',3,(#2300,#2301,#2302,#2303,#2304),
  .UNSPECIFIED.,.F.,.F.,(4,1,4),(0.,0.5,1.),.QUASI_UNIFORM_KNOTS.);
#2300 = CARTESIAN_POINT('',(17.000002941176,-1.734723475977E-18));
#2301 = CARTESIAN_POINT('',(17.000001960784,1.666666378316E-03));
#2302 = CARTESIAN_POINT('',(17.,4.999999134948E-03));
#2303 = CARTESIAN_POINT('',(16.999998039216,8.333331891581E-03));
#2304 = CARTESIAN_POINT('',(16.999997058824,9.999998269897E-03));
#2305 = ( GEOMETRIC_REPRESENTATION_CONTEXT(2) 
PARAMETRIC_REPRESENTATION_CONTEXT() REPRESENTATION_CONTEXT('2D SPACE',''
  ) );
#2306 = PCURVE('',#1788,#2307);
#2307 = DEFINITIONAL_REPRESENTATION('',(#2308),#2312);
#2308 = LINE('',#2309,#2310);
#2309 = CARTESIAN_POINT('',(0.,0.));
#2310 = VECTOR('',#2311,1.);
#2311 = DIRECTION('',(1.,0.));
#2312 = ( GEOMETRIC_REPRESENTATION_CONTEXT(2) 
PARAMETRIC_REPRESENTATION_CONTEXT() REPRESENTATION_CONTEXT('2D SPACE',''
  ) );
#2313 = ORIENTED_EDGE('',*,*,#2314,.T.);
#2314 = EDGE_CURVE('',#2288,#2315,#2317,.T.);
#2315 = VERTEX_POINT('',#2316);
#2316 = CARTESIAN_POINT('',(0.,-8.4,-2.E-02));
#2317 = SURFACE_CURVE('',#2318,(#2324,#2333),.PCURVE_S1.);
#2318 = B_SPLINE_CURVE_WITH_KNOTS('',3,(#2319,#2320,#2321,#2322,#2323),
  .UNSPECIFIED.,.F.,.F.,(4,1,4),(0.,0.5,1.),.QUASI_UNIFORM_KNOTS.);
#2319 = CARTESIAN_POINT('',(0.,-8.5,0.));
#2320 = CARTESIAN_POINT('',(0.,-8.483333333333,-3.333333333333E-03));
#2321 = CARTESIAN_POINT('',(0.,-8.45,-1.E-02));
#2322 = CARTESIAN_POINT('',(0.,-8.416666666667,-1.666666666667E-02));
#2323 = CARTESIAN_POINT('',(0.,-8.4,-2.E-02));
#2324 = PCURVE('',#151,#2325);
#2325 = DEFINITIONAL_REPRESENTATION('',(#2326),#2332);
#2326 = B_SPLINE_CURVE_WITH_KNOTS('',3,(#2327,#2328,#2329,#2330,#2331),
  .UNSPECIFIED.,.F.,.F.,(4,1,4),(0.,0.5,1.),.QUASI_UNIFORM_KNOTS.);
#2327 = CARTESIAN_POINT('',(16.999997058824,9.999998269897E-03));
#2328 = CARTESIAN_POINT('',(16.983328434257,1.332352710666E-02));
#2329 = CARTESIAN_POINT('',(16.949991185123,1.997058478018E-02));
#2330 = CARTESIAN_POINT('',(16.916653935989,2.66176424537E-02));
#2331 = CARTESIAN_POINT('',(16.899985311421,2.994117129046E-02));
#2332 = ( GEOMETRIC_REPRESENTATION_CONTEXT(2) 
PARAMETRIC_REPRESENTATION_CONTEXT() REPRESENTATION_CONTEXT('2D SPACE',''
  ) );
#2333 = PCURVE('',#2334,#2375);
#2334 = B_SPLINE_SURFACE_WITH_KNOTS('',3,3,(
    (#2335,#2336,#2337,#2338,#2339,#2340,#2341,#2342)
    ,(#2343,#2344,#2345,#2346,#2347,#2348,#2349,#2350)
    ,(#2351,#2352,#2353,#2354,#2355,#2356,#2357,#2358)
    ,(#2359,#2360,#2361,#2362,#2363,#2364,#2365,#2366)
    ,(#2367,#2368,#2369,#2370,#2371,#2372,#2373,#2374
  )),.UNSPECIFIED.,.F.,.F.,.F.,(4,1,4),(4,1,1,2,4),(0.,0.5,1.),(0.,
    0.227836592573,0.442835594821,0.514097810881,1.),.UNSPECIFIED.);
#2335 = CARTESIAN_POINT('',(0.,-8.5,0.));
#2336 = CARTESIAN_POINT('',(10.666666666667,-9.833333333333,
    0.575661375661));
#2337 = CARTESIAN_POINT('',(31.495301292007,-12.69461581217,
    1.686271744388));
#2338 = CARTESIAN_POINT('',(55.24104822318,-14.79902822226,
    3.012954569949));
#2339 = CARTESIAN_POINT('',(68.675715949556,-17.5,3.684581133082));
#2340 = CARTESIAN_POINT('',(94.666666666667,-17.5,5.257142857143));
#2341 = CARTESIAN_POINT('',(117.33333333333,-17.5,6.628571428571));
#2342 = CARTESIAN_POINT('',(140.,-17.5,8.));
#2343 = CARTESIAN_POINT('',(0.,-8.483333333333,-3.333333333333E-03));
#2344 = CARTESIAN_POINT('',(10.666666666667,-9.711111111111,
    0.477495590829));
#2345 = CARTESIAN_POINT('',(31.495301298045,-12.21158075155,
    1.370724884081));
#2346 = CARTESIAN_POINT('',(55.241048218444,-14.59954165876,
    2.594238453932));
#2347 = CARTESIAN_POINT('',(68.675715949556,-17.15444503412,
    3.013217199389));
#2348 = CARTESIAN_POINT('',(94.666666666667,-17.25,4.771428571429));
#2349 = CARTESIAN_POINT('',(117.33333333333,-17.37777777777,
    6.279365079365));
#2350 = CARTESIAN_POINT('',(140.,-17.48333333333,7.8));
#2351 = CARTESIAN_POINT('',(0.,-8.45,-1.E-02));
#2352 = CARTESIAN_POINT('',(10.666666666667,-9.466666666667,
    0.281164021164));
#2353 = CARTESIAN_POINT('',(31.495301240935,-11.23944707694,
    0.743096050465));
#2354 = CARTESIAN_POINT('',(55.241048263242,-14.21482973489,
    1.748656963472));
#2355 = CARTESIAN_POINT('',(68.675715949556,-16.45355779635,
    1.676076364019));
#2356 = CARTESIAN_POINT('',(94.666666666667,-16.81666666666,
    3.761904761905));
#2357 = CARTESIAN_POINT('',(117.33333333333,-17.13333333333,
    5.580952380952));
#2358 = CARTESIAN_POINT('',(140.,-17.45,7.4));
#2359 = CARTESIAN_POINT('',(0.,-8.416666666667,-1.666666666667E-02));
#2360 = CARTESIAN_POINT('',(10.666666666667,-9.222222222222,
    8.483245149912E-02));
#2361 = CARTESIAN_POINT('',(31.495301298045,-10.26731332614,
    0.115467274427));
#2362 = CARTESIAN_POINT('',(55.241048218444,-13.83011787077,
    0.903075427846));
#2363 = CARTESIAN_POINT('',(68.675715949556,-15.75267055858,
    0.338935528649));
#2364 = CARTESIAN_POINT('',(94.666666666667,-16.38333333333,
    2.752380952381));
#2365 = CARTESIAN_POINT('',(117.33333333333,-16.88888888888,
    4.88253968254));
#2366 = CARTESIAN_POINT('',(140.,-17.41666666666,7.));
#2367 = CARTESIAN_POINT('',(0.,-8.4,-2.E-02));
#2368 = CARTESIAN_POINT('',(10.666666666667,-9.1,-1.333333333333E-02));
#2369 = CARTESIAN_POINT('',(31.495301292007,-9.784278273088,
    -0.200079591663));
#2370 = CARTESIAN_POINT('',(55.24104822318,-13.63063130133,
    0.484359316365));
#2371 = CARTESIAN_POINT('',(68.675715949556,-15.4071155927,
    -0.332428405044));
#2372 = CARTESIAN_POINT('',(94.666666666667,-16.13333333333,
    2.266666666667));
#2373 = CARTESIAN_POINT('',(117.33333333333,-16.76666666666,
    4.533333333333));
#2374 = CARTESIAN_POINT('',(140.,-17.4,6.8));
#2375 = DEFINITIONAL_REPRESENTATION('',(#2376),#2380);
#2376 = LINE('',#2377,#2378);
#2377 = CARTESIAN_POINT('',(0.,0.));
#2378 = VECTOR('',#2379,1.);
#2379 = DIRECTION('',(1.,0.));
#2380 = ( GEOMETRIC_REPRESENTATION_CONTEXT(2) 
PARAMETRIC_REPRESENTATION_CONTEXT() REPRESENTATION_CONTEXT('2D SPACE',''
  ) );
#2381 = ORIENTED_EDGE('',*,*,#2382,.T.);
#2382 = EDGE_CURVE('',#2315,#2383,#2385,.T.);
#2383 = VERTEX_POINT('',#2384);
#2384 = CARTESIAN_POINT('',(0.,-8.2,-3.E-02));
#2385 = SURFACE_CURVE('',#2386,(#2392,#2401),.PCURVE_S1.);
#2386 = B_SPLINE_CURVE_WITH_KNOTS('',3,(#2387,#2388,#2389,#2390,#2391),
  .UNSPECIFIED.,.F.,.F.,(4,1,4),(0.,0.5,1.),.QUASI_UNIFORM_KNOTS.);
#2387 = CARTESIAN_POINT('',(0.,-8.4,-2.E-02));
#2388 = CARTESIAN_POINT('',(0.,-8.366666666667,-2.166666666667E-02));
#2389 = CARTESIAN_POINT('',(0.,-8.3,-2.5E-02));
#2390 = CARTESIAN_POINT('',(0.,-8.233333333333,-2.833333333333E-02));
#2391 = CARTESIAN_POINT('',(0.,-8.2,-3.E-02));
#2392 = PCURVE('',#151,#2393);
#2393 = DEFINITIONAL_REPRESENTATION('',(#2394),#2400);
#2394 = B_SPLINE_CURVE_WITH_KNOTS('',3,(#2395,#2396,#2397,#2398,#2399),
  .UNSPECIFIED.,.F.,.F.,(4,1,4),(0.,0.5,1.),.QUASI_UNIFORM_KNOTS.);
#2395 = CARTESIAN_POINT('',(16.899985311421,2.994117129046E-02));
#2396 = CARTESIAN_POINT('',(16.866651003463,3.158822982903E-02));
#2397 = CARTESIAN_POINT('',(16.799982387547,3.488234690617E-02));
#2398 = CARTESIAN_POINT('',(16.73331377163,3.817646398331E-02));
#2399 = CARTESIAN_POINT('',(16.699979463672,3.982352252188E-02));
#2400 = ( GEOMETRIC_REPRESENTATION_CONTEXT(2) 
PARAMETRIC_REPRESENTATION_CONTEXT() REPRESENTATION_CONTEXT('2D SPACE',''
  ) );
#2401 = PCURVE('',#2402,#2443);
#2402 = B_SPLINE_SURFACE_WITH_KNOTS('',3,3,(
    (#2403,#2404,#2405,#2406,#2407,#2408,#2409,#2410)
    ,(#2411,#2412,#2413,#2414,#2415,#2416,#2417,#2418)
    ,(#2419,#2420,#2421,#2422,#2423,#2424,#2425,#2426)
    ,(#2427,#2428,#2429,#2430,#2431,#2432,#2433,#2434)
    ,(#2435,#2436,#2437,#2438,#2439,#2440,#2441,#2442
  )),.UNSPECIFIED.,.F.,.F.,.F.,(4,1,4),(4,1,1,2,4),(0.,0.5,1.),(0.,
    0.227836592573,0.442835594821,0.514097810881,1.),.UNSPECIFIED.);
#2403 = CARTESIAN_POINT('',(0.,-8.4,-2.E-02));
#2404 = CARTESIAN_POINT('',(10.666666666667,-9.1,-1.333333333333E-02));
#2405 = CARTESIAN_POINT('',(31.495301292007,-9.784278273088,
    -0.200079591663));
#2406 = CARTESIAN_POINT('',(55.24104822318,-13.63063130133,
    0.484359316365));
#2407 = CARTESIAN_POINT('',(68.675715949556,-15.4071155927,
    -0.332428405044));
#2408 = CARTESIAN_POINT('',(94.666666666667,-16.13333333333,
    2.266666666667));
#2409 = CARTESIAN_POINT('',(117.33333333333,-16.76666666666,
    4.533333333333));
#2410 = CARTESIAN_POINT('',(140.,-17.4,6.8));
#2411 = CARTESIAN_POINT('',(0.,-8.366666666667,-2.166666666667E-02));
#2412 = CARTESIAN_POINT('',(10.666666666667,-8.911111111111,-7.E-02));
#2413 = CARTESIAN_POINT('',(31.495301297074,-9.252077661336,
    2.025710826909E-02));
#2414 = CARTESIAN_POINT('',(55.241048219206,-12.8847440478,
    -0.706232801099));
#2415 = CARTESIAN_POINT('',(68.675715949556,-14.19767321215,
    -1.714648268531));
#2416 = CARTESIAN_POINT('',(94.666666666667,-15.25833333333,
    1.266666666667));
#2417 = CARTESIAN_POINT('',(117.33333333333,-15.8,4.077777777778));
#2418 = CARTESIAN_POINT('',(140.,-16.53333333333,6.783333333333));
#2419 = CARTESIAN_POINT('',(0.,-8.3,-2.5E-02));
#2420 = CARTESIAN_POINT('',(10.666666666667,-8.533333333333,
    -0.183333333333));
#2421 = CARTESIAN_POINT('',(31.495301248983,-8.239975013779,
    0.432128324907));
#2422 = CARTESIAN_POINT('',(55.241048256929,-11.26996632792,
    -3.019676082146));
#2423 = CARTESIAN_POINT('',(68.675715949556,-11.86311771557,
    -4.525530199151));
#2424 = CARTESIAN_POINT('',(94.666666666667,-12.93333333333,
    -0.416666666667));
#2425 = CARTESIAN_POINT('',(117.33333333333,-13.86666666666,
    3.166666666667));
#2426 = CARTESIAN_POINT('',(140.,-14.8,6.75));
#2427 = CARTESIAN_POINT('',(0.,-8.233333333333,-2.833333333333E-02));
#2428 = CARTESIAN_POINT('',(10.666666666667,-8.155555555556,
    -0.296666666667));
#2429 = CARTESIAN_POINT('',(31.495301297074,-7.227872382399,
    0.843999659221));
#2430 = CARTESIAN_POINT('',(55.241048219206,-9.655188595354,
    -5.333119455502));
#2431 = CARTESIAN_POINT('',(68.675715949556,-9.528562218983,
    -7.336412129771));
#2432 = CARTESIAN_POINT('',(94.666666666667,-10.60833333333,-2.1));
#2433 = CARTESIAN_POINT('',(117.33333333333,-11.93333333333,
    2.255555555556));
#2434 = CARTESIAN_POINT('',(140.,-13.06666666666,6.716666666667));
#2435 = CARTESIAN_POINT('',(0.,-8.2,-3.E-02));
#2436 = CARTESIAN_POINT('',(10.666666666667,-7.966666666667,
    -0.353333333333));
#2437 = CARTESIAN_POINT('',(31.495301292007,-6.695671769017,
    1.064336347382));
#2438 = CARTESIAN_POINT('',(55.24104822318,-8.909301343096,
    -6.523711563732));
#2439 = CARTESIAN_POINT('',(68.675715949556,-8.319119838432,
    -8.718631993258));
#2440 = CARTESIAN_POINT('',(94.666666666667,-9.733333333333,-3.1));
#2441 = CARTESIAN_POINT('',(117.33333333333,-10.96666666666,1.8));
#2442 = CARTESIAN_POINT('',(140.,-12.2,6.7));
#2443 = DEFINITIONAL_REPRESENTATION('',(#2444),#2448);
#2444 = LINE('',#2445,#2446);
#2445 = CARTESIAN_POINT('',(0.,0.));
#2446 = VECTOR('',#2447,1.);
#2447 = DIRECTION('',(1.,0.));
#2448 = ( GEOMETRIC_REPRESENTATION_CONTEXT(2) 
PARAMETRIC_REPRESENTATION_CONTEXT() REPRESENTATION_CONTEXT('2D SPACE',''
  ) );
#2449 = ORIENTED_EDGE('',*,*,#2450,.T.);
#2450 = EDGE_CURVE('',#2383,#2451,#2453,.T.);
#2451 = VERTEX_POINT('',#2452);
#2452 = CARTESIAN_POINT('',(0.,8.2,-3.E-02));
#2453 = SURFACE_CURVE('',#2454,(#2460,#2469),.PCURVE_S1.);
#2454 = B_SPLINE_CURVE_WITH_KNOTS('',3,(#2455,#2456,#2457,#2458,#2459),
  .UNSPECIFIED.,.F.,.F.,(4,1,4),(0.,0.5,1.),.QUASI_UNIFORM_KNOTS.);
#2455 = CARTESIAN_POINT('',(0.,-8.2,-3.E-02));
#2456 = CARTESIAN_POINT('',(0.,-5.466666666667,-3.E-02));
#2457 = CARTESIAN_POINT('',(0.,0.,-3.E-02));
#2458 = CARTESIAN_POINT('',(0.,5.466666666667,-3.E-02));
#2459 = CARTESIAN_POINT('',(0.,8.2,-3.E-02));
#2460 = PCURVE('',#151,#2461);
#2461 = DEFINITIONAL_REPRESENTATION('',(#2462),#2468);
#2462 = B_SPLINE_CURVE_WITH_KNOTS('',3,(#2463,#2464,#2465,#2466,#2467),
  .UNSPECIFIED.,.F.,.F.,(4,1,4),(0.,0.5,1.),.QUASI_UNIFORM_KNOTS.);
#2463 = CARTESIAN_POINT('',(16.699979463672,3.982352252188E-02));
#2464 = CARTESIAN_POINT('',(13.966646603233,3.82156796628E-02));
#2465 = CARTESIAN_POINT('',(8.499980882356,3.499999394464E-02));
#2466 = CARTESIAN_POINT('',(3.03331516148,3.178430822648E-02));
#2467 = CARTESIAN_POINT('',(0.299982301041,3.017646536739E-02));
#2468 = ( GEOMETRIC_REPRESENTATION_CONTEXT(2) 
PARAMETRIC_REPRESENTATION_CONTEXT() REPRESENTATION_CONTEXT('2D SPACE',''
  ) );
#2469 = PCURVE('',#2470,#2511);
#2470 = B_SPLINE_SURFACE_WITH_KNOTS('',3,3,(
    (#2471,#2472,#2473,#2474,#2475,#2476,#2477,#2478)
    ,(#2479,#2480,#2481,#2482,#2483,#2484,#2485,#2486)
    ,(#2487,#2488,#2489,#2490,#2491,#2492,#2493,#2494)
    ,(#2495,#2496,#2497,#2498,#2499,#2500,#2501,#2502)
    ,(#2503,#2504,#2505,#2506,#2507,#2508,#2509,#2510
  )),.UNSPECIFIED.,.F.,.F.,.F.,(4,1,4),(4,1,1,2,4),(0.,0.5,1.),(0.,
    0.227836592573,0.442835594821,0.514097810881,1.),.UNSPECIFIED.);
#2471 = CARTESIAN_POINT('',(0.,-8.2,-3.E-02));
#2472 = CARTESIAN_POINT('',(10.666666666667,-7.966666666667,
    -0.353333333333));
#2473 = CARTESIAN_POINT('',(31.495301292007,-6.695671769017,
    1.064336347382));
#2474 = CARTESIAN_POINT('',(55.24104822318,-8.909301343096,
    -6.523711563732));
#2475 = CARTESIAN_POINT('',(68.675715949556,-8.319119838432,
    -8.718631993258));
#2476 = CARTESIAN_POINT('',(94.666666666667,-9.733333333333,-3.1));
#2477 = CARTESIAN_POINT('',(117.33333333333,-10.96666666666,1.8));
#2478 = CARTESIAN_POINT('',(140.,-12.2,6.7));
#2479 = CARTESIAN_POINT('',(0.,-5.466666666667,-3.E-02));
#2480 = CARTESIAN_POINT('',(10.666666666667,-5.311111111111,
    -0.353333333333));
#2481 = CARTESIAN_POINT('',(31.495301295575,-4.361963172473,
    1.064336352644));
#2482 = CARTESIAN_POINT('',(55.241048220382,-6.179004256712,
    -6.52371156786));
#2483 = CARTESIAN_POINT('',(68.675715949556,-5.381902628522,
    -8.718631993258));
#2484 = CARTESIAN_POINT('',(94.666666666667,-7.608333333333,-3.1));
#2485 = CARTESIAN_POINT('',(117.33333333333,-7.311111111111,1.8));
#2486 = CARTESIAN_POINT('',(140.,-8.133333333333,6.7));
#2487 = CARTESIAN_POINT('',(0.,0.,-3.E-02));
#2488 = CARTESIAN_POINT('',(10.666666666667,0.,-0.353333333333));
#2489 = CARTESIAN_POINT('',(31.495301261483,0.,1.064336299844));
#2490 = CARTESIAN_POINT('',(55.241048247124,0.,-6.523711526442));
#2491 = CARTESIAN_POINT('',(68.675715949556,0.,-8.718631993258));
#2492 = CARTESIAN_POINT('',(94.666666666667,0.,-3.1));
#2493 = CARTESIAN_POINT('',(117.33333333333,0.,1.8));
#2494 = CARTESIAN_POINT('',(140.,0.,6.7));
#2495 = CARTESIAN_POINT('',(0.,5.466666666667,-3.E-02));
#2496 = CARTESIAN_POINT('',(10.666666666667,5.311111111111,
    -0.353333333333));
#2497 = CARTESIAN_POINT('',(31.495301295575,4.361963172473,
    1.064336352644));
#2498 = CARTESIAN_POINT('',(55.241048220382,6.179004256712,
    -6.52371156786));
#2499 = CARTESIAN_POINT('',(68.675715949556,5.381902628522,
    -8.718631993258));
#2500 = CARTESIAN_POINT('',(94.666666666667,7.608333333333,-3.1));
#2501 = CARTESIAN_POINT('',(117.33333333333,7.311111111111,1.8));
#2502 = CARTESIAN_POINT('',(140.,8.133333333333,6.7));
#2503 = CARTESIAN_POINT('',(0.,8.2,-3.E-02));
#2504 = CARTESIAN_POINT('',(10.666666666667,7.966666666667,
    -0.353333333333));
#2505 = CARTESIAN_POINT('',(31.495301292007,6.695671769017,
    1.064336347382));
#2506 = CARTESIAN_POINT('',(55.24104822318,8.909301343096,
    -6.523711563732));
#2507 = CARTESIAN_POINT('',(68.675715949556,8.319119838432,
    -8.718631993258));
#2508 = CARTESIAN_POINT('',(94.666666666667,9.733333333333,-3.1));
#2509 = CARTESIAN_POINT('',(117.33333333333,10.966666666667,1.8));
#2510 = CARTESIAN_POINT('',(140.,12.2,6.7));
#2511 = DEFINITIONAL_REPRESENTATION('',(#2512),#2516);
#2512 = LINE('',#2513,#2514);
#2513 = CARTESIAN_POINT('',(0.,0.));
#2514 = VECTOR('',#2515,1.);
#2515 = DIRECTION('',(1.,0.));
#2516 = ( GEOMETRIC_REPRESENTATION_CONTEXT(2) 
PARAMETRIC_REPRESENTATION_CONTEXT() REPRESENTATION_CONTEXT('2D SPACE',''
  ) );
#2517 = ORIENTED_EDGE('',*,*,#2518,.T.);
#2518 = EDGE_CURVE('',#2451,#486,#2519,.T.);
#2519 = SURFACE_CURVE('',#2520,(#2526,#2535),.PCURVE_S1.);
#2520 = B_SPLINE_CURVE_WITH_KNOTS('',3,(#2521,#2522,#2523,#2524,#2525),
  .UNSPECIFIED.,.F.,.F.,(4,1,4),(0.,0.5,1.),.QUASI_UNIFORM_KNOTS.);
#2521 = CARTESIAN_POINT('',(0.,8.2,-3.E-02));
#2522 = CARTESIAN_POINT('',(0.,8.233333333333,-2.833333333333E-02));
#2523 = CARTESIAN_POINT('',(0.,8.3,-2.5E-02));
#2524 = CARTESIAN_POINT('',(0.,8.366666666667,-2.166666666667E-02));
#2525 = CARTESIAN_POINT('',(0.,8.4,-2.E-02));
#2526 = PCURVE('',#151,#2527);
#2527 = DEFINITIONAL_REPRESENTATION('',(#2528),#2534);
#2528 = B_SPLINE_CURVE_WITH_KNOTS('',3,(#2529,#2530,#2531,#2532,#2533),
  .UNSPECIFIED.,.F.,.F.,(4,1,4),(0.,0.5,1.),.QUASI_UNIFORM_KNOTS.);
#2529 = CARTESIAN_POINT('',(0.299982301041,3.017646536739E-02));
#2530 = CARTESIAN_POINT('',(0.266649953867,2.849019114933E-02));
#2531 = CARTESIAN_POINT('',(0.199985259518,2.511764271321E-02));
#2532 = CARTESIAN_POINT('',(0.133320565169,2.174509427709E-02));
#2533 = CARTESIAN_POINT('',(9.998821799512E-02,2.005882005903E-02));
#2534 = ( GEOMETRIC_REPRESENTATION_CONTEXT(2) 
PARAMETRIC_REPRESENTATION_CONTEXT() REPRESENTATION_CONTEXT('2D SPACE',''
  ) );
#2535 = PCURVE('',#508,#2536);
#2536 = DEFINITIONAL_REPRESENTATION('',(#2537),#2541);
#2537 = LINE('',#2538,#2539);
#2538 = CARTESIAN_POINT('',(0.,0.));
#2539 = VECTOR('',#2540,1.);
#2540 = DIRECTION('',(1.,0.));
#2541 = ( GEOMETRIC_REPRESENTATION_CONTEXT(2) 
PARAMETRIC_REPRESENTATION_CONTEXT() REPRESENTATION_CONTEXT('2D SPACE',''
  ) );
#2542 = ORIENTED_EDGE('',*,*,#556,.T.);
#2543 = ADVANCED_FACE('',(#2544),#508,.T.);
#2544 = FACE_BOUND('',#2545,.T.);
#2545 = EDGE_LOOP('',(#2546,#2574,#2575,#2576,#2603,#2672,#2718));
#2546 = ORIENTED_EDGE('',*,*,#2547,.F.);
#2547 = EDGE_CURVE('',#2451,#2548,#2550,.T.);
#2548 = VERTEX_POINT('',#2549);
#2549 = CARTESIAN_POINT('',(65.906301113266,8.434791562729,
    -8.16207713376));
#2550 = SURFACE_CURVE('',#2551,(#2560,#2567),.PCURVE_S1.);
#2551 = B_SPLINE_CURVE_WITH_KNOTS('',3,(#2552,#2553,#2554,#2555,#2556,
    #2557,#2558,#2559),.UNSPECIFIED.,.F.,.F.,(4,1,1,2,4),(0.,
    0.227836592573,0.442835594821,0.514097810881,1.),.UNSPECIFIED.);
#2552 = CARTESIAN_POINT('',(0.,8.2,-3.E-02));
#2553 = CARTESIAN_POINT('',(10.666666666667,7.966666666667,
    -0.353333333333));
#2554 = CARTESIAN_POINT('',(31.495301292007,6.695671769017,
    1.064336347382));
#2555 = CARTESIAN_POINT('',(55.24104822318,8.909301343096,
    -6.523711563732));
#2556 = CARTESIAN_POINT('',(68.675715949556,8.319119838432,
    -8.718631993258));
#2557 = CARTESIAN_POINT('',(94.666666666667,9.733333333333,-3.1));
#2558 = CARTESIAN_POINT('',(117.33333333333,10.966666666667,1.8));
#2559 = CARTESIAN_POINT('',(140.,12.2,6.7));
#2560 = PCURVE('',#508,#2561);
#2561 = DEFINITIONAL_REPRESENTATION('',(#2562),#2566);
#2562 = LINE('',#2563,#2564);
#2563 = CARTESIAN_POINT('',(0.,0.));
#2564 = VECTOR('',#2565,1.);
#2565 = DIRECTION('',(0.,1.));
#2566 = ( GEOMETRIC_REPRESENTATION_CONTEXT(2) 
PARAMETRIC_REPRESENTATION_CONTEXT() REPRESENTATION_CONTEXT('2D SPACE',''
  ) );
#2567 = PCURVE('',#2470,#2568);
#2568 = DEFINITIONAL_REPRESENTATION('',(#2569),#2573);
#2569 = LINE('',#2570,#2571);
#2570 = CARTESIAN_POINT('',(1.,0.));
#2571 = VECTOR('',#2572,1.);
#2572 = DIRECTION('',(0.,1.));
#2573 = ( GEOMETRIC_REPRESENTATION_CONTEXT(2) 
PARAMETRIC_REPRESENTATION_CONTEXT() REPRESENTATION_CONTEXT('2D SPACE',''
  ) );
#2574 = ORIENTED_EDGE('',*,*,#2518,.T.);
#2575 = ORIENTED_EDGE('',*,*,#485,.T.);
#2576 = ORIENTED_EDGE('',*,*,#2577,.F.);
#2577 = EDGE_CURVE('',#2578,#488,#2580,.T.);
#2578 = VERTEX_POINT('',#2579);
#2579 = CARTESIAN_POINT('',(140.,12.2,6.7));
#2580 = SURFACE_CURVE('',#2581,(#2587,#2594),.PCURVE_S1.);
#2581 = B_SPLINE_CURVE_WITH_KNOTS('',3,(#2582,#2583,#2584,#2585,#2586),
  .UNSPECIFIED.,.F.,.F.,(4,1,4),(0.,0.5,1.),.QUASI_UNIFORM_KNOTS.);
#2582 = CARTESIAN_POINT('',(140.,12.2,6.7));
#2583 = CARTESIAN_POINT('',(140.,13.066666666667,6.716666666667));
#2584 = CARTESIAN_POINT('',(140.,14.8,6.75));
#2585 = CARTESIAN_POINT('',(140.,16.533333333333,6.783333333333));
#2586 = CARTESIAN_POINT('',(140.,17.4,6.8));
#2587 = PCURVE('',#508,#2588);
#2588 = DEFINITIONAL_REPRESENTATION('',(#2589),#2593);
#2589 = LINE('',#2590,#2591);
#2590 = CARTESIAN_POINT('',(0.,1.));
#2591 = VECTOR('',#2592,1.);
#2592 = DIRECTION('',(1.,0.));
#2593 = ( GEOMETRIC_REPRESENTATION_CONTEXT(2) 
PARAMETRIC_REPRESENTATION_CONTEXT() REPRESENTATION_CONTEXT('2D SPACE',''
  ) );
#2594 = PCURVE('',#959,#2595);
#2595 = DEFINITIONAL_REPRESENTATION('',(#2596),#2602);
#2596 = B_SPLINE_CURVE_WITH_KNOTS('',3,(#2597,#2598,#2599,#2600,#2601),
  .UNSPECIFIED.,.F.,.F.,(4,1,4),(0.,0.5,1.),.QUASI_UNIFORM_KNOTS.);
#2597 = CARTESIAN_POINT('',(5.169615756171,-1.74787669289));
#2598 = CARTESIAN_POINT('',(4.307538679357,-1.657256592906));
#2599 = CARTESIAN_POINT('',(2.58338452573,-1.476016392938));
#2600 = CARTESIAN_POINT('',(0.859230372102,-1.294776192969));
#2601 = CARTESIAN_POINT('',(-2.846704711548E-03,-1.204156092985));
#2602 = ( GEOMETRIC_REPRESENTATION_CONTEXT(2) 
PARAMETRIC_REPRESENTATION_CONTEXT() REPRESENTATION_CONTEXT('2D SPACE',''
  ) );
#2603 = ORIENTED_EDGE('',*,*,#2604,.F.);
#2604 = EDGE_CURVE('',#2605,#2578,#2607,.T.);
#2605 = VERTEX_POINT('',#2606);
#2606 = CARTESIAN_POINT('',(72.,8.5,-8.));
#2607 = SURFACE_CURVE('',#2608,(#2617,#2624),.PCURVE_S1.);
#2608 = B_SPLINE_CURVE_WITH_KNOTS('',3,(#2609,#2610,#2611,#2612,#2613,
    #2614,#2615,#2616),.UNSPECIFIED.,.F.,.F.,(4,1,1,2,4),(0.,
    0.227836592573,0.442835594821,0.514097810881,1.),.UNSPECIFIED.);
#2609 = CARTESIAN_POINT('',(0.,8.2,-3.E-02));
#2610 = CARTESIAN_POINT('',(10.666666666667,7.966666666667,
    -0.353333333333));
#2611 = CARTESIAN_POINT('',(31.495301292007,6.695671769017,
    1.064336347382));
#2612 = CARTESIAN_POINT('',(55.24104822318,8.909301343096,
    -6.523711563732));
#2613 = CARTESIAN_POINT('',(68.675715949556,8.319119838432,
    -8.718631993258));
#2614 = CARTESIAN_POINT('',(94.666666666667,9.733333333333,-3.1));
#2615 = CARTESIAN_POINT('',(117.33333333333,10.966666666667,1.8));
#2616 = CARTESIAN_POINT('',(140.,12.2,6.7));
#2617 = PCURVE('',#508,#2618);
#2618 = DEFINITIONAL_REPRESENTATION('',(#2619),#2623);
#2619 = LINE('',#2620,#2621);
#2620 = CARTESIAN_POINT('',(0.,0.));
#2621 = VECTOR('',#2622,1.);
#2622 = DIRECTION('',(0.,1.));
#2623 = ( GEOMETRIC_REPRESENTATION_CONTEXT(2) 
PARAMETRIC_REPRESENTATION_CONTEXT() REPRESENTATION_CONTEXT('2D SPACE',''
  ) );
#2624 = PCURVE('',#2625,#2666);
#2625 = B_SPLINE_SURFACE_WITH_KNOTS('',3,3,(
    (#2626,#2627,#2628,#2629,#2630,#2631,#2632,#2633)
    ,(#2634,#2635,#2636,#2637,#2638,#2639,#2640,#2641)
    ,(#2642,#2643,#2644,#2645,#2646,#2647,#2648,#2649)
    ,(#2650,#2651,#2652,#2653,#2654,#2655,#2656,#2657)
    ,(#2658,#2659,#2660,#2661,#2662,#2663,#2664,#2665
  )),.UNSPECIFIED.,.F.,.F.,.F.,(4,1,4),(4,1,1,2,4),(0.,0.5,1.),(0.,
    0.227836592573,0.442835594821,0.514097810881,1.),.UNSPECIFIED.);
#2626 = CARTESIAN_POINT('',(0.,-8.2,-3.E-02));
#2627 = CARTESIAN_POINT('',(10.666666666667,-7.966666666667,
    -0.353333333333));
#2628 = CARTESIAN_POINT('',(31.495301292007,-6.695671769017,
    1.064336347382));
#2629 = CARTESIAN_POINT('',(55.24104822318,-8.909301343096,
    -6.523711563732));
#2630 = CARTESIAN_POINT('',(68.675715949556,-8.319119838432,
    -8.718631993258));
#2631 = CARTESIAN_POINT('',(94.666666666667,-9.733333333333,-3.1));
#2632 = CARTESIAN_POINT('',(117.33333333333,-10.96666666666,1.8));
#2633 = CARTESIAN_POINT('',(140.,-12.2,6.7));
#2634 = CARTESIAN_POINT('',(0.,-5.466666666667,-3.E-02));
#2635 = CARTESIAN_POINT('',(10.666666666667,-5.311111111111,
    -0.353333333333));
#2636 = CARTESIAN_POINT('',(31.495301295575,-4.361963172473,
    1.064336352644));
#2637 = CARTESIAN_POINT('',(55.241048220382,-6.179004256712,
    -6.52371156786));
#2638 = CARTESIAN_POINT('',(68.675715949556,-5.381902628522,
    -8.718631993258));
#2639 = CARTESIAN_POINT('',(94.666666666667,-7.608333333333,-3.1));
#2640 = CARTESIAN_POINT('',(117.33333333333,-7.311111111111,1.8));
#2641 = CARTESIAN_POINT('',(140.,-8.133333333333,6.7));
#2642 = CARTESIAN_POINT('',(0.,0.,-3.E-02));
#2643 = CARTESIAN_POINT('',(10.666666666667,0.,-0.353333333333));
#2644 = CARTESIAN_POINT('',(31.495301261483,0.,1.064336299844));
#2645 = CARTESIAN_POINT('',(55.241048247124,0.,-6.523711526442));
#2646 = CARTESIAN_POINT('',(68.675715949556,0.,-8.718631993258));
#2647 = CARTESIAN_POINT('',(94.666666666667,0.,-3.1));
#2648 = CARTESIAN_POINT('',(117.33333333333,0.,1.8));
#2649 = CARTESIAN_POINT('',(140.,0.,6.7));
#2650 = CARTESIAN_POINT('',(0.,5.466666666667,-3.E-02));
#2651 = CARTESIAN_POINT('',(10.666666666667,5.311111111111,
    -0.353333333333));
#2652 = CARTESIAN_POINT('',(31.495301295575,4.361963172473,
    1.064336352644));
#2653 = CARTESIAN_POINT('',(55.241048220382,6.179004256712,
    -6.52371156786));
#2654 = CARTESIAN_POINT('',(68.675715949556,5.381902628522,
    -8.718631993258));
#2655 = CARTESIAN_POINT('',(94.666666666667,7.608333333333,-3.1));
#2656 = CARTESIAN_POINT('',(117.33333333333,7.311111111111,1.8));
#2657 = CARTESIAN_POINT('',(140.,8.133333333333,6.7));
#2658 = CARTESIAN_POINT('',(0.,8.2,-3.E-02));
#2659 = CARTESIAN_POINT('',(10.666666666667,7.966666666667,
    -0.353333333333));
#2660 = CARTESIAN_POINT('',(31.495301292007,6.695671769017,
    1.064336347382));
#2661 = CARTESIAN_POINT('',(55.24104822318,8.909301343096,
    -6.523711563732));
#2662 = CARTESIAN_POINT('',(68.675715949556,8.319119838432,
    -8.718631993258));
#2663 = CARTESIAN_POINT('',(94.666666666667,9.733333333333,-3.1));
#2664 = CARTESIAN_POINT('',(117.33333333333,10.966666666667,1.8));
#2665 = CARTESIAN_POINT('',(140.,12.2,6.7));
#2666 = DEFINITIONAL_REPRESENTATION('',(#2667),#2671);
#2667 = LINE('',#2668,#2669);
#2668 = CARTESIAN_POINT('',(1.,0.));
#2669 = VECTOR('',#2670,1.);
#2670 = DIRECTION('',(0.,1.));
#2671 = ( GEOMETRIC_REPRESENTATION_CONTEXT(2) 
PARAMETRIC_REPRESENTATION_CONTEXT() REPRESENTATION_CONTEXT('2D SPACE',''
  ) );
#2672 = ORIENTED_EDGE('',*,*,#2673,.T.);
#2673 = EDGE_CURVE('',#2605,#2674,#2676,.T.);
#2674 = VERTEX_POINT('',#2675);
#2675 = CARTESIAN_POINT('',(65.863245062987,8.5,-8.079553037391));
#2676 = SURFACE_CURVE('',#2677,(#2687,#2700),.PCURVE_S1.);
#2677 = B_SPLINE_CURVE_WITH_KNOTS('',8,(#2678,#2679,#2680,#2681,#2682,
    #2683,#2684,#2685,#2686),.UNSPECIFIED.,.F.,.F.,(9,9),(0.,1.),
  .PIECEWISE_BEZIER_KNOTS.);
#2678 = CARTESIAN_POINT('',(72.,8.5,-8.));
#2679 = CARTESIAN_POINT('',(71.185178826963,8.5,-8.125475613411));
#2680 = CARTESIAN_POINT('',(70.364313178884,8.5,-8.210981031337));
#2681 = CARTESIAN_POINT('',(69.540004101421,8.5,-8.257750840013));
#2682 = CARTESIAN_POINT('',(68.714403803667,8.5,-8.268874704825));
#2683 = CARTESIAN_POINT('',(67.889186815605,8.5,-8.24804849879));
#2684 = CARTESIAN_POINT('',(67.065549456743,8.5,-8.199192884643));
#2685 = CARTESIAN_POINT('',(66.244196304749,8.5,-8.126027886203));
#2686 = CARTESIAN_POINT('',(65.42533756602,8.5,-8.031945960229));
#2687 = PCURVE('',#508,#2688);
#2688 = DEFINITIONAL_REPRESENTATION('',(#2689),#2699);
#2689 = B_SPLINE_CURVE_WITH_KNOTS('',8,(#2690,#2691,#2692,#2693,#2694,
    #2695,#2696,#2697,#2698),.UNSPECIFIED.,.F.,.F.,(9,9),(0.,1.),
  .PIECEWISE_BEZIER_KNOTS.);
#2690 = CARTESIAN_POINT('',(0.,0.514097810881));
#2691 = CARTESIAN_POINT('',(6.333693992097E-03,0.508275408061));
#2692 = CARTESIAN_POINT('',(1.043356272369E-02,0.502416407377));
#2693 = CARTESIAN_POINT('',(1.278949880599E-02,0.496538352457));
#2694 = CARTESIAN_POINT('',(1.37249384187E-02,0.490655406817));
#2695 = CARTESIAN_POINT('',(1.352047974207E-02,0.48477825249));
#2696 = CARTESIAN_POINT('',(1.242751460199E-02,0.478914164105));
#2697 = CARTESIAN_POINT('',(1.070730560067E-02,0.473066946364));
#2698 = CARTESIAN_POINT('',(8.651284665217E-03,0.467236913927));
#2699 = ( GEOMETRIC_REPRESENTATION_CONTEXT(2) 
PARAMETRIC_REPRESENTATION_CONTEXT() REPRESENTATION_CONTEXT('2D SPACE',''
  ) );
#2700 = PCURVE('',#2701,#2706);
#2701 = PLANE('',#2702);
#2702 = AXIS2_PLACEMENT_3D('',#2703,#2704,#2705);
#2703 = CARTESIAN_POINT('',(65.3,8.5,-7.));
#2704 = DIRECTION('',(-0.,1.,0.));
#2705 = DIRECTION('',(0.992704655836,0.,0.120571415689));
#2706 = DEFINITIONAL_REPRESENTATION('',(#2707),#2717);
#2707 = B_SPLINE_CURVE_WITH_KNOTS('',8,(#2708,#2709,#2710,#2711,#2712,
    #2713,#2714,#2715,#2716),.UNSPECIFIED.,.F.,.F.,(9,9),(0.,1.),
  .PIECEWISE_BEZIER_KNOTS.);
#2708 = CARTESIAN_POINT('',(6.530549778414,1.80053314095));
#2709 = CARTESIAN_POINT('',(5.706544233922,1.826849224211));
#2710 = CARTESIAN_POINT('',(4.88135757397,1.812757917406));
#2711 = CARTESIAN_POINT('',(4.057423012881,1.759798411796));
#2712 = CARTESIAN_POINT('',(3.236504533313,1.671297327493));
#2713 = CARTESIAN_POINT('',(2.419818832334,1.551125475298));
#2714 = CARTESIAN_POINT('',(1.608080782033,1.403319157298));
#2715 = CARTESIAN_POINT('',(0.801541291403,1.231656210387));
#2716 = CARTESIAN_POINT('',(-7.105427357601E-15,1.039529687065));
#2717 = ( GEOMETRIC_REPRESENTATION_CONTEXT(2) 
PARAMETRIC_REPRESENTATION_CONTEXT() REPRESENTATION_CONTEXT('2D SPACE',''
  ) );
#2718 = ORIENTED_EDGE('',*,*,#2719,.T.);
#2719 = EDGE_CURVE('',#2674,#2548,#2720,.T.);
#2720 = SURFACE_CURVE('',#2721,(#2727,#2736),.PCURVE_S1.);
#2721 = B_SPLINE_CURVE_WITH_KNOTS('',4,(#2722,#2723,#2724,#2725,#2726),
  .UNSPECIFIED.,.F.,.F.,(5,5),(0.,1.),.PIECEWISE_BEZIER_KNOTS.);
#2722 = CARTESIAN_POINT('',(65.863245062987,8.5,-8.079553037391));
#2723 = CARTESIAN_POINT('',(65.874013346283,8.483713090712,
    -8.100192247043));
#2724 = CARTESIAN_POINT('',(65.884778799009,8.467416096835,
    -8.120826031433));
#2725 = CARTESIAN_POINT('',(65.895541396255,8.451108944997,
    -8.141454342823));
#2726 = CARTESIAN_POINT('',(65.906301113266,8.434791562729,
    -8.16207713376));
#2727 = PCURVE('',#508,#2728);
#2728 = DEFINITIONAL_REPRESENTATION('',(#2729),#2735);
#2729 = B_SPLINE_CURVE_WITH_KNOTS('',4,(#2730,#2731,#2732,#2733,#2734),
  .UNSPECIFIED.,.F.,.F.,(5,5),(0.,1.),.PIECEWISE_BEZIER_KNOTS.);
#2730 = CARTESIAN_POINT('',(9.703246557762E-03,0.470354634036));
#2731 = CARTESIAN_POINT('',(7.276706479255E-03,0.470431298966));
#2732 = CARTESIAN_POINT('',(4.850657682928E-03,0.470507943724));
#2733 = CARTESIAN_POINT('',(2.425091680892E-03,0.470584568138));
#2734 = CARTESIAN_POINT('',(0.,0.470661172035));
#2735 = ( GEOMETRIC_REPRESENTATION_CONTEXT(2) 
PARAMETRIC_REPRESENTATION_CONTEXT() REPRESENTATION_CONTEXT('2D SPACE',''
  ) );
#2736 = PCURVE('',#2737,#2758);
#2737 = B_SPLINE_SURFACE_WITH_KNOTS('',3,3,(
    (#2738,#2739,#2740,#2741)
    ,(#2742,#2743,#2744,#2745)
    ,(#2746,#2747,#2748,#2749)
    ,(#2750,#2751,#2752,#2753)
    ,(#2754,#2755,#2756,#2757
  )),.UNSPECIFIED.,.F.,.F.,.F.,(4,1,4),(4,4),(0.,0.5,1.),(0.,1.),
  .UNSPECIFIED.);
#2738 = CARTESIAN_POINT('',(66.5,-8.5,-9.3));
#2739 = CARTESIAN_POINT('',(66.5,-2.833333333333,-9.3));
#2740 = CARTESIAN_POINT('',(66.5,2.833333333333,-9.3));
#2741 = CARTESIAN_POINT('',(66.5,8.5,-9.3));
#2742 = CARTESIAN_POINT('',(66.3,-8.5,-8.916666666667));
#2743 = CARTESIAN_POINT('',(66.3,-2.833333333333,-8.916666666667));
#2744 = CARTESIAN_POINT('',(66.3,2.833333333333,-8.916666666667));
#2745 = CARTESIAN_POINT('',(66.3,8.5,-8.916666666667));
#2746 = CARTESIAN_POINT('',(65.9,-8.5,-8.15));
#2747 = CARTESIAN_POINT('',(65.9,-2.833333328631,-8.15));
#2748 = CARTESIAN_POINT('',(65.9,2.833333328631,-8.15));
#2749 = CARTESIAN_POINT('',(65.9,8.5,-8.15));
#2750 = CARTESIAN_POINT('',(65.5,-8.5,-7.383333333333));
#2751 = CARTESIAN_POINT('',(65.5,-2.833333333333,-7.383333333333));
#2752 = CARTESIAN_POINT('',(65.5,2.833333333333,-7.383333333333));
#2753 = CARTESIAN_POINT('',(65.5,8.5,-7.383333333333));
#2754 = CARTESIAN_POINT('',(65.3,-8.5,-7.));
#2755 = CARTESIAN_POINT('',(65.3,-2.833333333333,-7.));
#2756 = CARTESIAN_POINT('',(65.3,2.833333333333,-7.));
#2757 = CARTESIAN_POINT('',(65.3,8.5,-7.));
#2758 = DEFINITIONAL_REPRESENTATION('',(#2759),#2765);
#2759 = B_SPLINE_CURVE_WITH_KNOTS('',4,(#2760,#2761,#2762,#2763,#2764),
  .UNSPECIFIED.,.F.,.F.,(5,5),(0.,1.),.PIECEWISE_BEZIER_KNOTS.);
#2760 = CARTESIAN_POINT('',(0.530629114178,1.));
#2761 = CARTESIAN_POINT('',(0.521655544761,0.999041946513));
#2762 = CARTESIAN_POINT('',(0.512684334168,0.998083299815));
#2763 = CARTESIAN_POINT('',(0.503715503111,0.997124055588));
#2764 = CARTESIAN_POINT('',(0.494749072284,0.996164209575));
#2765 = ( GEOMETRIC_REPRESENTATION_CONTEXT(2) 
PARAMETRIC_REPRESENTATION_CONTEXT() REPRESENTATION_CONTEXT('2D SPACE',''
  ) );
#2766 = ADVANCED_FACE('',(#2767),#959,.F.);
#2767 = FACE_BOUND('',#2768,.T.);
#2768 = EDGE_LOOP('',(#2769,#2794,#2795,#2822,#2849,#2876,#2901,#2902));
#2769 = ORIENTED_EDGE('',*,*,#2770,.T.);
#2770 = EDGE_CURVE('',#875,#2060,#2771,.T.);
#2771 = SURFACE_CURVE('',#2772,(#2778,#2787),.PCURVE_S1.);
#2772 = B_SPLINE_CURVE_WITH_KNOTS('',3,(#2773,#2774,#2775,#2776,#2777),
  .UNSPECIFIED.,.F.,.F.,(4,1,4),(0.,0.5,1.),.QUASI_UNIFORM_KNOTS.);
#2773 = CARTESIAN_POINT('',(140.,17.5,8.));
#2774 = CARTESIAN_POINT('',(140.,17.5,8.5));
#2775 = CARTESIAN_POINT('',(140.,17.5,9.5));
#2776 = CARTESIAN_POINT('',(140.,17.5,10.5));
#2777 = CARTESIAN_POINT('',(140.,17.5,11.));
#2778 = PCURVE('',#959,#2779);
#2779 = DEFINITIONAL_REPRESENTATION('',(#2780),#2786);
#2780 = B_SPLINE_CURVE_WITH_KNOTS('',3,(#2781,#2782,#2783,#2784,#2785),
  .UNSPECIFIED.,.F.,.F.,(4,1,4),(0.,0.5,1.),.QUASI_UNIFORM_KNOTS.);
#2781 = CARTESIAN_POINT('',(0.,0.));
#2782 = CARTESIAN_POINT('',(4.270057067322E-02,0.498173324521));
#2783 = CARTESIAN_POINT('',(0.12810171202,1.494519973563));
#2784 = CARTESIAN_POINT('',(0.213502853366,2.490866622604));
#2785 = CARTESIAN_POINT('',(0.256203424039,2.989039947125));
#2786 = ( GEOMETRIC_REPRESENTATION_CONTEXT(2) 
PARAMETRIC_REPRESENTATION_CONTEXT() REPRESENTATION_CONTEXT('2D SPACE',''
  ) );
#2787 = PCURVE('',#895,#2788);
#2788 = DEFINITIONAL_REPRESENTATION('',(#2789),#2793);
#2789 = LINE('',#2790,#2791);
#2790 = CARTESIAN_POINT('',(0.,1.));
#2791 = VECTOR('',#2792,1.);
#2792 = DIRECTION('',(1.,0.));
#2793 = ( GEOMETRIC_REPRESENTATION_CONTEXT(2) 
PARAMETRIC_REPRESENTATION_CONTEXT() REPRESENTATION_CONTEXT('2D SPACE',''
  ) );
#2794 = ORIENTED_EDGE('',*,*,#2059,.T.);
#2795 = ORIENTED_EDGE('',*,*,#2796,.T.);
#2796 = EDGE_CURVE('',#1991,#2797,#2799,.T.);
#2797 = VERTEX_POINT('',#2798);
#2798 = CARTESIAN_POINT('',(140.,-17.5,8.));
#2799 = SURFACE_CURVE('',#2800,(#2806,#2815),.PCURVE_S1.);
#2800 = B_SPLINE_CURVE_WITH_KNOTS('',3,(#2801,#2802,#2803,#2804,#2805),
  .UNSPECIFIED.,.F.,.F.,(4,1,4),(0.,0.5,1.),.QUASI_UNIFORM_KNOTS.);
#2801 = CARTESIAN_POINT('',(140.,-17.5,11.));
#2802 = CARTESIAN_POINT('',(140.,-17.5,10.5));
#2803 = CARTESIAN_POINT('',(140.,-17.5,9.5));
#2804 = CARTESIAN_POINT('',(140.,-17.5,8.5));
#2805 = CARTESIAN_POINT('',(140.,-17.5,8.));
#2806 = PCURVE('',#959,#2807);
#2807 = DEFINITIONAL_REPRESENTATION('',(#2808),#2814);
#2808 = B_SPLINE_CURVE_WITH_KNOTS('',3,(#2809,#2810,#2811,#2812,#2813),
  .UNSPECIFIED.,.F.,.F.,(4,1,4),(0.,0.5,1.),.QUASI_UNIFORM_KNOTS.);
#2809 = CARTESIAN_POINT('',(35.128336140501,0.));
#2810 = CARTESIAN_POINT('',(35.085635569827,-0.498173324521));
#2811 = CARTESIAN_POINT('',(35.000234428481,-1.494519973563));
#2812 = CARTESIAN_POINT('',(34.914833287134,-2.490866622604));
#2813 = CARTESIAN_POINT('',(34.872132716461,-2.989039947125));
#2814 = ( GEOMETRIC_REPRESENTATION_CONTEXT(2) 
PARAMETRIC_REPRESENTATION_CONTEXT() REPRESENTATION_CONTEXT('2D SPACE',''
  ) );
#2815 = PCURVE('',#2011,#2816);
#2816 = DEFINITIONAL_REPRESENTATION('',(#2817),#2821);
#2817 = LINE('',#2818,#2819);
#2818 = CARTESIAN_POINT('',(0.,1.));
#2819 = VECTOR('',#2820,1.);
#2820 = DIRECTION('',(1.,0.));
#2821 = ( GEOMETRIC_REPRESENTATION_CONTEXT(2) 
PARAMETRIC_REPRESENTATION_CONTEXT() REPRESENTATION_CONTEXT('2D SPACE',''
  ) );
#2822 = ORIENTED_EDGE('',*,*,#2823,.T.);
#2823 = EDGE_CURVE('',#2797,#2824,#2826,.T.);
#2824 = VERTEX_POINT('',#2825);
#2825 = CARTESIAN_POINT('',(140.,-17.4,6.8));
#2826 = SURFACE_CURVE('',#2827,(#2833,#2842),.PCURVE_S1.);
#2827 = B_SPLINE_CURVE_WITH_KNOTS('',3,(#2828,#2829,#2830,#2831,#2832),
  .UNSPECIFIED.,.F.,.F.,(4,1,4),(0.,0.5,1.),.QUASI_UNIFORM_KNOTS.);
#2828 = CARTESIAN_POINT('',(140.,-17.5,8.));
#2829 = CARTESIAN_POINT('',(140.,-17.48333333333,7.8));
#2830 = CARTESIAN_POINT('',(140.,-17.45,7.4));
#2831 = CARTESIAN_POINT('',(140.,-17.41666666666,7.));
#2832 = CARTESIAN_POINT('',(140.,-17.4,6.8));
#2833 = PCURVE('',#959,#2834);
#2834 = DEFINITIONAL_REPRESENTATION('',(#2835),#2841);
#2835 = B_SPLINE_CURVE_WITH_KNOTS('',3,(#2836,#2837,#2838,#2839,#2840),
  .UNSPECIFIED.,.F.,.F.,(4,1,4),(0.,0.5,1.),.QUASI_UNIFORM_KNOTS.);
#2836 = CARTESIAN_POINT('',(34.872132716461,-2.989039947125));
#2837 = CARTESIAN_POINT('',(34.838446710708,-3.186885924578));
#2838 = CARTESIAN_POINT('',(34.771074699201,-3.582577879483));
#2839 = CARTESIAN_POINT('',(34.703702687695,-3.978269834388));
#2840 = CARTESIAN_POINT('',(34.670016681941,-4.176115811841));
#2841 = ( GEOMETRIC_REPRESENTATION_CONTEXT(2) 
PARAMETRIC_REPRESENTATION_CONTEXT() REPRESENTATION_CONTEXT('2D SPACE',''
  ) );
#2842 = PCURVE('',#2334,#2843);
#2843 = DEFINITIONAL_REPRESENTATION('',(#2844),#2848);
#2844 = LINE('',#2845,#2846);
#2845 = CARTESIAN_POINT('',(0.,1.));
#2846 = VECTOR('',#2847,1.);
#2847 = DIRECTION('',(1.,0.));
#2848 = ( GEOMETRIC_REPRESENTATION_CONTEXT(2) 
PARAMETRIC_REPRESENTATION_CONTEXT() REPRESENTATION_CONTEXT('2D SPACE',''
  ) );
#2849 = ORIENTED_EDGE('',*,*,#2850,.T.);
#2850 = EDGE_CURVE('',#2824,#2851,#2853,.T.);
#2851 = VERTEX_POINT('',#2852);
#2852 = CARTESIAN_POINT('',(140.,-12.2,6.7));
#2853 = SURFACE_CURVE('',#2854,(#2860,#2869),.PCURVE_S1.);
#2854 = B_SPLINE_CURVE_WITH_KNOTS('',3,(#2855,#2856,#2857,#2858,#2859),
  .UNSPECIFIED.,.F.,.F.,(4,1,4),(0.,0.5,1.),.QUASI_UNIFORM_KNOTS.);
#2855 = CARTESIAN_POINT('',(140.,-17.4,6.8));
#2856 = CARTESIAN_POINT('',(140.,-16.53333333333,6.783333333333));
#2857 = CARTESIAN_POINT('',(140.,-14.8,6.75));
#2858 = CARTESIAN_POINT('',(140.,-13.06666666666,6.716666666667));
#2859 = CARTESIAN_POINT('',(140.,-12.2,6.7));
#2860 = PCURVE('',#959,#2861);
#2861 = DEFINITIONAL_REPRESENTATION('',(#2862),#2868);
#2862 = B_SPLINE_CURVE_WITH_KNOTS('',3,(#2863,#2864,#2865,#2866,#2867),
  .UNSPECIFIED.,.F.,.F.,(4,1,4),(0.,0.5,1.),.QUASI_UNIFORM_KNOTS.);
#2863 = CARTESIAN_POINT('',(34.670016681941,-4.176115811841));
#2864 = CARTESIAN_POINT('',(33.805092900416,-4.118707266824));
#2865 = CARTESIAN_POINT('',(32.075245337366,-4.003890176792));
#2866 = CARTESIAN_POINT('',(30.345397774315,-3.88907308676));
#2867 = CARTESIAN_POINT('',(29.48047399279,-3.831664541743));
#2868 = ( GEOMETRIC_REPRESENTATION_CONTEXT(2) 
PARAMETRIC_REPRESENTATION_CONTEXT() REPRESENTATION_CONTEXT('2D SPACE',''
  ) );
#2869 = PCURVE('',#2402,#2870);
#2870 = DEFINITIONAL_REPRESENTATION('',(#2871),#2875);
#2871 = LINE('',#2872,#2873);
#2872 = CARTESIAN_POINT('',(0.,1.));
#2873 = VECTOR('',#2874,1.);
#2874 = DIRECTION('',(1.,0.));
#2875 = ( GEOMETRIC_REPRESENTATION_CONTEXT(2) 
PARAMETRIC_REPRESENTATION_CONTEXT() REPRESENTATION_CONTEXT('2D SPACE',''
  ) );
#2876 = ORIENTED_EDGE('',*,*,#2877,.T.);
#2877 = EDGE_CURVE('',#2851,#2578,#2878,.T.);
#2878 = SURFACE_CURVE('',#2879,(#2885,#2894),.PCURVE_S1.);
#2879 = B_SPLINE_CURVE_WITH_KNOTS('',3,(#2880,#2881,#2882,#2883,#2884),
  .UNSPECIFIED.,.F.,.F.,(4,1,4),(0.,0.5,1.),.QUASI_UNIFORM_KNOTS.);
#2880 = CARTESIAN_POINT('',(140.,-12.2,6.7));
#2881 = CARTESIAN_POINT('',(140.,-8.133333333333,6.7));
#2882 = CARTESIAN_POINT('',(140.,0.,6.7));
#2883 = CARTESIAN_POINT('',(140.,8.133333333333,6.7));
#2884 = CARTESIAN_POINT('',(140.,12.2,6.7));
#2885 = PCURVE('',#959,#2886);
#2886 = DEFINITIONAL_REPRESENTATION('',(#2887),#2893);
#2887 = B_SPLINE_CURVE_WITH_KNOTS('',3,(#2888,#2889,#2890,#2891,#2892),
  .UNSPECIFIED.,.F.,.F.,(4,1,4),(0.,0.5,1.),.QUASI_UNIFORM_KNOTS.);
#2888 = CARTESIAN_POINT('',(29.48047399279,-3.831664541743));
#2889 = CARTESIAN_POINT('',(25.428664286687,-3.484366566935));
#2890 = CARTESIAN_POINT('',(17.32504487448,-2.789770617317));
#2891 = CARTESIAN_POINT('',(9.221425462274,-2.095174667699));
#2892 = CARTESIAN_POINT('',(5.169615756171,-1.74787669289));
#2893 = ( GEOMETRIC_REPRESENTATION_CONTEXT(2) 
PARAMETRIC_REPRESENTATION_CONTEXT() REPRESENTATION_CONTEXT('2D SPACE',''
  ) );
#2894 = PCURVE('',#2625,#2895);
#2895 = DEFINITIONAL_REPRESENTATION('',(#2896),#2900);
#2896 = LINE('',#2897,#2898);
#2897 = CARTESIAN_POINT('',(0.,1.));
#2898 = VECTOR('',#2899,1.);
#2899 = DIRECTION('',(1.,0.));
#2900 = ( GEOMETRIC_REPRESENTATION_CONTEXT(2) 
PARAMETRIC_REPRESENTATION_CONTEXT() REPRESENTATION_CONTEXT('2D SPACE',''
  ) );
#2901 = ORIENTED_EDGE('',*,*,#2577,.T.);
#2902 = ORIENTED_EDGE('',*,*,#943,.T.);
#2903 = ADVANCED_FACE('',(#2904),#895,.T.);
#2904 = FACE_BOUND('',#2905,.T.);
#2905 = EDGE_LOOP('',(#2906,#2907,#2908,#3000,#3092,#3118,#3119,#3120));
#2906 = ORIENTED_EDGE('',*,*,#874,.F.);
#2907 = ORIENTED_EDGE('',*,*,#1178,.F.);
#2908 = ORIENTED_EDGE('',*,*,#2909,.T.);
#2909 = EDGE_CURVE('',#1066,#2910,#2912,.T.);
#2910 = VERTEX_POINT('',#2911);
#2911 = CARTESIAN_POINT('',(139.83333333333,17.5,8.));
#2912 = SURFACE_CURVE('',#2913,(#2940,#2970),.PCURVE_S1.);
#2913 = B_SPLINE_CURVE_WITH_KNOTS('',4,(#2914,#2915,#2916,#2917,#2918,
    #2919,#2920,#2921,#2922,#2923,#2924,#2925,#2926,#2927,#2928,#2929,
    #2930,#2931,#2932,#2933,#2934,#2935,#2936,#2937,#2938,#2939),
  .UNSPECIFIED.,.F.,.F.,(5,3,3,3,3,3,3,3,5),(0.,0.125207280817,
    0.250012544851,0.375215795376,0.500016909439,0.625215813102,
    0.750012522846,0.875207152682,1.),.UNSPECIFIED.);
#2914 = CARTESIAN_POINT('',(117.65416666666,17.5,7.75));
#2915 = CARTESIAN_POINT('',(118.34836887051,17.5,7.757824935606));
#2916 = CARTESIAN_POINT('',(119.04257500258,17.5,7.76564991549));
#2917 = CARTESIAN_POINT('',(119.73678482928,17.5,7.77347493702));
#2918 = CARTESIAN_POINT('',(121.1229828498,17.5,7.78909993819));
#2919 = CARTESIAN_POINT('',(121.81497101497,17.5,7.796899917508));
#2920 = CARTESIAN_POINT('',(122.50696281114,17.5,7.804699937754));
#2921 = CARTESIAN_POINT('',(123.89316053231,17.5,7.820324935551));
#2922 = CARTESIAN_POINT('',(124.58736647639,17.5,7.828149913316));
#2923 = CARTESIAN_POINT('',(125.28157626087,17.5,7.83597493437));
#2924 = CARTESIAN_POINT('',(126.66777401548,17.5,7.851599932543));
#2925 = CARTESIAN_POINT('',(127.35976195635,17.5,7.859399909333));
#2926 = CARTESIAN_POINT('',(128.05175393391,17.5,7.867199931624));
#2927 = CARTESIAN_POINT('',(129.43795172619,17.5,7.882824930222));
#2928 = CARTESIAN_POINT('',(130.13215756457,17.5,7.890649906796));
#2929 = CARTESIAN_POINT('',(130.82636756474,17.5,7.898474930281));
#2930 = CARTESIAN_POINT('',(132.21256564762,17.5,7.914099932155));
#2931 = CARTESIAN_POINT('',(132.90455370323,17.5,7.921899910238));
#2932 = CARTESIAN_POINT('',(133.59654577139,17.5,7.92969993355));
#2933 = CARTESIAN_POINT('',(134.98274402283,17.5,7.945324937323));
#2934 = CARTESIAN_POINT('',(135.67695023098,17.5,7.953149918065));
#2935 = CARTESIAN_POINT('',(136.37116010251,17.5,7.9609749401));
#2936 = CARTESIAN_POINT('',(137.75735865114,17.5,7.976599947223));
#2937 = CARTESIAN_POINT('',(138.44934730743,17.5,7.984399932077));
#2938 = CARTESIAN_POINT('',(139.1413390014,17.5,7.992199951171));
#2939 = CARTESIAN_POINT('',(139.83333333333,17.5,8.));
#2940 = PCURVE('',#895,#2941);
#2941 = DEFINITIONAL_REPRESENTATION('',(#2942),#2969);
#2942 = B_SPLINE_CURVE_WITH_KNOTS('',4,(#2943,#2944,#2945,#2946,#2947,
    #2948,#2949,#2950,#2951,#2952,#2953,#2954,#2955,#2956,#2957,#2958,
    #2959,#2960,#2961,#2962,#2963,#2964,#2965,#2966,#2967,#2968),
  .UNSPECIFIED.,.F.,.F.,(5,3,3,3,3,3,3,3,5),(0.,0.125207280817,
    0.250012544851,0.375215795376,0.500016909439,0.625215813102,
    0.750012522846,0.875207152682,1.),.UNSPECIFIED.);
#2943 = CARTESIAN_POINT('',(0.443867836599,0.840325156848));
#2944 = CARTESIAN_POINT('',(0.427864600648,0.845285662297));
#2945 = CARTESIAN_POINT('',(0.41203217164,0.850246195815));
#2946 = CARTESIAN_POINT('',(0.396363004178,0.855206755735));
#2947 = CARTESIAN_POINT('',(0.36540443375,0.865112000628));
#2948 = CARTESIAN_POINT('',(0.350113793601,0.870056685397));
#2949 = CARTESIAN_POINT('',(0.334988637625,0.875001396112));
#2950 = CARTESIAN_POINT('',(0.305036251444,0.884906638866));
#2951 = CARTESIAN_POINT('',(0.290209934299,0.889867171041));
#2952 = CARTESIAN_POINT('',(0.275564736175,0.894827730658));
#2953 = CARTESIAN_POINT('',(0.246701443233,0.904732973651));
#2954 = CARTESIAN_POINT('',(0.232481943928,0.909677656818));
#2955 = CARTESIAN_POINT('',(0.218460477276,0.914622368829));
#2956 = CARTESIAN_POINT('',(0.190783973582,0.924527612091));
#2957 = CARTESIAN_POINT('',(0.177130095726,0.929488143511));
#2958 = CARTESIAN_POINT('',(0.163689810708,0.93444870467));
#2959 = CARTESIAN_POINT('',(0.137283352477,0.944353950008));
#2960 = CARTESIAN_POINT('',(0.124315697126,0.949298633994));
#2961 = CARTESIAN_POINT('',(0.1115644866,0.954243346653));
#2962 = CARTESIAN_POINT('',(8.644547849783E-02,0.964148593196));
#2963 = CARTESIAN_POINT('',(7.407898527292E-02,0.969109127258));
#2964 = CARTESIAN_POINT('',(6.192063836334E-02,0.974069687498));
#2965 = CARTESIAN_POINT('',(3.803315164267E-02,0.983974936164));
#2966 = CARTESIAN_POINT('',(2.630273639496E-02,0.988919624443));
#2967 = CARTESIAN_POINT('',(1.475382684045E-02,0.993864334428));
#2968 = CARTESIAN_POINT('',(3.365590269822E-03,0.998809063262));
#2969 = ( GEOMETRIC_REPRESENTATION_CONTEXT(2) 
PARAMETRIC_REPRESENTATION_CONTEXT() REPRESENTATION_CONTEXT('2D SPACE',''
  ) );
#2970 = PCURVE('',#1127,#2971);
#2971 = DEFINITIONAL_REPRESENTATION('',(#2972),#2999);
#2972 = B_SPLINE_CURVE_WITH_KNOTS('',4,(#2973,#2974,#2975,#2976,#2977,
    #2978,#2979,#2980,#2981,#2982,#2983,#2984,#2985,#2986,#2987,#2988,
    #2989,#2990,#2991,#2992,#2993,#2994,#2995,#2996,#2997,#2998),
  .UNSPECIFIED.,.F.,.F.,(5,3,3,3,3,3,3,3,5),(0.,0.125207280817,
    0.250012544851,0.375215795376,0.500016909439,0.625215813102,
    0.750012522846,0.875207152682,1.),.UNSPECIFIED.);
#2973 = CARTESIAN_POINT('',(1.,0.583333333333));
#2974 = CARTESIAN_POINT('',(0.968700257576,0.583333333333));
#2975 = CARTESIAN_POINT('',(0.937400338039,0.583333333334));
#2976 = CARTESIAN_POINT('',(0.906100251921,0.583333333334));
#2977 = CARTESIAN_POINT('',(0.843600247239,0.583333333336));
#2978 = CARTESIAN_POINT('',(0.812400329967,0.583333333336));
#2979 = CARTESIAN_POINT('',(0.781200248983,0.583333333337));
#2980 = CARTESIAN_POINT('',(0.718700257797,0.583333333339));
#2981 = CARTESIAN_POINT('',(0.687400346736,0.58333333334));
#2982 = CARTESIAN_POINT('',(0.656100262521,0.583333333341));
#2983 = CARTESIAN_POINT('',(0.593600269827,0.583333333343));
#2984 = CARTESIAN_POINT('',(0.562400362668,0.583333333343));
#2985 = CARTESIAN_POINT('',(0.531200273504,0.583333333343));
#2986 = CARTESIAN_POINT('',(0.468700279112,0.583333333343));
#2987 = CARTESIAN_POINT('',(0.437400372816,0.583333333343));
#2988 = CARTESIAN_POINT('',(0.406100278875,0.583333333343));
#2989 = CARTESIAN_POINT('',(0.343600271381,0.583333333341));
#2990 = CARTESIAN_POINT('',(0.312400359048,0.58333333334));
#2991 = CARTESIAN_POINT('',(0.2812002658,0.583333333339));
#2992 = CARTESIAN_POINT('',(0.218700250706,0.583333333337));
#2993 = CARTESIAN_POINT('',(0.187400327739,0.583333333336));
#2994 = CARTESIAN_POINT('',(0.1561002396,0.583333333336));
#2995 = CARTESIAN_POINT('',(9.360021110697E-02,0.583333333334));
#2996 = CARTESIAN_POINT('',(6.240027169163E-02,0.583333333334));
#2997 = CARTESIAN_POINT('',(3.120019531518E-02,0.583333333333));
#2998 = CARTESIAN_POINT('',(0.,0.583333333333));
#2999 = ( GEOMETRIC_REPRESENTATION_CONTEXT(2) 
PARAMETRIC_REPRESENTATION_CONTEXT() REPRESENTATION_CONTEXT('2D SPACE',''
  ) );
#3000 = ORIENTED_EDGE('',*,*,#3001,.T.);
#3001 = EDGE_CURVE('',#2910,#3002,#3004,.T.);
#3002 = VERTEX_POINT('',#3003);
#3003 = CARTESIAN_POINT('',(134.28755635402,17.5,8.062511106288));
#3004 = SURFACE_CURVE('',#3005,(#3032,#3062),.PCURVE_S1.);
#3005 = B_SPLINE_CURVE_WITH_KNOTS('',4,(#3006,#3007,#3008,#3009,#3010,
    #3011,#3012,#3013,#3014,#3015,#3016,#3017,#3018,#3019,#3020,#3021,
    #3022,#3023,#3024,#3025,#3026,#3027,#3028,#3029,#3030,#3031),
  .UNSPECIFIED.,.F.,.F.,(5,3,3,3,3,3,3,3,5),(0.,0.125186138383,
    0.249976045723,0.375170009975,0.499968086159,0.625170074573,
    0.749975807359,0.875185506016,1.),.UNSPECIFIED.);
#3006 = CARTESIAN_POINT('',(139.83333333333,17.5,8.));
#3007 = CARTESIAN_POINT('',(139.13911621294,17.5,8.007825103743));
#3008 = CARTESIAN_POINT('',(138.44490471979,17.5,8.015650144056));
#3009 = CARTESIAN_POINT('',(137.7506997044,17.5,8.023475111354));
#3010 = CARTESIAN_POINT('',(136.36450085947,17.5,8.039100121817));
#3011 = CARTESIAN_POINT('',(135.6725069861,17.5,8.046900165477));
#3012 = CARTESIAN_POINT('',(134.98052053914,17.5,8.054700125427));
#3013 = CARTESIAN_POINT('',(133.59432223754,17.5,8.070325129766));
#3014 = CARTESIAN_POINT('',(132.90011043559,17.5,8.07815017356));
#3015 = CARTESIAN_POINT('',(132.2059064024,17.5,8.085975129786));
#3016 = CARTESIAN_POINT('',(130.81970878381,17.5,8.101600126427));
#3017 = CARTESIAN_POINT('',(130.12771515888,17.5,8.109400167286));
#3018 = CARTESIAN_POINT('',(129.43572898017,17.5,8.117200124214));
#3019 = CARTESIAN_POINT('',(128.0495314118,17.5,8.132825120288));
#3020 = CARTESIAN_POINT('',(127.35532008183,17.5,8.140650158762));
#3021 = CARTESIAN_POINT('',(126.66111575452,17.5,8.148475118304));
#3022 = CARTESIAN_POINT('',(125.274917999,17.5,8.164100116487));
#3023 = CARTESIAN_POINT('',(124.58292454251,17.5,8.171900155448));
#3024 = CARTESIAN_POINT('',(123.89093786555,17.5,8.179700117992));
#3025 = CARTESIAN_POINT('',(122.50473903136,17.5,8.195325128334));
#3026 = CARTESIAN_POINT('',(121.81052693925,17.5,8.203150175399));
#3027 = CARTESIAN_POINT('',(121.11632241744,17.5,8.210975137132));
#3028 = CARTESIAN_POINT('',(119.73012203537,17.5,8.226600164922));
#3029 = CARTESIAN_POINT('',(119.03812614972,17.5,8.234400231264));
#3030 = CARTESIAN_POINT('',(118.3461401706,17.5,8.242200185941));
#3031 = CARTESIAN_POINT('',(117.65416666666,17.5,8.25));
#3032 = PCURVE('',#895,#3033);
#3033 = DEFINITIONAL_REPRESENTATION('',(#3034),#3061);
#3034 = B_SPLINE_CURVE_WITH_KNOTS('',4,(#3035,#3036,#3037,#3038,#3039,
    #3040,#3041,#3042,#3043,#3044,#3045,#3046,#3047,#3048,#3049,#3050,
    #3051,#3052,#3053,#3054,#3055,#3056,#3057,#3058,#3059,#3060),
  .UNSPECIFIED.,.F.,.F.,(5,3,3,3,3,3,3,3,5),(0.,0.125186138383,
    0.249976045723,0.375170009975,0.499968086159,0.625170074573,
    0.749975807359,0.875185506016,1.),.UNSPECIFIED.);
#3035 = CARTESIAN_POINT('',(3.365590269822E-03,0.998809063262));
#3036 = CARTESIAN_POINT('',(2.001372429335E-02,0.993848451225));
#3037 = CARTESIAN_POINT('',(3.689709459297E-02,0.988887879398));
#3038 = CARTESIAN_POINT('',(5.404598242478E-02,0.983927353859));
#3039 = CARTESIAN_POINT('',(8.884557543356E-02,0.974022103075));
#3040 = CARTESIAN_POINT('',(0.1064946674,0.969077377517));
#3041 = CARTESIAN_POINT('',(0.124433386054,0.964132705025));
#3042 = CARTESIAN_POINT('',(0.160946092157,0.954227458124));
#3043 = CARTESIAN_POINT('',(0.179522194648,0.94926688409));
#3044 = CARTESIAN_POINT('',(0.198386827911,0.944306365569));
#3045 = CARTESIAN_POINT('',(0.23661016554,0.934401123549));
#3046 = CARTESIAN_POINT('',(0.255967479205,0.929456399766));
#3047 = CARTESIAN_POINT('',(0.275589427347,0.924511729191));
#3048 = CARTESIAN_POINT('',(0.315400039182,0.914606487529));
#3049 = CARTESIAN_POINT('',(0.335590763919,0.909645916868));
#3050 = CARTESIAN_POINT('',(0.356021122142,0.904685396246));
#3051 = CARTESIAN_POINT('',(0.397281557375,0.894780153246));
#3052 = CARTESIAN_POINT('',(0.418110606816,0.889835430668));
#3053 = CARTESIAN_POINT('',(0.439164192177,0.884890756533));
#3054 = CARTESIAN_POINT('',(0.481805905993,0.874985505825));
#3055 = CARTESIAN_POINT('',(0.503396012558,0.870024929718));
#3056 = CARTESIAN_POINT('',(0.525229190964,0.865064407706));
#3057 = CARTESIAN_POINT('',(0.569377941921,0.855159145938));
#3058 = CARTESIAN_POINT('',(0.591692415881,0.850214406002));
#3059 = CARTESIAN_POINT('',(0.614314130891,0.845269736853));
#3060 = CARTESIAN_POINT('',(0.637312244442,0.840325156848));
#3061 = ( GEOMETRIC_REPRESENTATION_CONTEXT(2) 
PARAMETRIC_REPRESENTATION_CONTEXT() REPRESENTATION_CONTEXT('2D SPACE',''
  ) );
#3062 = PCURVE('',#1423,#3063);
#3063 = DEFINITIONAL_REPRESENTATION('',(#3064),#3091);
#3064 = B_SPLINE_CURVE_WITH_KNOTS('',4,(#3065,#3066,#3067,#3068,#3069,
    #3070,#3071,#3072,#3073,#3074,#3075,#3076,#3077,#3078,#3079,#3080,
    #3081,#3082,#3083,#3084,#3085,#3086,#3087,#3088,#3089,#3090),
  .UNSPECIFIED.,.F.,.F.,(5,3,3,3,3,3,3,3,5),(0.,0.125186138383,
    0.249976045723,0.375170009975,0.499968086159,0.625170074573,
    0.749975807359,0.875185506016,1.),.UNSPECIFIED.);
#3065 = CARTESIAN_POINT('',(1.,0.583333333333));
#3066 = CARTESIAN_POINT('',(0.968699585028,0.583333333333));
#3067 = CARTESIAN_POINT('',(0.937399423774,0.583333333334));
#3068 = CARTESIAN_POINT('',(0.906099554586,0.583333333334));
#3069 = CARTESIAN_POINT('',(0.843599512734,0.583333333336));
#3070 = CARTESIAN_POINT('',(0.812399338094,0.583333333336));
#3071 = CARTESIAN_POINT('',(0.781199498291,0.583333333337));
#3072 = CARTESIAN_POINT('',(0.718699480936,0.583333333339));
#3073 = CARTESIAN_POINT('',(0.687399305759,0.58333333334));
#3074 = CARTESIAN_POINT('',(0.656099480854,0.583333333341));
#3075 = CARTESIAN_POINT('',(0.593599494293,0.583333333343));
#3076 = CARTESIAN_POINT('',(0.562399330854,0.583333333343));
#3077 = CARTESIAN_POINT('',(0.531199503145,0.583333333343));
#3078 = CARTESIAN_POINT('',(0.468699518849,0.583333333343));
#3079 = CARTESIAN_POINT('',(0.437399364951,0.583333333343));
#3080 = CARTESIAN_POINT('',(0.406099526786,0.583333333343));
#3081 = CARTESIAN_POINT('',(0.34359953405,0.583333333341));
#3082 = CARTESIAN_POINT('',(0.312399378207,0.58333333334));
#3083 = CARTESIAN_POINT('',(0.281199528034,0.583333333339));
#3084 = CARTESIAN_POINT('',(0.218699486665,0.583333333337));
#3085 = CARTESIAN_POINT('',(0.187399298405,0.583333333336));
#3086 = CARTESIAN_POINT('',(0.156099451471,0.583333333336));
#3087 = CARTESIAN_POINT('',(9.359934031304E-02,0.583333333334));
#3088 = CARTESIAN_POINT('',(6.239907494522E-02,0.583333333334));
#3089 = CARTESIAN_POINT('',(3.1199256236E-02,0.583333333333));
#3090 = CARTESIAN_POINT('',(0.,0.583333333333));
#3091 = ( GEOMETRIC_REPRESENTATION_CONTEXT(2) 
PARAMETRIC_REPRESENTATION_CONTEXT() REPRESENTATION_CONTEXT('2D SPACE',''
  ) );
#3092 = ORIENTED_EDGE('',*,*,#3093,.F.);
#3093 = EDGE_CURVE('',#1264,#3002,#3094,.T.);
#3094 = SURFACE_CURVE('',#3095,(#3100,#3109),.PCURVE_S1.);
#3095 = B_SPLINE_CURVE_WITH_KNOTS('',3,(#3096,#3097,#3098,#3099),
  .UNSPECIFIED.,.F.,.F.,(4,4),(0.,1.),.PIECEWISE_BEZIER_KNOTS.);
#3096 = CARTESIAN_POINT('',(136.,17.5,8.4));
#3097 = CARTESIAN_POINT('',(126.86666666666,17.5,6.6));
#3098 = CARTESIAN_POINT('',(117.73333333333,17.5,4.8));
#3099 = CARTESIAN_POINT('',(108.6,17.5,3.));
#3100 = PCURVE('',#895,#3101);
#3101 = DEFINITIONAL_REPRESENTATION('',(#3102),#3108);
#3102 = B_SPLINE_CURVE_WITH_KNOTS('',4,(#3103,#3104,#3105,#3106,#3107),
  .UNSPECIFIED.,.F.,.F.,(5,5),(0.,6.249794328356E-02),
  .PIECEWISE_BEZIER_KNOTS.);
#3103 = CARTESIAN_POINT('',(0.220942015576,0.971417518287));
#3104 = CARTESIAN_POINT('',(0.201641966108,0.968358400212));
#3105 = CARTESIAN_POINT('',(0.182174294949,0.965299282138));
#3106 = CARTESIAN_POINT('',(0.162529047741,0.962240164063));
#3107 = CARTESIAN_POINT('',(0.14268618905,0.959181045988));
#3108 = ( GEOMETRIC_REPRESENTATION_CONTEXT(2) 
PARAMETRIC_REPRESENTATION_CONTEXT() REPRESENTATION_CONTEXT('2D SPACE',''
  ) );
#3109 = PCURVE('',#1312,#3110);
#3110 = DEFINITIONAL_REPRESENTATION('',(#3111),#3117);
#3111 = B_SPLINE_CURVE_WITH_KNOTS('',4,(#3112,#3113,#3114,#3115,#3116),
  .UNSPECIFIED.,.F.,.F.,(5,5),(0.,6.249794328356E-02),
  .PIECEWISE_BEZIER_KNOTS.);
#3112 = CARTESIAN_POINT('',(0.220942015576,0.971417518287));
#3113 = CARTESIAN_POINT('',(0.201641966108,0.968358400212));
#3114 = CARTESIAN_POINT('',(0.182174294949,0.965299282138));
#3115 = CARTESIAN_POINT('',(0.162529047741,0.962240164063));
#3116 = CARTESIAN_POINT('',(0.14268618905,0.959181045988));
#3117 = ( GEOMETRIC_REPRESENTATION_CONTEXT(2) 
PARAMETRIC_REPRESENTATION_CONTEXT() REPRESENTATION_CONTEXT('2D SPACE',''
  ) );
#3118 = ORIENTED_EDGE('',*,*,#1263,.F.);
#3119 = ORIENTED_EDGE('',*,*,#2104,.T.);
#3120 = ORIENTED_EDGE('',*,*,#2770,.F.);
#3121 = ADVANCED_FACE('',(#3122),#807,.F.);
#3122 = FACE_BOUND('',#3123,.F.);
#3123 = EDGE_LOOP('',(#3124,#3148,#3149,#3173));
#3124 = ORIENTED_EDGE('',*,*,#3125,.F.);
#3125 = EDGE_CURVE('',#583,#3126,#3128,.T.);
#3126 = VERTEX_POINT('',#3127);
#3127 = CARTESIAN_POINT('',(106.1,17.,3.));
#3128 = SURFACE_CURVE('',#3129,(#3134,#3141),.PCURVE_S1.);
#3129 = B_SPLINE_CURVE_WITH_KNOTS('',3,(#3130,#3131,#3132,#3133),
  .UNSPECIFIED.,.F.,.F.,(4,4),(0.,1.),.PIECEWISE_BEZIER_KNOTS.);
#3130 = CARTESIAN_POINT('',(108.6,15.5,6.));
#3131 = CARTESIAN_POINT('',(107.76666666666,16.,5.));
#3132 = CARTESIAN_POINT('',(106.93333333333,16.5,4.));
#3133 = CARTESIAN_POINT('',(106.1,17.,3.));
#3134 = PCURVE('',#807,#3135);
#3135 = DEFINITIONAL_REPRESENTATION('',(#3136),#3140);
#3136 = LINE('',#3137,#3138);
#3137 = CARTESIAN_POINT('',(0.,0.));
#3138 = VECTOR('',#3139,1.);
#3139 = DIRECTION('',(0.,1.));
#3140 = ( GEOMETRIC_REPRESENTATION_CONTEXT(2) 
PARAMETRIC_REPRESENTATION_CONTEXT() REPRESENTATION_CONTEXT('2D SPACE',''
  ) );
#3141 = PCURVE('',#656,#3142);
#3142 = DEFINITIONAL_REPRESENTATION('',(#3143),#3147);
#3143 = LINE('',#3144,#3145);
#3144 = CARTESIAN_POINT('',(1.,0.));
#3145 = VECTOR('',#3146,1.);
#3146 = DIRECTION('',(0.,1.));
#3147 = ( GEOMETRIC_REPRESENTATION_CONTEXT(2) 
PARAMETRIC_REPRESENTATION_CONTEXT() REPRESENTATION_CONTEXT('2D SPACE',''
  ) );
#3148 = ORIENTED_EDGE('',*,*,#713,.F.);
#3149 = ORIENTED_EDGE('',*,*,#3150,.T.);
#3150 = EDGE_CURVE('',#714,#3151,#3153,.T.);
#3151 = VERTEX_POINT('',#3152);
#3152 = CARTESIAN_POINT('',(108.6,17.5,3.));
#3153 = SURFACE_CURVE('',#3154,(#3159,#3166),.PCURVE_S1.);
#3154 = B_SPLINE_CURVE_WITH_KNOTS('',3,(#3155,#3156,#3157,#3158),
  .UNSPECIFIED.,.F.,.F.,(4,4),(0.,1.),.PIECEWISE_BEZIER_KNOTS.);
#3155 = CARTESIAN_POINT('',(136.,17.5,8.4));
#3156 = CARTESIAN_POINT('',(126.86666666666,17.5,6.6));
#3157 = CARTESIAN_POINT('',(117.73333333333,17.5,4.8));
#3158 = CARTESIAN_POINT('',(108.6,17.5,3.));
#3159 = PCURVE('',#807,#3160);
#3160 = DEFINITIONAL_REPRESENTATION('',(#3161),#3165);
#3161 = LINE('',#3162,#3163);
#3162 = CARTESIAN_POINT('',(1.,0.));
#3163 = VECTOR('',#3164,1.);
#3164 = DIRECTION('',(0.,1.));
#3165 = ( GEOMETRIC_REPRESENTATION_CONTEXT(2) 
PARAMETRIC_REPRESENTATION_CONTEXT() REPRESENTATION_CONTEXT('2D SPACE',''
  ) );
#3166 = PCURVE('',#995,#3167);
#3167 = DEFINITIONAL_REPRESENTATION('',(#3168),#3172);
#3168 = LINE('',#3169,#3170);
#3169 = CARTESIAN_POINT('',(0.,0.));
#3170 = VECTOR('',#3171,1.);
#3171 = DIRECTION('',(0.,1.));
#3172 = ( GEOMETRIC_REPRESENTATION_CONTEXT(2) 
PARAMETRIC_REPRESENTATION_CONTEXT() REPRESENTATION_CONTEXT('2D SPACE',''
  ) );
#3173 = ORIENTED_EDGE('',*,*,#3174,.F.);
#3174 = EDGE_CURVE('',#3126,#3151,#3175,.T.);
#3175 = SURFACE_CURVE('',#3176,(#3182,#3189),.PCURVE_S1.);
#3176 = B_SPLINE_CURVE_WITH_KNOTS('',3,(#3177,#3178,#3179,#3180,#3181),
  .UNSPECIFIED.,.F.,.F.,(4,1,4),(0.,0.5,1.),.QUASI_UNIFORM_KNOTS.);
#3177 = CARTESIAN_POINT('',(106.1,17.,3.));
#3178 = CARTESIAN_POINT('',(106.51666666666,17.083333333333,3.));
#3179 = CARTESIAN_POINT('',(107.35,17.25,3.));
#3180 = CARTESIAN_POINT('',(108.18333333333,17.416666666667,3.));
#3181 = CARTESIAN_POINT('',(108.6,17.5,3.));
#3182 = PCURVE('',#807,#3183);
#3183 = DEFINITIONAL_REPRESENTATION('',(#3184),#3188);
#3184 = LINE('',#3185,#3186);
#3185 = CARTESIAN_POINT('',(0.,1.));
#3186 = VECTOR('',#3187,1.);
#3187 = DIRECTION('',(1.,0.));
#3188 = ( GEOMETRIC_REPRESENTATION_CONTEXT(2) 
PARAMETRIC_REPRESENTATION_CONTEXT() REPRESENTATION_CONTEXT('2D SPACE',''
  ) );
#3189 = PCURVE('',#3190,#3195);
#3190 = PLANE('',#3191);
#3191 = AXIS2_PLACEMENT_3D('',#3192,#3193,#3194);
#3192 = CARTESIAN_POINT('',(104.8,17.5,3.));
#3193 = DIRECTION('',(0.,0.,-1.));
#3194 = DIRECTION('',(1.,0.,0.));
#3195 = DEFINITIONAL_REPRESENTATION('',(#3196),#3202);
#3196 = B_SPLINE_CURVE_WITH_KNOTS('',3,(#3197,#3198,#3199,#3200,#3201),
  .UNSPECIFIED.,.F.,.F.,(4,1,4),(0.,0.5,1.),.QUASI_UNIFORM_KNOTS.);
#3197 = CARTESIAN_POINT('',(1.3,0.5));
#3198 = CARTESIAN_POINT('',(1.716666666667,0.416666666667));
#3199 = CARTESIAN_POINT('',(2.55,0.25));
#3200 = CARTESIAN_POINT('',(3.383333333333,8.333333333333E-02));
#3201 = CARTESIAN_POINT('',(3.8,0.));
#3202 = ( GEOMETRIC_REPRESENTATION_CONTEXT(2) 
PARAMETRIC_REPRESENTATION_CONTEXT() REPRESENTATION_CONTEXT('2D SPACE',''
  ) );
#3203 = ADVANCED_FACE('',(#3204),#656,.F.);
#3204 = FACE_BOUND('',#3205,.F.);
#3205 = EDGE_LOOP('',(#3206,#3230,#3231,#3232));
#3206 = ORIENTED_EDGE('',*,*,#3207,.F.);
#3207 = EDGE_CURVE('',#24,#3208,#3210,.T.);
#3208 = VERTEX_POINT('',#3209);
#3209 = CARTESIAN_POINT('',(104.8,17.5,3.));
#3210 = SURFACE_CURVE('',#3211,(#3216,#3223),.PCURVE_S1.);
#3211 = B_SPLINE_CURVE_WITH_KNOTS('',3,(#3212,#3213,#3214,#3215),
  .UNSPECIFIED.,.F.,.F.,(4,4),(0.,1.),.PIECEWISE_BEZIER_KNOTS.);
#3212 = CARTESIAN_POINT('',(94.6,17.5,6.));
#3213 = CARTESIAN_POINT('',(98.,17.5,5.));
#3214 = CARTESIAN_POINT('',(101.4,17.5,4.));
#3215 = CARTESIAN_POINT('',(104.8,17.5,3.));
#3216 = PCURVE('',#656,#3217);
#3217 = DEFINITIONAL_REPRESENTATION('',(#3218),#3222);
#3218 = LINE('',#3219,#3220);
#3219 = CARTESIAN_POINT('',(0.,0.));
#3220 = VECTOR('',#3221,1.);
#3221 = DIRECTION('',(0.,1.));
#3222 = ( GEOMETRIC_REPRESENTATION_CONTEXT(2) 
PARAMETRIC_REPRESENTATION_CONTEXT() REPRESENTATION_CONTEXT('2D SPACE',''
  ) );
#3223 = PCURVE('',#995,#3224);
#3224 = DEFINITIONAL_REPRESENTATION('',(#3225),#3229);
#3225 = LINE('',#3226,#3227);
#3226 = CARTESIAN_POINT('',(1.,0.));
#3227 = VECTOR('',#3228,1.);
#3228 = DIRECTION('',(0.,1.));
#3229 = ( GEOMETRIC_REPRESENTATION_CONTEXT(2) 
PARAMETRIC_REPRESENTATION_CONTEXT() REPRESENTATION_CONTEXT('2D SPACE',''
  ) );
#3230 = ORIENTED_EDGE('',*,*,#582,.F.);
#3231 = ORIENTED_EDGE('',*,*,#3125,.T.);
#3232 = ORIENTED_EDGE('',*,*,#3233,.F.);
#3233 = EDGE_CURVE('',#3208,#3126,#3234,.T.);
#3234 = SURFACE_CURVE('',#3235,(#3241,#3248),.PCURVE_S1.);
#3235 = B_SPLINE_CURVE_WITH_KNOTS('',3,(#3236,#3237,#3238,#3239,#3240),
  .UNSPECIFIED.,.F.,.F.,(4,1,4),(0.,0.5,1.),.QUASI_UNIFORM_KNOTS.);
#3236 = CARTESIAN_POINT('',(104.8,17.5,3.));
#3237 = CARTESIAN_POINT('',(105.01666666666,17.416666666667,3.));
#3238 = CARTESIAN_POINT('',(105.45,17.25,3.));
#3239 = CARTESIAN_POINT('',(105.88333333333,17.083333333333,3.));
#3240 = CARTESIAN_POINT('',(106.1,17.,3.));
#3241 = PCURVE('',#656,#3242);
#3242 = DEFINITIONAL_REPRESENTATION('',(#3243),#3247);
#3243 = LINE('',#3244,#3245);
#3244 = CARTESIAN_POINT('',(0.,1.));
#3245 = VECTOR('',#3246,1.);
#3246 = DIRECTION('',(1.,0.));
#3247 = ( GEOMETRIC_REPRESENTATION_CONTEXT(2) 
PARAMETRIC_REPRESENTATION_CONTEXT() REPRESENTATION_CONTEXT('2D SPACE',''
  ) );
#3248 = PCURVE('',#3190,#3249);
#3249 = DEFINITIONAL_REPRESENTATION('',(#3250),#3256);
#3250 = B_SPLINE_CURVE_WITH_KNOTS('',3,(#3251,#3252,#3253,#3254,#3255),
  .UNSPECIFIED.,.F.,.F.,(4,1,4),(0.,0.5,1.),.QUASI_UNIFORM_KNOTS.);
#3251 = CARTESIAN_POINT('',(0.,0.));
#3252 = CARTESIAN_POINT('',(0.216666666667,8.333333333333E-02));
#3253 = CARTESIAN_POINT('',(0.65,0.25));
#3254 = CARTESIAN_POINT('',(1.083333333333,0.416666666667));
#3255 = CARTESIAN_POINT('',(1.3,0.5));
#3256 = ( GEOMETRIC_REPRESENTATION_CONTEXT(2) 
PARAMETRIC_REPRESENTATION_CONTEXT() REPRESENTATION_CONTEXT('2D SPACE',''
  ) );
#3257 = ADVANCED_FACE('',(#3258),#995,.F.);
#3258 = FACE_BOUND('',#3259,.F.);
#3259 = EDGE_LOOP('',(#3260,#3261,#3262,#3263));
#3260 = ORIENTED_EDGE('',*,*,#3150,.F.);
#3261 = ORIENTED_EDGE('',*,*,#976,.F.);
#3262 = ORIENTED_EDGE('',*,*,#3207,.T.);
#3263 = ORIENTED_EDGE('',*,*,#3264,.F.);
#3264 = EDGE_CURVE('',#3151,#3208,#3265,.T.);
#3265 = SURFACE_CURVE('',#3266,(#3272,#3279),.PCURVE_S1.);
#3266 = B_SPLINE_CURVE_WITH_KNOTS('',3,(#3267,#3268,#3269,#3270,#3271),
  .UNSPECIFIED.,.F.,.F.,(4,1,4),(0.,0.5,1.),.QUASI_UNIFORM_KNOTS.);
#3267 = CARTESIAN_POINT('',(108.6,17.5,3.));
#3268 = CARTESIAN_POINT('',(107.96666666666,17.5,3.));
#3269 = CARTESIAN_POINT('',(106.7,17.5,3.));
#3270 = CARTESIAN_POINT('',(105.43333333333,17.5,3.));
#3271 = CARTESIAN_POINT('',(104.8,17.5,3.));
#3272 = PCURVE('',#995,#3273);
#3273 = DEFINITIONAL_REPRESENTATION('',(#3274),#3278);
#3274 = LINE('',#3275,#3276);
#3275 = CARTESIAN_POINT('',(0.,1.));
#3276 = VECTOR('',#3277,1.);
#3277 = DIRECTION('',(1.,0.));
#3278 = ( GEOMETRIC_REPRESENTATION_CONTEXT(2) 
PARAMETRIC_REPRESENTATION_CONTEXT() REPRESENTATION_CONTEXT('2D SPACE',''
  ) );
#3279 = PCURVE('',#3190,#3280);
#3280 = DEFINITIONAL_REPRESENTATION('',(#3281),#3287);
#3281 = B_SPLINE_CURVE_WITH_KNOTS('',3,(#3282,#3283,#3284,#3285,#3286),
  .UNSPECIFIED.,.F.,.F.,(4,1,4),(0.,0.5,1.),.QUASI_UNIFORM_KNOTS.);
#3282 = CARTESIAN_POINT('',(3.8,0.));
#3283 = CARTESIAN_POINT('',(3.166666666667,0.));
#3284 = CARTESIAN_POINT('',(1.9,0.));
#3285 = CARTESIAN_POINT('',(0.633333333333,0.));
#3286 = CARTESIAN_POINT('',(0.,0.));
#3287 = ( GEOMETRIC_REPRESENTATION_CONTEXT(2) 
PARAMETRIC_REPRESENTATION_CONTEXT() REPRESENTATION_CONTEXT('2D SPACE',''
  ) );
#3288 = ADVANCED_FACE('',(#3289),#1127,.T.);
#3289 = FACE_BOUND('',#3290,.T.);
#3290 = EDGE_LOOP('',(#3291,#3315,#3316,#3317,#3318,#3342));
#3291 = ORIENTED_EDGE('',*,*,#3292,.F.);
#3292 = EDGE_CURVE('',#2910,#3293,#3295,.T.);
#3293 = VERTEX_POINT('',#3294);
#3294 = CARTESIAN_POINT('',(144.,30.,8.));
#3295 = SURFACE_CURVE('',#3296,(#3301,#3308),.PCURVE_S1.);
#3296 = B_SPLINE_CURVE_WITH_KNOTS('',3,(#3297,#3298,#3299,#3300),
  .UNSPECIFIED.,.F.,.F.,(4,4),(0.,1.),.PIECEWISE_BEZIER_KNOTS.);
#3297 = CARTESIAN_POINT('',(134.,0.,8.));
#3298 = CARTESIAN_POINT('',(137.33333333333,10.,8.));
#3299 = CARTESIAN_POINT('',(140.66666666666,20.,8.));
#3300 = CARTESIAN_POINT('',(144.,30.,8.));
#3301 = PCURVE('',#1127,#3302);
#3302 = DEFINITIONAL_REPRESENTATION('',(#3303),#3307);
#3303 = LINE('',#3304,#3305);
#3304 = CARTESIAN_POINT('',(0.,0.));
#3305 = VECTOR('',#3306,1.);
#3306 = DIRECTION('',(0.,1.));
#3307 = ( GEOMETRIC_REPRESENTATION_CONTEXT(2) 
PARAMETRIC_REPRESENTATION_CONTEXT() REPRESENTATION_CONTEXT('2D SPACE',''
  ) );
#3308 = PCURVE('',#1423,#3309);
#3309 = DEFINITIONAL_REPRESENTATION('',(#3310),#3314);
#3310 = LINE('',#3311,#3312);
#3311 = CARTESIAN_POINT('',(1.,0.));
#3312 = VECTOR('',#3313,1.);
#3313 = DIRECTION('',(0.,1.));
#3314 = ( GEOMETRIC_REPRESENTATION_CONTEXT(2) 
PARAMETRIC_REPRESENTATION_CONTEXT() REPRESENTATION_CONTEXT('2D SPACE',''
  ) );
#3315 = ORIENTED_EDGE('',*,*,#2909,.F.);
#3316 = ORIENTED_EDGE('',*,*,#1065,.F.);
#3317 = ORIENTED_EDGE('',*,*,#1628,.F.);
#3318 = ORIENTED_EDGE('',*,*,#3319,.T.);
#3319 = EDGE_CURVE('',#1552,#3320,#3322,.T.);
#3320 = VERTEX_POINT('',#3321);
#3321 = CARTESIAN_POINT('',(135.5,30.,7.75));
#3322 = SURFACE_CURVE('',#3323,(#3328,#3335),.PCURVE_S1.);
#3323 = B_SPLINE_CURVE_WITH_KNOTS('',3,(#3324,#3325,#3326,#3327),
  .UNSPECIFIED.,.F.,.F.,(4,4),(0.,1.),.PIECEWISE_BEZIER_KNOTS.);
#3324 = CARTESIAN_POINT('',(92.67,0.,7.75));
#3325 = CARTESIAN_POINT('',(106.94666666666,10.,7.75));
#3326 = CARTESIAN_POINT('',(121.22333333333,20.,7.75));
#3327 = CARTESIAN_POINT('',(135.5,30.,7.75));
#3328 = PCURVE('',#1127,#3329);
#3329 = DEFINITIONAL_REPRESENTATION('',(#3330),#3334);
#3330 = LINE('',#3331,#3332);
#3331 = CARTESIAN_POINT('',(1.,0.));
#3332 = VECTOR('',#3333,1.);
#3333 = DIRECTION('',(0.,1.));
#3334 = ( GEOMETRIC_REPRESENTATION_CONTEXT(2) 
PARAMETRIC_REPRESENTATION_CONTEXT() REPRESENTATION_CONTEXT('2D SPACE',''
  ) );
#3335 = PCURVE('',#1589,#3336);
#3336 = DEFINITIONAL_REPRESENTATION('',(#3337),#3341);
#3337 = LINE('',#3338,#3339);
#3338 = CARTESIAN_POINT('',(0.,0.));
#3339 = VECTOR('',#3340,1.);
#3340 = DIRECTION('',(0.,1.));
#3341 = ( GEOMETRIC_REPRESENTATION_CONTEXT(2) 
PARAMETRIC_REPRESENTATION_CONTEXT() REPRESENTATION_CONTEXT('2D SPACE',''
  ) );
#3342 = ORIENTED_EDGE('',*,*,#3343,.F.);
#3343 = EDGE_CURVE('',#3293,#3320,#3344,.T.);
#3344 = SURFACE_CURVE('',#3345,(#3351,#3358),.PCURVE_S1.);
#3345 = B_SPLINE_CURVE_WITH_KNOTS('',3,(#3346,#3347,#3348,#3349,#3350),
  .UNSPECIFIED.,.F.,.F.,(4,1,4),(0.,0.5,1.),.QUASI_UNIFORM_KNOTS.);
#3346 = CARTESIAN_POINT('',(144.,30.,8.));
#3347 = CARTESIAN_POINT('',(142.58333333333,30.,7.958333333333));
#3348 = CARTESIAN_POINT('',(139.75,30.,7.875));
#3349 = CARTESIAN_POINT('',(136.91666666666,30.,7.791666666667));
#3350 = CARTESIAN_POINT('',(135.5,30.,7.75));
#3351 = PCURVE('',#1127,#3352);
#3352 = DEFINITIONAL_REPRESENTATION('',(#3353),#3357);
#3353 = LINE('',#3354,#3355);
#3354 = CARTESIAN_POINT('',(0.,1.));
#3355 = VECTOR('',#3356,1.);
#3356 = DIRECTION('',(1.,0.));
#3357 = ( GEOMETRIC_REPRESENTATION_CONTEXT(2) 
PARAMETRIC_REPRESENTATION_CONTEXT() REPRESENTATION_CONTEXT('2D SPACE',''
  ) );
#3358 = PCURVE('',#3359,#3364);
#3359 = PLANE('',#3360);
#3360 = AXIS2_PLACEMENT_3D('',#3361,#3362,#3363);
#3361 = CARTESIAN_POINT('',(129.4,30.,8.));
#3362 = DIRECTION('',(0.,-1.,0.));
#3363 = DIRECTION('',(1.,0.,0.));
#3364 = DEFINITIONAL_REPRESENTATION('',(#3365),#3371);
#3365 = B_SPLINE_CURVE_WITH_KNOTS('',3,(#3366,#3367,#3368,#3369,#3370),
  .UNSPECIFIED.,.F.,.F.,(4,1,4),(0.,0.5,1.),.QUASI_UNIFORM_KNOTS.);
#3366 = CARTESIAN_POINT('',(14.6,0.));
#3367 = CARTESIAN_POINT('',(13.183333333333,-4.166666666667E-02));
#3368 = CARTESIAN_POINT('',(10.35,-0.125));
#3369 = CARTESIAN_POINT('',(7.516666666667,-0.208333333333));
#3370 = CARTESIAN_POINT('',(6.1,-0.25));
#3371 = ( GEOMETRIC_REPRESENTATION_CONTEXT(2) 
PARAMETRIC_REPRESENTATION_CONTEXT() REPRESENTATION_CONTEXT('2D SPACE',''
  ) );
#3372 = ADVANCED_FACE('',(#3373),#1589,.T.);
#3373 = FACE_BOUND('',#3374,.T.);
#3374 = EDGE_LOOP('',(#3375,#3376,#3377,#3401));
#3375 = ORIENTED_EDGE('',*,*,#3319,.F.);
#3376 = ORIENTED_EDGE('',*,*,#1551,.F.);
#3377 = ORIENTED_EDGE('',*,*,#3378,.T.);
#3378 = EDGE_CURVE('',#1475,#3379,#3381,.T.);
#3379 = VERTEX_POINT('',#3380);
#3380 = CARTESIAN_POINT('',(129.4,30.,8.));
#3381 = SURFACE_CURVE('',#3382,(#3387,#3394),.PCURVE_S1.);
#3382 = B_SPLINE_CURVE_WITH_KNOTS('',3,(#3383,#3384,#3385,#3386),
  .UNSPECIFIED.,.F.,.F.,(4,4),(0.,1.),.PIECEWISE_BEZIER_KNOTS.);
#3383 = CARTESIAN_POINT('',(80.,0.,8.));
#3384 = CARTESIAN_POINT('',(96.466666666667,10.,8.));
#3385 = CARTESIAN_POINT('',(112.93333333333,20.,8.));
#3386 = CARTESIAN_POINT('',(129.4,30.,8.));
#3387 = PCURVE('',#1589,#3388);
#3388 = DEFINITIONAL_REPRESENTATION('',(#3389),#3393);
#3389 = LINE('',#3390,#3391);
#3390 = CARTESIAN_POINT('',(1.,0.));
#3391 = VECTOR('',#3392,1.);
#3392 = DIRECTION('',(0.,1.));
#3393 = ( GEOMETRIC_REPRESENTATION_CONTEXT(2) 
PARAMETRIC_REPRESENTATION_CONTEXT() REPRESENTATION_CONTEXT('2D SPACE',''
  ) );
#3394 = PCURVE('',#1512,#3395);
#3395 = DEFINITIONAL_REPRESENTATION('',(#3396),#3400);
#3396 = LINE('',#3397,#3398);
#3397 = CARTESIAN_POINT('',(0.,0.));
#3398 = VECTOR('',#3399,1.);
#3399 = DIRECTION('',(0.,1.));
#3400 = ( GEOMETRIC_REPRESENTATION_CONTEXT(2) 
PARAMETRIC_REPRESENTATION_CONTEXT() REPRESENTATION_CONTEXT('2D SPACE',''
  ) );
#3401 = ORIENTED_EDGE('',*,*,#3402,.F.);
#3402 = EDGE_CURVE('',#3320,#3379,#3403,.T.);
#3403 = SURFACE_CURVE('',#3404,(#3410,#3417),.PCURVE_S1.);
#3404 = B_SPLINE_CURVE_WITH_KNOTS('',3,(#3405,#3406,#3407,#3408,#3409),
  .UNSPECIFIED.,.F.,.F.,(4,1,4),(0.,0.5,1.),.QUASI_UNIFORM_KNOTS.);
#3405 = CARTESIAN_POINT('',(135.5,30.,7.75));
#3406 = CARTESIAN_POINT('',(134.48333333333,30.,7.791666666667));
#3407 = CARTESIAN_POINT('',(132.45,30.,7.875));
#3408 = CARTESIAN_POINT('',(130.41666666666,30.,7.958333333333));
#3409 = CARTESIAN_POINT('',(129.4,30.,8.));
#3410 = PCURVE('',#1589,#3411);
#3411 = DEFINITIONAL_REPRESENTATION('',(#3412),#3416);
#3412 = LINE('',#3413,#3414);
#3413 = CARTESIAN_POINT('',(0.,1.));
#3414 = VECTOR('',#3415,1.);
#3415 = DIRECTION('',(1.,0.));
#3416 = ( GEOMETRIC_REPRESENTATION_CONTEXT(2) 
PARAMETRIC_REPRESENTATION_CONTEXT() REPRESENTATION_CONTEXT('2D SPACE',''
  ) );
#3417 = PCURVE('',#3359,#3418);
#3418 = DEFINITIONAL_REPRESENTATION('',(#3419),#3425);
#3419 = B_SPLINE_CURVE_WITH_KNOTS('',3,(#3420,#3421,#3422,#3423,#3424),
  .UNSPECIFIED.,.F.,.F.,(4,1,4),(0.,0.5,1.),.QUASI_UNIFORM_KNOTS.);
#3420 = CARTESIAN_POINT('',(6.1,-0.25));
#3421 = CARTESIAN_POINT('',(5.083333333333,-0.208333333333));
#3422 = CARTESIAN_POINT('',(3.05,-0.125));
#3423 = CARTESIAN_POINT('',(1.016666666667,-4.166666666667E-02));
#3424 = CARTESIAN_POINT('',(0.,0.));
#3425 = ( GEOMETRIC_REPRESENTATION_CONTEXT(2) 
PARAMETRIC_REPRESENTATION_CONTEXT() REPRESENTATION_CONTEXT('2D SPACE',''
  ) );
#3426 = ADVANCED_FACE('',(#3427),#1512,.T.);
#3427 = FACE_BOUND('',#3428,.T.);
#3428 = EDGE_LOOP('',(#3429,#3430,#3431,#3455));
#3429 = ORIENTED_EDGE('',*,*,#3378,.F.);
#3430 = ORIENTED_EDGE('',*,*,#1474,.F.);
#3431 = ORIENTED_EDGE('',*,*,#3432,.T.);
#3432 = EDGE_CURVE('',#1362,#3433,#3435,.T.);
#3433 = VERTEX_POINT('',#3434);
#3434 = CARTESIAN_POINT('',(135.5,30.,8.25));
#3435 = SURFACE_CURVE('',#3436,(#3441,#3448),.PCURVE_S1.);
#3436 = B_SPLINE_CURVE_WITH_KNOTS('',3,(#3437,#3438,#3439,#3440),
  .UNSPECIFIED.,.F.,.F.,(4,4),(0.,1.),.PIECEWISE_BEZIER_KNOTS.);
#3437 = CARTESIAN_POINT('',(92.67,0.,8.25));
#3438 = CARTESIAN_POINT('',(106.94666666666,10.,8.25));
#3439 = CARTESIAN_POINT('',(121.22333333333,20.,8.25));
#3440 = CARTESIAN_POINT('',(135.5,30.,8.25));
#3441 = PCURVE('',#1512,#3442);
#3442 = DEFINITIONAL_REPRESENTATION('',(#3443),#3447);
#3443 = LINE('',#3444,#3445);
#3444 = CARTESIAN_POINT('',(1.,0.));
#3445 = VECTOR('',#3446,1.);
#3446 = DIRECTION('',(0.,1.));
#3447 = ( GEOMETRIC_REPRESENTATION_CONTEXT(2) 
PARAMETRIC_REPRESENTATION_CONTEXT() REPRESENTATION_CONTEXT('2D SPACE',''
  ) );
#3448 = PCURVE('',#1423,#3449);
#3449 = DEFINITIONAL_REPRESENTATION('',(#3450),#3454);
#3450 = LINE('',#3451,#3452);
#3451 = CARTESIAN_POINT('',(0.,0.));
#3452 = VECTOR('',#3453,1.);
#3453 = DIRECTION('',(0.,1.));
#3454 = ( GEOMETRIC_REPRESENTATION_CONTEXT(2) 
PARAMETRIC_REPRESENTATION_CONTEXT() REPRESENTATION_CONTEXT('2D SPACE',''
  ) );
#3455 = ORIENTED_EDGE('',*,*,#3456,.F.);
#3456 = EDGE_CURVE('',#3379,#3433,#3457,.T.);
#3457 = SURFACE_CURVE('',#3458,(#3464,#3471),.PCURVE_S1.);
#3458 = B_SPLINE_CURVE_WITH_KNOTS('',3,(#3459,#3460,#3461,#3462,#3463),
  .UNSPECIFIED.,.F.,.F.,(4,1,4),(0.,0.5,1.),.QUASI_UNIFORM_KNOTS.);
#3459 = CARTESIAN_POINT('',(129.4,30.,8.));
#3460 = CARTESIAN_POINT('',(130.41666666666,30.,8.041666666667));
#3461 = CARTESIAN_POINT('',(132.45,30.,8.125));
#3462 = CARTESIAN_POINT('',(134.48333333333,30.,8.208333333333));
#3463 = CARTESIAN_POINT('',(135.5,30.,8.25));
#3464 = PCURVE('',#1512,#3465);
#3465 = DEFINITIONAL_REPRESENTATION('',(#3466),#3470);
#3466 = LINE('',#3467,#3468);
#3467 = CARTESIAN_POINT('',(0.,1.));
#3468 = VECTOR('',#3469,1.);
#3469 = DIRECTION('',(1.,0.));
#3470 = ( GEOMETRIC_REPRESENTATION_CONTEXT(2) 
PARAMETRIC_REPRESENTATION_CONTEXT() REPRESENTATION_CONTEXT('2D SPACE',''
  ) );
#3471 = PCURVE('',#3359,#3472);
#3472 = DEFINITIONAL_REPRESENTATION('',(#3473),#3479);
#3473 = B_SPLINE_CURVE_WITH_KNOTS('',3,(#3474,#3475,#3476,#3477,#3478),
  .UNSPECIFIED.,.F.,.F.,(4,1,4),(0.,0.5,1.),.QUASI_UNIFORM_KNOTS.);
#3474 = CARTESIAN_POINT('',(0.,0.));
#3475 = CARTESIAN_POINT('',(1.016666666667,4.166666666667E-02));
#3476 = CARTESIAN_POINT('',(3.05,0.125));
#3477 = CARTESIAN_POINT('',(5.083333333333,0.208333333333));
#3478 = CARTESIAN_POINT('',(6.1,0.25));
#3479 = ( GEOMETRIC_REPRESENTATION_CONTEXT(2) 
PARAMETRIC_REPRESENTATION_CONTEXT() REPRESENTATION_CONTEXT('2D SPACE',''
  ) );
#3480 = ADVANCED_FACE('',(#3481),#1423,.T.);
#3481 = FACE_BOUND('',#3482,.T.);
#3482 = EDGE_LOOP('',(#3483,#3484,#3485,#3575,#3576,#3577));
#3483 = ORIENTED_EDGE('',*,*,#3432,.F.);
#3484 = ORIENTED_EDGE('',*,*,#1361,.F.);
#3485 = ORIENTED_EDGE('',*,*,#3486,.F.);
#3486 = EDGE_CURVE('',#3002,#1294,#3487,.T.);
#3487 = SURFACE_CURVE('',#3488,(#3515,#3545),.PCURVE_S1.);
#3488 = B_SPLINE_CURVE_WITH_KNOTS('',4,(#3489,#3490,#3491,#3492,#3493,
    #3494,#3495,#3496,#3497,#3498,#3499,#3500,#3501,#3502,#3503,#3504,
    #3505,#3506,#3507,#3508,#3509,#3510,#3511,#3512,#3513,#3514),
  .UNSPECIFIED.,.F.,.F.,(5,3,3,3,3,3,3,3,5),(0.,0.125186138383,
    0.249976045723,0.375170009975,0.499968086159,0.625170074573,
    0.749975807359,0.875185506016,1.),.UNSPECIFIED.);
#3489 = CARTESIAN_POINT('',(139.83333333333,17.5,8.));
#3490 = CARTESIAN_POINT('',(139.13911621294,17.5,8.007825103743));
#3491 = CARTESIAN_POINT('',(138.44490471979,17.5,8.015650144056));
#3492 = CARTESIAN_POINT('',(137.7506997044,17.5,8.023475111354));
#3493 = CARTESIAN_POINT('',(136.36450085947,17.5,8.039100121817));
#3494 = CARTESIAN_POINT('',(135.6725069861,17.5,8.046900165477));
#3495 = CARTESIAN_POINT('',(134.98052053914,17.5,8.054700125427));
#3496 = CARTESIAN_POINT('',(133.59432223754,17.5,8.070325129766));
#3497 = CARTESIAN_POINT('',(132.90011043559,17.5,8.07815017356));
#3498 = CARTESIAN_POINT('',(132.2059064024,17.5,8.085975129786));
#3499 = CARTESIAN_POINT('',(130.81970878381,17.5,8.101600126427));
#3500 = CARTESIAN_POINT('',(130.12771515888,17.5,8.109400167286));
#3501 = CARTESIAN_POINT('',(129.43572898017,17.5,8.117200124214));
#3502 = CARTESIAN_POINT('',(128.0495314118,17.5,8.132825120288));
#3503 = CARTESIAN_POINT('',(127.35532008183,17.5,8.140650158762));
#3504 = CARTESIAN_POINT('',(126.66111575452,17.5,8.148475118304));
#3505 = CARTESIAN_POINT('',(125.274917999,17.5,8.164100116487));
#3506 = CARTESIAN_POINT('',(124.58292454251,17.5,8.171900155448));
#3507 = CARTESIAN_POINT('',(123.89093786555,17.5,8.179700117992));
#3508 = CARTESIAN_POINT('',(122.50473903136,17.5,8.195325128334));
#3509 = CARTESIAN_POINT('',(121.81052693925,17.5,8.203150175399));
#3510 = CARTESIAN_POINT('',(121.11632241744,17.5,8.210975137132));
#3511 = CARTESIAN_POINT('',(119.73012203537,17.5,8.226600164922));
#3512 = CARTESIAN_POINT('',(119.03812614972,17.5,8.234400231264));
#3513 = CARTESIAN_POINT('',(118.3461401706,17.5,8.242200185941));
#3514 = CARTESIAN_POINT('',(117.65416666666,17.5,8.25));
#3515 = PCURVE('',#1423,#3516);
#3516 = DEFINITIONAL_REPRESENTATION('',(#3517),#3544);
#3517 = B_SPLINE_CURVE_WITH_KNOTS('',4,(#3518,#3519,#3520,#3521,#3522,
    #3523,#3524,#3525,#3526,#3527,#3528,#3529,#3530,#3531,#3532,#3533,
    #3534,#3535,#3536,#3537,#3538,#3539,#3540,#3541,#3542,#3543),
  .UNSPECIFIED.,.F.,.F.,(5,3,3,3,3,3,3,3,5),(0.,0.125186138383,
    0.249976045723,0.375170009975,0.499968086159,0.625170074573,
    0.749975807359,0.875185506016,1.),.UNSPECIFIED.);
#3518 = CARTESIAN_POINT('',(1.,0.583333333333));
#3519 = CARTESIAN_POINT('',(0.968699585028,0.583333333333));
#3520 = CARTESIAN_POINT('',(0.937399423774,0.583333333334));
#3521 = CARTESIAN_POINT('',(0.906099554586,0.583333333334));
#3522 = CARTESIAN_POINT('',(0.843599512734,0.583333333336));
#3523 = CARTESIAN_POINT('',(0.812399338094,0.583333333336));
#3524 = CARTESIAN_POINT('',(0.781199498291,0.583333333337));
#3525 = CARTESIAN_POINT('',(0.718699480936,0.583333333339));
#3526 = CARTESIAN_POINT('',(0.687399305759,0.58333333334));
#3527 = CARTESIAN_POINT('',(0.656099480854,0.583333333341));
#3528 = CARTESIAN_POINT('',(0.593599494293,0.583333333343));
#3529 = CARTESIAN_POINT('',(0.562399330854,0.583333333343));
#3530 = CARTESIAN_POINT('',(0.531199503145,0.583333333343));
#3531 = CARTESIAN_POINT('',(0.468699518849,0.583333333343));
#3532 = CARTESIAN_POINT('',(0.437399364951,0.583333333343));
#3533 = CARTESIAN_POINT('',(0.406099526786,0.583333333343));
#3534 = CARTESIAN_POINT('',(0.34359953405,0.583333333341));
#3535 = CARTESIAN_POINT('',(0.312399378207,0.58333333334));
#3536 = CARTESIAN_POINT('',(0.281199528034,0.583333333339));
#3537 = CARTESIAN_POINT('',(0.218699486665,0.583333333337));
#3538 = CARTESIAN_POINT('',(0.187399298405,0.583333333336));
#3539 = CARTESIAN_POINT('',(0.156099451471,0.583333333336));
#3540 = CARTESIAN_POINT('',(9.359934031304E-02,0.583333333334));
#3541 = CARTESIAN_POINT('',(6.239907494522E-02,0.583333333334));
#3542 = CARTESIAN_POINT('',(3.1199256236E-02,0.583333333333));
#3543 = CARTESIAN_POINT('',(0.,0.583333333333));
#3544 = ( GEOMETRIC_REPRESENTATION_CONTEXT(2) 
PARAMETRIC_REPRESENTATION_CONTEXT() REPRESENTATION_CONTEXT('2D SPACE',''
  ) );
#3545 = PCURVE('',#1312,#3546);
#3546 = DEFINITIONAL_REPRESENTATION('',(#3547),#3574);
#3547 = B_SPLINE_CURVE_WITH_KNOTS('',4,(#3548,#3549,#3550,#3551,#3552,
    #3553,#3554,#3555,#3556,#3557,#3558,#3559,#3560,#3561,#3562,#3563,
    #3564,#3565,#3566,#3567,#3568,#3569,#3570,#3571,#3572,#3573),
  .UNSPECIFIED.,.F.,.F.,(5,3,3,3,3,3,3,3,5),(0.,0.125186138383,
    0.249976045723,0.375170009975,0.499968086159,0.625170074573,
    0.749975807359,0.875185506016,1.),.UNSPECIFIED.);
#3548 = CARTESIAN_POINT('',(3.365590269822E-03,0.998809063262));
#3549 = CARTESIAN_POINT('',(2.001372429335E-02,0.993848451225));
#3550 = CARTESIAN_POINT('',(3.689709459297E-02,0.988887879398));
#3551 = CARTESIAN_POINT('',(5.404598242478E-02,0.983927353859));
#3552 = CARTESIAN_POINT('',(8.884557543356E-02,0.974022103075));
#3553 = CARTESIAN_POINT('',(0.1064946674,0.969077377517));
#3554 = CARTESIAN_POINT('',(0.124433386054,0.964132705025));
#3555 = CARTESIAN_POINT('',(0.160946092157,0.954227458124));
#3556 = CARTESIAN_POINT('',(0.179522194648,0.94926688409));
#3557 = CARTESIAN_POINT('',(0.198386827911,0.944306365569));
#3558 = CARTESIAN_POINT('',(0.23661016554,0.934401123549));
#3559 = CARTESIAN_POINT('',(0.255967479205,0.929456399766));
#3560 = CARTESIAN_POINT('',(0.275589427347,0.924511729191));
#3561 = CARTESIAN_POINT('',(0.315400039182,0.914606487529));
#3562 = CARTESIAN_POINT('',(0.335590763919,0.909645916868));
#3563 = CARTESIAN_POINT('',(0.356021122142,0.904685396246));
#3564 = CARTESIAN_POINT('',(0.397281557375,0.894780153246));
#3565 = CARTESIAN_POINT('',(0.418110606816,0.889835430668));
#3566 = CARTESIAN_POINT('',(0.439164192177,0.884890756533));
#3567 = CARTESIAN_POINT('',(0.481805905993,0.874985505825));
#3568 = CARTESIAN_POINT('',(0.503396012558,0.870024929718));
#3569 = CARTESIAN_POINT('',(0.525229190964,0.865064407706));
#3570 = CARTESIAN_POINT('',(0.569377941921,0.855159145938));
#3571 = CARTESIAN_POINT('',(0.591692415881,0.850214406002));
#3572 = CARTESIAN_POINT('',(0.614314130891,0.845269736853));
#3573 = CARTESIAN_POINT('',(0.637312244442,0.840325156848));
#3574 = ( GEOMETRIC_REPRESENTATION_CONTEXT(2) 
PARAMETRIC_REPRESENTATION_CONTEXT() REPRESENTATION_CONTEXT('2D SPACE',''
  ) );
#3575 = ORIENTED_EDGE('',*,*,#3001,.F.);
#3576 = ORIENTED_EDGE('',*,*,#3292,.T.);
#3577 = ORIENTED_EDGE('',*,*,#3578,.F.);
#3578 = EDGE_CURVE('',#3433,#3293,#3579,.T.);
#3579 = SURFACE_CURVE('',#3580,(#3586,#3593),.PCURVE_S1.);
#3580 = B_SPLINE_CURVE_WITH_KNOTS('',3,(#3581,#3582,#3583,#3584,#3585),
  .UNSPECIFIED.,.F.,.F.,(4,1,4),(0.,0.5,1.),.QUASI_UNIFORM_KNOTS.);
#3581 = CARTESIAN_POINT('',(135.5,30.,8.25));
#3582 = CARTESIAN_POINT('',(136.91666666666,30.,8.208333333333));
#3583 = CARTESIAN_POINT('',(139.75,30.,8.125));
#3584 = CARTESIAN_POINT('',(142.58333333333,30.,8.041666666667));
#3585 = CARTESIAN_POINT('',(144.,30.,8.));
#3586 = PCURVE('',#1423,#3587);
#3587 = DEFINITIONAL_REPRESENTATION('',(#3588),#3592);
#3588 = LINE('',#3589,#3590);
#3589 = CARTESIAN_POINT('',(0.,1.));
#3590 = VECTOR('',#3591,1.);
#3591 = DIRECTION('',(1.,0.));
#3592 = ( GEOMETRIC_REPRESENTATION_CONTEXT(2) 
PARAMETRIC_REPRESENTATION_CONTEXT() REPRESENTATION_CONTEXT('2D SPACE',''
  ) );
#3593 = PCURVE('',#3359,#3594);
#3594 = DEFINITIONAL_REPRESENTATION('',(#3595),#3601);
#3595 = B_SPLINE_CURVE_WITH_KNOTS('',3,(#3596,#3597,#3598,#3599,#3600),
  .UNSPECIFIED.,.F.,.F.,(4,1,4),(0.,0.5,1.),.QUASI_UNIFORM_KNOTS.);
#3596 = CARTESIAN_POINT('',(6.1,0.25));
#3597 = CARTESIAN_POINT('',(7.516666666667,0.208333333333));
#3598 = CARTESIAN_POINT('',(10.35,0.125));
#3599 = CARTESIAN_POINT('',(13.183333333333,4.166666666667E-02));
#3600 = CARTESIAN_POINT('',(14.6,0.));
#3601 = ( GEOMETRIC_REPRESENTATION_CONTEXT(2) 
PARAMETRIC_REPRESENTATION_CONTEXT() REPRESENTATION_CONTEXT('2D SPACE',''
  ) );
#3602 = ADVANCED_FACE('',(#3603),#1312,.T.);
#3603 = FACE_BOUND('',#3604,.T.);
#3604 = EDGE_LOOP('',(#3605,#3606,#3607));
#3605 = ORIENTED_EDGE('',*,*,#1293,.F.);
#3606 = ORIENTED_EDGE('',*,*,#3093,.T.);
#3607 = ORIENTED_EDGE('',*,*,#3486,.T.);
#3608 = ADVANCED_FACE('',(#3609),#1230,.F.);
#3609 = FACE_BOUND('',#3610,.F.);
#3610 = EDGE_LOOP('',(#3611,#3635,#3667,#3689));
#3611 = ORIENTED_EDGE('',*,*,#3612,.F.);
#3612 = EDGE_CURVE('',#3613,#1210,#3615,.T.);
#3613 = VERTEX_POINT('',#3614);
#3614 = CARTESIAN_POINT('',(138.,17.5,19.));
#3615 = SURFACE_CURVE('',#3616,(#3621,#3628),.PCURVE_S1.);
#3616 = B_SPLINE_CURVE_WITH_KNOTS('',3,(#3617,#3618,#3619,#3620),
  .UNSPECIFIED.,.F.,.F.,(4,4),(0.,1.),.PIECEWISE_BEZIER_KNOTS.);
#3617 = CARTESIAN_POINT('',(138.,17.5,19.));
#3618 = CARTESIAN_POINT('',(137.33333333333,17.5,15.466666666667));
#3619 = CARTESIAN_POINT('',(136.66666666666,17.5,11.933333333333));
#3620 = CARTESIAN_POINT('',(136.,17.5,8.4));
#3621 = PCURVE('',#1230,#3622);
#3622 = DEFINITIONAL_REPRESENTATION('',(#3623),#3627);
#3623 = LINE('',#3624,#3625);
#3624 = CARTESIAN_POINT('',(0.,0.));
#3625 = VECTOR('',#3626,1.);
#3626 = DIRECTION('',(0.,1.));
#3627 = ( GEOMETRIC_REPRESENTATION_CONTEXT(2) 
PARAMETRIC_REPRESENTATION_CONTEXT() REPRESENTATION_CONTEXT('2D SPACE',''
  ) );
#3628 = PCURVE('',#2168,#3629);
#3629 = DEFINITIONAL_REPRESENTATION('',(#3630),#3634);
#3630 = LINE('',#3631,#3632);
#3631 = CARTESIAN_POINT('',(1.,0.));
#3632 = VECTOR('',#3633,1.);
#3633 = DIRECTION('',(0.,1.));
#3634 = ( GEOMETRIC_REPRESENTATION_CONTEXT(2) 
PARAMETRIC_REPRESENTATION_CONTEXT() REPRESENTATION_CONTEXT('2D SPACE',''
  ) );
#3635 = ORIENTED_EDGE('',*,*,#3636,.T.);
#3636 = EDGE_CURVE('',#3613,#3637,#3639,.T.);
#3637 = VERTEX_POINT('',#3638);
#3638 = CARTESIAN_POINT('',(121.5,17.5,19.));
#3639 = SURFACE_CURVE('',#3640,(#3646,#3653),.PCURVE_S1.);
#3640 = B_SPLINE_CURVE_WITH_KNOTS('',3,(#3641,#3642,#3643,#3644,#3645),
  .UNSPECIFIED.,.F.,.F.,(4,1,4),(0.,0.5,1.),.QUASI_UNIFORM_KNOTS.);
#3641 = CARTESIAN_POINT('',(138.,17.5,19.));
#3642 = CARTESIAN_POINT('',(135.25,17.5,19.));
#3643 = CARTESIAN_POINT('',(129.75,17.5,19.));
#3644 = CARTESIAN_POINT('',(124.25,17.5,19.));
#3645 = CARTESIAN_POINT('',(121.5,17.5,19.));
#3646 = PCURVE('',#1230,#3647);
#3647 = DEFINITIONAL_REPRESENTATION('',(#3648),#3652);
#3648 = LINE('',#3649,#3650);
#3649 = CARTESIAN_POINT('',(0.,0.));
#3650 = VECTOR('',#3651,1.);
#3651 = DIRECTION('',(1.,0.));
#3652 = ( GEOMETRIC_REPRESENTATION_CONTEXT(2) 
PARAMETRIC_REPRESENTATION_CONTEXT() REPRESENTATION_CONTEXT('2D SPACE',''
  ) );
#3653 = PCURVE('',#3654,#3659);
#3654 = PLANE('',#3655);
#3655 = AXIS2_PLACEMENT_3D('',#3656,#3657,#3658);
#3656 = CARTESIAN_POINT('',(121.5,17.5,19.));
#3657 = DIRECTION('',(0.,0.,-1.));
#3658 = DIRECTION('',(1.,0.,0.));
#3659 = DEFINITIONAL_REPRESENTATION('',(#3660),#3666);
#3660 = B_SPLINE_CURVE_WITH_KNOTS('',3,(#3661,#3662,#3663,#3664,#3665),
  .UNSPECIFIED.,.F.,.F.,(4,1,4),(0.,0.5,1.),.QUASI_UNIFORM_KNOTS.);
#3661 = CARTESIAN_POINT('',(16.5,0.));
#3662 = CARTESIAN_POINT('',(13.75,0.));
#3663 = CARTESIAN_POINT('',(8.25,0.));
#3664 = CARTESIAN_POINT('',(2.75,0.));
#3665 = CARTESIAN_POINT('',(0.,0.));
#3666 = ( GEOMETRIC_REPRESENTATION_CONTEXT(2) 
PARAMETRIC_REPRESENTATION_CONTEXT() REPRESENTATION_CONTEXT('2D SPACE',''
  ) );
#3667 = ORIENTED_EDGE('',*,*,#3668,.T.);
#3668 = EDGE_CURVE('',#3637,#166,#3669,.T.);
#3669 = SURFACE_CURVE('',#3670,(#3675,#3682),.PCURVE_S1.);
#3670 = B_SPLINE_CURVE_WITH_KNOTS('',3,(#3671,#3672,#3673,#3674),
  .UNSPECIFIED.,.F.,.F.,(4,4),(0.,1.),.PIECEWISE_BEZIER_KNOTS.);
#3671 = CARTESIAN_POINT('',(121.5,17.5,19.));
#3672 = CARTESIAN_POINT('',(112.53333333333,17.5,14.666666666667));
#3673 = CARTESIAN_POINT('',(103.56666666666,17.5,10.333333333333));
#3674 = CARTESIAN_POINT('',(94.6,17.5,6.));
#3675 = PCURVE('',#1230,#3676);
#3676 = DEFINITIONAL_REPRESENTATION('',(#3677),#3681);
#3677 = LINE('',#3678,#3679);
#3678 = CARTESIAN_POINT('',(1.,0.));
#3679 = VECTOR('',#3680,1.);
#3680 = DIRECTION('',(0.,1.));
#3681 = ( GEOMETRIC_REPRESENTATION_CONTEXT(2) 
PARAMETRIC_REPRESENTATION_CONTEXT() REPRESENTATION_CONTEXT('2D SPACE',''
  ) );
#3682 = PCURVE('',#2243,#3683);
#3683 = DEFINITIONAL_REPRESENTATION('',(#3684),#3688);
#3684 = LINE('',#3685,#3686);
#3685 = CARTESIAN_POINT('',(0.,0.));
#3686 = VECTOR('',#3687,1.);
#3687 = DIRECTION('',(0.,1.));
#3688 = ( GEOMETRIC_REPRESENTATION_CONTEXT(2) 
PARAMETRIC_REPRESENTATION_CONTEXT() REPRESENTATION_CONTEXT('2D SPACE',''
  ) );
#3689 = ORIENTED_EDGE('',*,*,#1209,.T.);
#3690 = ADVANCED_FACE('',(#3691),#2243,.F.);
#3691 = FACE_BOUND('',#3692,.F.);
#3692 = EDGE_LOOP('',(#3693,#3694,#3721,#3743));
#3693 = ORIENTED_EDGE('',*,*,#3668,.F.);
#3694 = ORIENTED_EDGE('',*,*,#3695,.T.);
#3695 = EDGE_CURVE('',#3637,#3696,#3698,.T.);
#3696 = VERTEX_POINT('',#3697);
#3697 = CARTESIAN_POINT('',(126.5,17.,19.));
#3698 = SURFACE_CURVE('',#3699,(#3705,#3712),.PCURVE_S1.);
#3699 = B_SPLINE_CURVE_WITH_KNOTS('',3,(#3700,#3701,#3702,#3703,#3704),
  .UNSPECIFIED.,.F.,.F.,(4,1,4),(0.,0.5,1.),.QUASI_UNIFORM_KNOTS.);
#3700 = CARTESIAN_POINT('',(121.5,17.5,19.));
#3701 = CARTESIAN_POINT('',(122.33333333333,17.416666666667,19.));
#3702 = CARTESIAN_POINT('',(124.,17.25,19.));
#3703 = CARTESIAN_POINT('',(125.66666666666,17.083333333333,19.));
#3704 = CARTESIAN_POINT('',(126.5,17.,19.));
#3705 = PCURVE('',#2243,#3706);
#3706 = DEFINITIONAL_REPRESENTATION('',(#3707),#3711);
#3707 = LINE('',#3708,#3709);
#3708 = CARTESIAN_POINT('',(0.,0.));
#3709 = VECTOR('',#3710,1.);
#3710 = DIRECTION('',(1.,0.));
#3711 = ( GEOMETRIC_REPRESENTATION_CONTEXT(2) 
PARAMETRIC_REPRESENTATION_CONTEXT() REPRESENTATION_CONTEXT('2D SPACE',''
  ) );
#3712 = PCURVE('',#3654,#3713);
#3713 = DEFINITIONAL_REPRESENTATION('',(#3714),#3720);
#3714 = B_SPLINE_CURVE_WITH_KNOTS('',3,(#3715,#3716,#3717,#3718,#3719),
  .UNSPECIFIED.,.F.,.F.,(4,1,4),(0.,0.5,1.),.QUASI_UNIFORM_KNOTS.);
#3715 = CARTESIAN_POINT('',(0.,0.));
#3716 = CARTESIAN_POINT('',(0.833333333333,8.333333333333E-02));
#3717 = CARTESIAN_POINT('',(2.5,0.25));
#3718 = CARTESIAN_POINT('',(4.166666666667,0.416666666667));
#3719 = CARTESIAN_POINT('',(5.,0.5));
#3720 = ( GEOMETRIC_REPRESENTATION_CONTEXT(2) 
PARAMETRIC_REPRESENTATION_CONTEXT() REPRESENTATION_CONTEXT('2D SPACE',''
  ) );
#3721 = ORIENTED_EDGE('',*,*,#3722,.T.);
#3722 = EDGE_CURVE('',#3696,#2131,#3723,.T.);
#3723 = SURFACE_CURVE('',#3724,(#3729,#3736),.PCURVE_S1.);
#3724 = B_SPLINE_CURVE_WITH_KNOTS('',3,(#3725,#3726,#3727,#3728),
  .UNSPECIFIED.,.F.,.F.,(4,4),(0.,1.),.PIECEWISE_BEZIER_KNOTS.);
#3725 = CARTESIAN_POINT('',(126.5,17.,19.));
#3726 = CARTESIAN_POINT('',(120.53333333333,16.5,14.666666666667));
#3727 = CARTESIAN_POINT('',(114.56666666666,16.,10.333333333333));
#3728 = CARTESIAN_POINT('',(108.6,15.5,6.));
#3729 = PCURVE('',#2243,#3730);
#3730 = DEFINITIONAL_REPRESENTATION('',(#3731),#3735);
#3731 = LINE('',#3732,#3733);
#3732 = CARTESIAN_POINT('',(1.,0.));
#3733 = VECTOR('',#3734,1.);
#3734 = DIRECTION('',(0.,1.));
#3735 = ( GEOMETRIC_REPRESENTATION_CONTEXT(2) 
PARAMETRIC_REPRESENTATION_CONTEXT() REPRESENTATION_CONTEXT('2D SPACE',''
  ) );
#3736 = PCURVE('',#2168,#3737);
#3737 = DEFINITIONAL_REPRESENTATION('',(#3738),#3742);
#3738 = LINE('',#3739,#3740);
#3739 = CARTESIAN_POINT('',(0.,0.));
#3740 = VECTOR('',#3741,1.);
#3741 = DIRECTION('',(0.,1.));
#3742 = ( GEOMETRIC_REPRESENTATION_CONTEXT(2) 
PARAMETRIC_REPRESENTATION_CONTEXT() REPRESENTATION_CONTEXT('2D SPACE',''
  ) );
#3743 = ORIENTED_EDGE('',*,*,#2207,.F.);
#3744 = ADVANCED_FACE('',(#3745),#2168,.F.);
#3745 = FACE_BOUND('',#3746,.F.);
#3746 = EDGE_LOOP('',(#3747,#3748,#3773,#3774));
#3747 = ORIENTED_EDGE('',*,*,#3722,.F.);
#3748 = ORIENTED_EDGE('',*,*,#3749,.T.);
#3749 = EDGE_CURVE('',#3696,#3613,#3750,.T.);
#3750 = SURFACE_CURVE('',#3751,(#3757,#3764),.PCURVE_S1.);
#3751 = B_SPLINE_CURVE_WITH_KNOTS('',3,(#3752,#3753,#3754,#3755,#3756),
  .UNSPECIFIED.,.F.,.F.,(4,1,4),(0.,0.5,1.),.QUASI_UNIFORM_KNOTS.);
#3752 = CARTESIAN_POINT('',(126.5,17.,19.));
#3753 = CARTESIAN_POINT('',(128.41666666666,17.083333333333,19.));
#3754 = CARTESIAN_POINT('',(132.25,17.25,19.));
#3755 = CARTESIAN_POINT('',(136.08333333333,17.416666666667,19.));
#3756 = CARTESIAN_POINT('',(138.,17.5,19.));
#3757 = PCURVE('',#2168,#3758);
#3758 = DEFINITIONAL_REPRESENTATION('',(#3759),#3763);
#3759 = LINE('',#3760,#3761);
#3760 = CARTESIAN_POINT('',(0.,0.));
#3761 = VECTOR('',#3762,1.);
#3762 = DIRECTION('',(1.,0.));
#3763 = ( GEOMETRIC_REPRESENTATION_CONTEXT(2) 
PARAMETRIC_REPRESENTATION_CONTEXT() REPRESENTATION_CONTEXT('2D SPACE',''
  ) );
#3764 = PCURVE('',#3654,#3765);
#3765 = DEFINITIONAL_REPRESENTATION('',(#3766),#3772);
#3766 = B_SPLINE_CURVE_WITH_KNOTS('',3,(#3767,#3768,#3769,#3770,#3771),
  .UNSPECIFIED.,.F.,.F.,(4,1,4),(0.,0.5,1.),.QUASI_UNIFORM_KNOTS.);
#3767 = CARTESIAN_POINT('',(5.,0.5));
#3768 = CARTESIAN_POINT('',(6.916666666667,0.416666666667));
#3769 = CARTESIAN_POINT('',(10.75,0.25));
#3770 = CARTESIAN_POINT('',(14.583333333333,8.333333333333E-02));
#3771 = CARTESIAN_POINT('',(16.5,0.));
#3772 = ( GEOMETRIC_REPRESENTATION_CONTEXT(2) 
PARAMETRIC_REPRESENTATION_CONTEXT() REPRESENTATION_CONTEXT('2D SPACE',''
  ) );
#3773 = ORIENTED_EDGE('',*,*,#3612,.T.);
#3774 = ORIENTED_EDGE('',*,*,#2130,.F.);
#3775 = ADVANCED_FACE('',(#3776),#2011,.T.);
#3776 = FACE_BOUND('',#3777,.T.);
#3777 = EDGE_LOOP('',(#3778,#3779,#3850,#3919,#4032,#4145,#4214,#4240));
#3778 = ORIENTED_EDGE('',*,*,#1990,.F.);
#3779 = ORIENTED_EDGE('',*,*,#3780,.T.);
#3780 = EDGE_CURVE('',#1914,#3781,#3783,.T.);
#3781 = VERTEX_POINT('',#3782);
#3782 = CARTESIAN_POINT('',(136.,-17.5,8.4));
#3783 = SURFACE_CURVE('',#3784,(#3789,#3799),.PCURVE_S1.);
#3784 = B_SPLINE_CURVE_WITH_KNOTS('',3,(#3785,#3786,#3787,#3788),
  .UNSPECIFIED.,.F.,.F.,(4,4),(0.,1.),.PIECEWISE_BEZIER_KNOTS.);
#3785 = CARTESIAN_POINT('',(138.,-17.5,19.));
#3786 = CARTESIAN_POINT('',(137.33333333333,-17.5,15.466666666667));
#3787 = CARTESIAN_POINT('',(136.66666666666,-17.5,11.933333333333));
#3788 = CARTESIAN_POINT('',(136.,-17.5,8.4));
#3789 = PCURVE('',#2011,#3790);
#3790 = DEFINITIONAL_REPRESENTATION('',(#3791),#3798);
#3791 = B_SPLINE_CURVE_WITH_KNOTS('',5,(#3792,#3793,#3794,#3795,#3796,
    #3797),.UNSPECIFIED.,.F.,.F.,(6,6),(0.782673898092,1.),
  .PIECEWISE_BEZIER_KNOTS.);
#3792 = CARTESIAN_POINT('',(2.457477084045E-12,0.974523377954));
#3793 = CARTESIAN_POINT('',(0.155709541015,0.973902206021));
#3794 = CARTESIAN_POINT('',(0.311296528305,0.973281034087));
#3795 = CARTESIAN_POINT('',(0.466886515694,0.972659862154));
#3796 = CARTESIAN_POINT('',(0.622690456862,0.97203869022));
#3797 = CARTESIAN_POINT('',(0.779057984424,0.971417518287));
#3798 = ( GEOMETRIC_REPRESENTATION_CONTEXT(2) 
PARAMETRIC_REPRESENTATION_CONTEXT() REPRESENTATION_CONTEXT('2D SPACE',''
  ) );
#3799 = PCURVE('',#3800,#3841);
#3800 = B_SPLINE_SURFACE_WITH_KNOTS('',3,3,(
    (#3801,#3802,#3803,#3804,#3805,#3806,#3807,#3808)
    ,(#3809,#3810,#3811,#3812,#3813,#3814,#3815,#3816)
    ,(#3817,#3818,#3819,#3820,#3821,#3822,#3823,#3824)
    ,(#3825,#3826,#3827,#3828,#3829,#3830,#3831,#3832)
    ,(#3833,#3834,#3835,#3836,#3837,#3838,#3839,#3840
  )),.UNSPECIFIED.,.F.,.F.,.F.,(4,1,4),(4,1,1,2,4),(0.,0.5,1.),(0.,
    0.227836592573,0.442835594821,0.514097810881,1.),.UNSPECIFIED.);
#3801 = CARTESIAN_POINT('',(0.,-8.5,1.E-02));
#3802 = CARTESIAN_POINT('',(10.666666666667,-9.833333333333,
    0.800814814815));
#3803 = CARTESIAN_POINT('',(31.495301292007,-12.69461581217,
    2.326515808854));
#3804 = CARTESIAN_POINT('',(55.24104822318,-14.79902822226,
    4.149046340467));
#3805 = CARTESIAN_POINT('',(68.675715949556,-17.5,5.071693331572));
#3806 = CARTESIAN_POINT('',(94.666666666667,-17.5,7.232));
#3807 = CARTESIAN_POINT('',(117.33333333333,-17.5,9.116));
#3808 = CARTESIAN_POINT('',(140.,-17.5,11.));
#3809 = CARTESIAN_POINT('',(0.,-8.5,8.333333333333E-03));
#3810 = CARTESIAN_POINT('',(10.666666666667,-9.833333333333,
    0.763289241623));
#3811 = CARTESIAN_POINT('',(31.495301298045,-12.69461580652,
    2.206496690509));
#3812 = CARTESIAN_POINT('',(55.241048218444,-14.7990282267,
    3.991006231751));
#3813 = CARTESIAN_POINT('',(68.675715949556,-17.5,4.819043286525));
#3814 = CARTESIAN_POINT('',(94.666666666667,-17.5,7.049214285714));
#3815 = CARTESIAN_POINT('',(117.33333333333,-17.5,8.701428571429));
#3816 = CARTESIAN_POINT('',(140.,-17.5,10.5));
#3817 = CARTESIAN_POINT('',(0.,-8.5,5.E-03));
#3818 = CARTESIAN_POINT('',(10.666666666667,-9.833333333333,
    0.688238095238));
#3819 = CARTESIAN_POINT('',(31.495301240935,-12.69461586339,
    2.006393769775));
#3820 = CARTESIAN_POINT('',(55.241048263242,-14.79902818208,
    3.581000460578));
#3821 = CARTESIAN_POINT('',(68.675715949556,-17.5,4.378137232327));
#3822 = CARTESIAN_POINT('',(94.666666666667,-17.5,6.244571428571));
#3823 = CARTESIAN_POINT('',(117.33333333333,-17.5,7.872285714286));
#3824 = CARTESIAN_POINT('',(140.,-17.5,9.5));
#3825 = CARTESIAN_POINT('',(0.,-8.5,1.666666666667E-03));
#3826 = CARTESIAN_POINT('',(10.666666666667,-9.833333333333,
    0.613186948854));
#3827 = CARTESIAN_POINT('',(31.495301298045,-12.69461580652,
    1.806290864302));
#3828 = CARTESIAN_POINT('',(55.241048218444,-14.7990282267,
    3.170994677434));
#3829 = CARTESIAN_POINT('',(68.675715949556,-17.5,3.93723117813));
#3830 = CARTESIAN_POINT('',(94.666666666667,-17.5,5.439928571429));
#3831 = CARTESIAN_POINT('',(117.33333333333,-17.5,7.043142857143));
#3832 = CARTESIAN_POINT('',(140.,-17.5,8.5));
#3833 = CARTESIAN_POINT('',(0.,-8.5,0.));
#3834 = CARTESIAN_POINT('',(10.666666666667,-9.833333333333,
    0.575661375661));
#3835 = CARTESIAN_POINT('',(31.495301292007,-12.69461581217,
    1.686271744388));
#3836 = CARTESIAN_POINT('',(55.24104822318,-14.79902822226,
    3.012954569949));
#3837 = CARTESIAN_POINT('',(68.675715949556,-17.5,3.684581133082));
#3838 = CARTESIAN_POINT('',(94.666666666667,-17.5,5.257142857143));
#3839 = CARTESIAN_POINT('',(117.33333333333,-17.5,6.628571428571));
#3840 = CARTESIAN_POINT('',(140.,-17.5,8.));
#3841 = DEFINITIONAL_REPRESENTATION('',(#3842),#3849);
#3842 = B_SPLINE_CURVE_WITH_KNOTS('',5,(#3843,#3844,#3845,#3846,#3847,
    #3848),.UNSPECIFIED.,.F.,.F.,(6,6),(0.782673898092,1.),
  .PIECEWISE_BEZIER_KNOTS.);
#3843 = CARTESIAN_POINT('',(2.457477084045E-12,0.974523377954));
#3844 = CARTESIAN_POINT('',(0.155709541015,0.973902206021));
#3845 = CARTESIAN_POINT('',(0.311296528305,0.973281034087));
#3846 = CARTESIAN_POINT('',(0.466886515694,0.972659862154));
#3847 = CARTESIAN_POINT('',(0.622690456862,0.97203869022));
#3848 = CARTESIAN_POINT('',(0.779057984424,0.971417518287));
#3849 = ( GEOMETRIC_REPRESENTATION_CONTEXT(2) 
PARAMETRIC_REPRESENTATION_CONTEXT() REPRESENTATION_CONTEXT('2D SPACE',''
  ) );
#3850 = ORIENTED_EDGE('',*,*,#3851,.T.);
#3851 = EDGE_CURVE('',#3781,#3852,#3854,.T.);
#3852 = VERTEX_POINT('',#3853);
#3853 = CARTESIAN_POINT('',(134.28755635402,-17.5,8.062511106288));
#3854 = SURFACE_CURVE('',#3855,(#3860,#3869),.PCURVE_S1.);
#3855 = B_SPLINE_CURVE_WITH_KNOTS('',3,(#3856,#3857,#3858,#3859),
  .UNSPECIFIED.,.F.,.F.,(4,4),(0.,1.),.PIECEWISE_BEZIER_KNOTS.);
#3856 = CARTESIAN_POINT('',(136.,-17.5,8.4));
#3857 = CARTESIAN_POINT('',(126.86666666666,-17.5,6.6));
#3858 = CARTESIAN_POINT('',(117.73333333333,-17.5,4.8));
#3859 = CARTESIAN_POINT('',(108.6,-17.5,3.));
#3860 = PCURVE('',#2011,#3861);
#3861 = DEFINITIONAL_REPRESENTATION('',(#3862),#3868);
#3862 = B_SPLINE_CURVE_WITH_KNOTS('',4,(#3863,#3864,#3865,#3866,#3867),
  .UNSPECIFIED.,.F.,.F.,(5,5),(0.,6.249794328356E-02),
  .PIECEWISE_BEZIER_KNOTS.);
#3863 = CARTESIAN_POINT('',(0.779057984424,0.971417518287));
#3864 = CARTESIAN_POINT('',(0.798358033892,0.968358400212));
#3865 = CARTESIAN_POINT('',(0.817825705051,0.965299282138));
#3866 = CARTESIAN_POINT('',(0.837470952259,0.962240164063));
#3867 = CARTESIAN_POINT('',(0.85731381095,0.959181045988));
#3868 = ( GEOMETRIC_REPRESENTATION_CONTEXT(2) 
PARAMETRIC_REPRESENTATION_CONTEXT() REPRESENTATION_CONTEXT('2D SPACE',''
  ) );
#3869 = PCURVE('',#3870,#3911);
#3870 = B_SPLINE_SURFACE_WITH_KNOTS('',3,3,(
    (#3871,#3872,#3873,#3874,#3875,#3876,#3877,#3878)
    ,(#3879,#3880,#3881,#3882,#3883,#3884,#3885,#3886)
    ,(#3887,#3888,#3889,#3890,#3891,#3892,#3893,#3894)
    ,(#3895,#3896,#3897,#3898,#3899,#3900,#3901,#3902)
    ,(#3903,#3904,#3905,#3906,#3907,#3908,#3909,#3910
  )),.UNSPECIFIED.,.F.,.F.,.F.,(4,1,4),(4,1,1,2,4),(0.,0.5,1.),(0.,
    0.227836592573,0.442835594821,0.514097810881,1.),.UNSPECIFIED.);
#3871 = CARTESIAN_POINT('',(0.,-8.5,1.E-02));
#3872 = CARTESIAN_POINT('',(10.666666666667,-9.833333333333,
    0.800814814815));
#3873 = CARTESIAN_POINT('',(31.495301292007,-12.69461581217,
    2.326515808854));
#3874 = CARTESIAN_POINT('',(55.24104822318,-14.79902822226,
    4.149046340467));
#3875 = CARTESIAN_POINT('',(68.675715949556,-17.5,5.071693331572));
#3876 = CARTESIAN_POINT('',(94.666666666667,-17.5,7.232));
#3877 = CARTESIAN_POINT('',(117.33333333333,-17.5,9.116));
#3878 = CARTESIAN_POINT('',(140.,-17.5,11.));
#3879 = CARTESIAN_POINT('',(0.,-8.5,8.333333333333E-03));
#3880 = CARTESIAN_POINT('',(10.666666666667,-9.833333333333,
    0.763289241623));
#3881 = CARTESIAN_POINT('',(31.495301298045,-12.69461580652,
    2.206496690509));
#3882 = CARTESIAN_POINT('',(55.241048218444,-14.7990282267,
    3.991006231751));
#3883 = CARTESIAN_POINT('',(68.675715949556,-17.5,4.819043286525));
#3884 = CARTESIAN_POINT('',(94.666666666667,-17.5,7.049214285714));
#3885 = CARTESIAN_POINT('',(117.33333333333,-17.5,8.701428571429));
#3886 = CARTESIAN_POINT('',(140.,-17.5,10.5));
#3887 = CARTESIAN_POINT('',(0.,-8.5,5.E-03));
#3888 = CARTESIAN_POINT('',(10.666666666667,-9.833333333333,
    0.688238095238));
#3889 = CARTESIAN_POINT('',(31.495301240935,-12.69461586339,
    2.006393769775));
#3890 = CARTESIAN_POINT('',(55.241048263242,-14.79902818208,
    3.581000460578));
#3891 = CARTESIAN_POINT('',(68.675715949556,-17.5,4.378137232327));
#3892 = CARTESIAN_POINT('',(94.666666666667,-17.5,6.244571428571));
#3893 = CARTESIAN_POINT('',(117.33333333333,-17.5,7.872285714286));
#3894 = CARTESIAN_POINT('',(140.,-17.5,9.5));
#3895 = CARTESIAN_POINT('',(0.,-8.5,1.666666666667E-03));
#3896 = CARTESIAN_POINT('',(10.666666666667,-9.833333333333,
    0.613186948854));
#3897 = CARTESIAN_POINT('',(31.495301298045,-12.69461580652,
    1.806290864302));
#3898 = CARTESIAN_POINT('',(55.241048218444,-14.7990282267,
    3.170994677434));
#3899 = CARTESIAN_POINT('',(68.675715949556,-17.5,3.93723117813));
#3900 = CARTESIAN_POINT('',(94.666666666667,-17.5,5.439928571429));
#3901 = CARTESIAN_POINT('',(117.33333333333,-17.5,7.043142857143));
#3902 = CARTESIAN_POINT('',(140.,-17.5,8.5));
#3903 = CARTESIAN_POINT('',(0.,-8.5,0.));
#3904 = CARTESIAN_POINT('',(10.666666666667,-9.833333333333,
    0.575661375661));
#3905 = CARTESIAN_POINT('',(31.495301292007,-12.69461581217,
    1.686271744388));
#3906 = CARTESIAN_POINT('',(55.24104822318,-14.79902822226,
    3.012954569949));
#3907 = CARTESIAN_POINT('',(68.675715949556,-17.5,3.684581133082));
#3908 = CARTESIAN_POINT('',(94.666666666667,-17.5,5.257142857143));
#3909 = CARTESIAN_POINT('',(117.33333333333,-17.5,6.628571428571));
#3910 = CARTESIAN_POINT('',(140.,-17.5,8.));
#3911 = DEFINITIONAL_REPRESENTATION('',(#3912),#3918);
#3912 = B_SPLINE_CURVE_WITH_KNOTS('',4,(#3913,#3914,#3915,#3916,#3917),
  .UNSPECIFIED.,.F.,.F.,(5,5),(0.,6.249794328356E-02),
  .PIECEWISE_BEZIER_KNOTS.);
#3913 = CARTESIAN_POINT('',(0.779057984424,0.971417518287));
#3914 = CARTESIAN_POINT('',(0.798358033892,0.968358400212));
#3915 = CARTESIAN_POINT('',(0.817825705051,0.965299282138));
#3916 = CARTESIAN_POINT('',(0.837470952259,0.962240164063));
#3917 = CARTESIAN_POINT('',(0.85731381095,0.959181045988));
#3918 = ( GEOMETRIC_REPRESENTATION_CONTEXT(2) 
PARAMETRIC_REPRESENTATION_CONTEXT() REPRESENTATION_CONTEXT('2D SPACE',''
  ) );
#3919 = ORIENTED_EDGE('',*,*,#3920,.T.);
#3920 = EDGE_CURVE('',#3852,#3921,#3923,.T.);
#3921 = VERTEX_POINT('',#3922);
#3922 = CARTESIAN_POINT('',(139.83333333333,-17.5,8.));
#3923 = SURFACE_CURVE('',#3924,(#3951,#3981),.PCURVE_S1.);
#3924 = B_SPLINE_CURVE_WITH_KNOTS('',4,(#3925,#3926,#3927,#3928,#3929,
    #3930,#3931,#3932,#3933,#3934,#3935,#3936,#3937,#3938,#3939,#3940,
    #3941,#3942,#3943,#3944,#3945,#3946,#3947,#3948,#3949,#3950),
  .UNSPECIFIED.,.F.,.F.,(5,3,3,3,3,3,3,3,5),(0.,0.124231430727,
    0.249441149176,0.374646911933,0.499448905682,0.624646987992,
    0.749840958316,0.875030832861,1.),.UNSPECIFIED.);
#3925 = CARTESIAN_POINT('',(117.65416666666,-17.5,8.25));
#3926 = CARTESIAN_POINT('',(118.34290765879,-17.5,8.242236622294));
#3927 = CARTESIAN_POINT('',(119.03166101009,-17.5,8.234473105278));
#3928 = CARTESIAN_POINT('',(119.72042418695,-17.5,8.22670947751));
#3929 = CARTESIAN_POINT('',(121.10339177695,-17.5,8.211120889232));
#3930 = CARTESIAN_POINT('',(121.79759629736,-17.5,8.203295927515));
#3931 = CARTESIAN_POINT('',(122.49180839479,-17.5,8.19547088039));
#3932 = CARTESIAN_POINT('',(123.88022508492,-17.5,8.179820870732));
#3933 = CARTESIAN_POINT('',(124.57442965827,-17.5,8.171995908417));
#3934 = CARTESIAN_POINT('',(125.26864105446,-17.5,8.164170869197));
#3935 = CARTESIAN_POINT('',(126.65483894519,-17.5,8.148545869489));
#3936 = CARTESIAN_POINT('',(127.34682537977,-17.5,8.140745909678));
#3937 = CARTESIAN_POINT('',(128.03881877127,-17.5,8.132945871449));
#3938 = CARTESIAN_POINT('',(129.42501620095,-17.5,8.117320876938));
#3939 = CARTESIAN_POINT('',(130.11922027195,-17.5,8.109495920286));
#3940 = CARTESIAN_POINT('',(130.81343183574,-17.5,8.101670879176));
#3941 = CARTESIAN_POINT('',(132.2018474418,-17.5,8.086020881738));
#3942 = CARTESIAN_POINT('',(132.89605147482,-17.5,8.078195925513));
#3943 = CARTESIAN_POINT('',(133.59026327654,-17.5,8.070370881722));
#3944 = CARTESIAN_POINT('',(134.97867942345,-17.5,8.054720878187));
#3945 = CARTESIAN_POINT('',(135.67288376458,-17.5,8.04689591849));
#3946 = CARTESIAN_POINT('',(136.36709558026,-17.5,8.039070874541));
#3947 = CARTESIAN_POINT('',(137.75430927006,-17.5,8.02343442491));
#3948 = CARTESIAN_POINT('',(138.44731111933,-17.5,8.015623019508));
#3949 = CARTESIAN_POINT('',(139.14031942245,-17.5,8.007811541359));
#3950 = CARTESIAN_POINT('',(139.83333333333,-17.5,8.));
#3951 = PCURVE('',#2011,#3952);
#3952 = DEFINITIONAL_REPRESENTATION('',(#3953),#3980);
#3953 = B_SPLINE_CURVE_WITH_KNOTS('',4,(#3954,#3955,#3956,#3957,#3958,
    #3959,#3960,#3961,#3962,#3963,#3964,#3965,#3966,#3967,#3968,#3969,
    #3970,#3971,#3972,#3973,#3974,#3975,#3976,#3977,#3978,#3979),
  .UNSPECIFIED.,.F.,.F.,(5,3,3,3,3,3,3,3,5),(0.,0.124231430727,
    0.249441149176,0.374646911933,0.499448905682,0.624646987992,
    0.749840958316,0.875030832861,1.),.UNSPECIFIED.);
#3954 = CARTESIAN_POINT('',(0.362687755558,0.840325156848));
#3955 = CARTESIAN_POINT('',(0.38557843604,0.845246638551));
#3956 = CARTESIAN_POINT('',(0.408096220996,0.850168208568));
#3957 = CARTESIAN_POINT('',(0.430309318847,0.855089848795));
#3958 = CARTESIAN_POINT('',(0.474362814127,0.864972010257));
#3959 = CARTESIAN_POINT('',(0.496199540337,0.86993253226));
#3960 = CARTESIAN_POINT('',(0.517793015182,0.874893108405));
#3961 = CARTESIAN_POINT('',(0.560509513894,0.884814207068));
#3962 = CARTESIAN_POINT('',(0.581633023501,0.889774729449));
#3963 = CARTESIAN_POINT('',(0.602530583768,0.894735300583));
#3964 = CARTESIAN_POINT('',(0.643793063131,0.904640544549));
#3965 = CARTESIAN_POINT('',(0.664159924702,0.909585216952));
#3966 = CARTESIAN_POINT('',(0.684288741682,0.914529939066));
#3967 = CARTESIAN_POINT('',(0.724106411949,0.924435179737));
#3968 = CARTESIAN_POINT('',(0.743794098498,0.929395698529));
#3969 = CARTESIAN_POINT('',(0.763215531504,0.93435627086));
#3970 = CARTESIAN_POINT('',(0.801502463216,0.944277361778));
#3971 = CARTESIAN_POINT('',(0.820368344904,0.949237880297));
#3972 = CARTESIAN_POINT('',(0.838945717299,0.954198454329));
#3973 = CARTESIAN_POINT('',(0.875519387539,0.964119549112));
#3974 = CARTESIAN_POINT('',(0.893515951537,0.969080069833));
#3975 = CARTESIAN_POINT('',(0.911221007733,0.974040643965));
#3976 = CARTESIAN_POINT('',(0.946043181804,0.983953146445));
#3977 = CARTESIAN_POINT('',(0.963161429019,0.988905074616));
#3978 = CARTESIAN_POINT('',(0.980015130001,0.993857048903));
#3979 = CARTESIAN_POINT('',(0.99663440973,0.998809063262));
#3980 = ( GEOMETRIC_REPRESENTATION_CONTEXT(2) 
PARAMETRIC_REPRESENTATION_CONTEXT() REPRESENTATION_CONTEXT('2D SPACE',''
  ) );
#3981 = PCURVE('',#3982,#4003);
#3982 = B_SPLINE_SURFACE_WITH_KNOTS('',3,3,(
    (#3983,#3984,#3985,#3986)
    ,(#3987,#3988,#3989,#3990)
    ,(#3991,#3992,#3993,#3994)
    ,(#3995,#3996,#3997,#3998)
    ,(#3999,#4000,#4001,#4002
  )),.UNSPECIFIED.,.F.,.F.,.F.,(4,1,4),(4,4),(0.,0.5,1.),(0.,1.),
  .UNSPECIFIED.);
#3983 = CARTESIAN_POINT('',(135.5,-30.,8.25));
#3984 = CARTESIAN_POINT('',(121.22333333333,-20.,8.25));
#3985 = CARTESIAN_POINT('',(106.94666666666,-10.,8.25));
#3986 = CARTESIAN_POINT('',(92.67,0.,8.25));
#3987 = CARTESIAN_POINT('',(136.91666666666,-30.,8.208333333333));
#3988 = CARTESIAN_POINT('',(124.46388888888,-20.,8.208333333333));
#3989 = CARTESIAN_POINT('',(112.01111111111,-10.,8.208333333333));
#3990 = CARTESIAN_POINT('',(99.558333333333,0.,8.208333333333));
#3991 = CARTESIAN_POINT('',(139.75,-30.,8.125));
#3992 = CARTESIAN_POINT('',(130.94499999561,-19.99999999501,8.125));
#3993 = CARTESIAN_POINT('',(122.14000000438,-10.00000000498,8.125));
#3994 = CARTESIAN_POINT('',(113.335,0.,8.125));
#3995 = CARTESIAN_POINT('',(142.58333333333,-30.,8.041666666667));
#3996 = CARTESIAN_POINT('',(137.42611111111,-20.,8.041666666667));
#3997 = CARTESIAN_POINT('',(132.26888888888,-10.,8.041666666667));
#3998 = CARTESIAN_POINT('',(127.11166666666,0.,8.041666666667));
#3999 = CARTESIAN_POINT('',(144.,-30.,8.));
#4000 = CARTESIAN_POINT('',(140.66666666666,-20.,8.));
#4001 = CARTESIAN_POINT('',(137.33333333333,-10.,8.));
#4002 = CARTESIAN_POINT('',(134.,0.,8.));
#4003 = DEFINITIONAL_REPRESENTATION('',(#4004),#4031);
#4004 = B_SPLINE_CURVE_WITH_KNOTS('',4,(#4005,#4006,#4007,#4008,#4009,
    #4010,#4011,#4012,#4013,#4014,#4015,#4016,#4017,#4018,#4019,#4020,
    #4021,#4022,#4023,#4024,#4025,#4026,#4027,#4028,#4029,#4030),
  .UNSPECIFIED.,.F.,.F.,(5,3,3,3,3,3,3,3,5),(0.,0.124231430727,
    0.249441149176,0.374646911933,0.499448905682,0.624646987992,
    0.749840958316,0.875030832861,1.),.UNSPECIFIED.);
#4005 = CARTESIAN_POINT('',(0.,0.416666666667));
#4006 = CARTESIAN_POINT('',(3.10535108228E-02,0.416666666667));
#4007 = CARTESIAN_POINT('',(6.21075788879E-02,0.416666666666));
#4008 = CARTESIAN_POINT('',(9.31620899618E-02,0.416666666666));
#4009 = CARTESIAN_POINT('',(0.15551644307,0.416666666664));
#4010 = CARTESIAN_POINT('',(0.186816289942,0.416666666664));
#4011 = CARTESIAN_POINT('',(0.218116478441,0.416666666663));
#4012 = CARTESIAN_POINT('',(0.280716517071,0.416666666661));
#4013 = CARTESIAN_POINT('',(0.31201636633,0.41666666666));
#4014 = CARTESIAN_POINT('',(0.343316523213,0.416666666659));
#4015 = CARTESIAN_POINT('',(0.405816522044,0.416666666657));
#4016 = CARTESIAN_POINT('',(0.437016361289,0.416666666657));
#4017 = CARTESIAN_POINT('',(0.468216514203,0.416666666657));
#4018 = CARTESIAN_POINT('',(0.530716492247,0.416666666657));
#4019 = CARTESIAN_POINT('',(0.562016318857,0.416666666657));
#4020 = CARTESIAN_POINT('',(0.593316483296,0.416666666657));
#4021 = CARTESIAN_POINT('',(0.65591647305,0.416666666659));
#4022 = CARTESIAN_POINT('',(0.687216297946,0.41666666666));
#4023 = CARTESIAN_POINT('',(0.718516473113,0.416666666661));
#4024 = CARTESIAN_POINT('',(0.781116487251,0.416666666663));
#4025 = CARTESIAN_POINT('',(0.812416326039,0.416666666664));
#4026 = CARTESIAN_POINT('',(0.843716501835,0.416666666664));
#4027 = CARTESIAN_POINT('',(0.906262300361,0.416666666666));
#4028 = CARTESIAN_POINT('',(0.937507921969,0.416666666666));
#4029 = CARTESIAN_POINT('',(0.968753834565,0.416666666667));
#4030 = CARTESIAN_POINT('',(1.,0.416666666667));
#4031 = ( GEOMETRIC_REPRESENTATION_CONTEXT(2) 
PARAMETRIC_REPRESENTATION_CONTEXT() REPRESENTATION_CONTEXT('2D SPACE',''
  ) );
#4032 = ORIENTED_EDGE('',*,*,#4033,.T.);
#4033 = EDGE_CURVE('',#3921,#4034,#4036,.T.);
#4034 = VERTEX_POINT('',#4035);
#4035 = CARTESIAN_POINT('',(133.61470108301,-17.5,7.929904585012));
#4036 = SURFACE_CURVE('',#4037,(#4064,#4094),.PCURVE_S1.);
#4037 = B_SPLINE_CURVE_WITH_KNOTS('',4,(#4038,#4039,#4040,#4041,#4042,
    #4043,#4044,#4045,#4046,#4047,#4048,#4049,#4050,#4051,#4052,#4053,
    #4054,#4055,#4056,#4057,#4058,#4059,#4060,#4061,#4062,#4063),
  .UNSPECIFIED.,.F.,.F.,(5,3,3,3,3,3,3,3,5),(0.,0.124209868995,
    0.249404489701,0.37460118232,0.499400082678,0.624601193597,
    0.749804441079,0.875009722246,1.),.UNSPECIFIED.);
#4038 = CARTESIAN_POINT('',(139.83333333333,-17.5,8.));
#4039 = CARTESIAN_POINT('',(139.14457170026,-17.5,7.992236389633));
#4040 = CARTESIAN_POINT('',(138.45581268056,-17.5,7.984472808723));
#4041 = CARTESIAN_POINT('',(137.76705666838,-17.5,7.976709261714));
#4042 = CARTESIAN_POINT('',(136.38409073366,-17.5,7.961120692095));
#4043 = CARTESIAN_POINT('',(135.68988086302,-17.5,7.95329567007));
#4044 = CARTESIAN_POINT('',(134.99567465344,-17.5,7.945470689312));
#4045 = CARTESIAN_POINT('',(133.60725844595,-17.5,7.929820685095));
#4046 = CARTESIAN_POINT('',(132.91304844774,-17.5,7.921995661632));
#4047 = CARTESIAN_POINT('',(132.21884248728,-17.5,7.914170683682));
#4048 = CARTESIAN_POINT('',(130.83264448177,-17.5,7.89854568268));
#4049 = CARTESIAN_POINT('',(130.14065241149,-17.5,7.890745659344));
#4050 = CARTESIAN_POINT('',(129.44866447627,-17.5,7.882945682618));
#4051 = CARTESIAN_POINT('',(128.06246660501,-17.5,7.86732068313));
#4052 = CARTESIAN_POINT('',(127.3682566978,-17.5,7.859495660693));
#4053 = CARTESIAN_POINT('',(126.67405085384,-17.5,7.851670684056));
#4054 = CARTESIAN_POINT('',(125.28563522118,-17.5,7.836020686318));
#4055 = CARTESIAN_POINT('',(124.59142543654,-17.5,7.828195665262));
#4056 = CARTESIAN_POINT('',(123.89721949265,-17.5,7.820370687499));
#4057 = CARTESIAN_POINT('',(122.50880381967,-17.5,7.804720689306));
#4058 = CARTESIAN_POINT('',(121.81459409545,-17.5,7.796895668932));
#4059 = CARTESIAN_POINT('',(121.12038802534,-17.5,7.789070689746));
#4060 = CARTESIAN_POINT('',(119.73317531895,-17.5,7.7734342512));
#4061 = CARTESIAN_POINT('',(119.04016867517,-17.5,7.765622791755));
#4062 = CARTESIAN_POINT('',(118.34716571361,-17.5,7.757811373815));
#4063 = CARTESIAN_POINT('',(117.65416666666,-17.5,7.75));
#4064 = PCURVE('',#2011,#4065);
#4065 = DEFINITIONAL_REPRESENTATION('',(#4066),#4093);
#4066 = B_SPLINE_CURVE_WITH_KNOTS('',4,(#4067,#4068,#4069,#4070,#4071,
    #4072,#4073,#4074,#4075,#4076,#4077,#4078,#4079,#4080,#4081,#4082,
    #4083,#4084,#4085,#4086,#4087,#4088,#4089,#4090,#4091,#4092),
  .UNSPECIFIED.,.F.,.F.,(5,3,3,3,3,3,3,3,5),(0.,0.124209868995,
    0.249404489701,0.37460118232,0.499400082678,0.624601193597,
    0.749804441079,0.875009722246,1.),.UNSPECIFIED.);
#4067 = CARTESIAN_POINT('',(0.99663440973,0.998809063262));
#4068 = CARTESIAN_POINT('',(0.985299374053,0.993887434067));
#4069 = CARTESIAN_POINT('',(0.973805163221,0.988965823545));
#4070 = CARTESIAN_POINT('',(0.962131234708,0.984044234515));
#4071 = CARTESIAN_POINT('',(0.93830489125,0.97416208488));
#4072 = CARTESIAN_POINT('',(0.926149393382,0.969201524647));
#4073 = CARTESIAN_POINT('',(0.913785830595,0.964240990574));
#4074 = CARTESIAN_POINT('',(0.888632584513,0.954319895359));
#4075 = CARTESIAN_POINT('',(0.875842846184,0.949359334214));
#4076 = CARTESIAN_POINT('',(0.862835269301,0.944398801922));
#4077 = CARTESIAN_POINT('',(0.836430702352,0.934493557136));
#4078 = CARTESIAN_POINT('',(0.823034983521,0.929548844463));
#4079 = CARTESIAN_POINT('',(0.809427011585,0.924604161337));
#4080 = CARTESIAN_POINT('',(0.781756268863,0.91469891751));
#4081 = CARTESIAN_POINT('',(0.767692022386,0.909738357016));
#4082 = CARTESIAN_POINT('',(0.753428415401,0.904777825556));
#4083 = CARTESIAN_POINT('',(0.724520611458,0.894856734448));
#4084 = CARTESIAN_POINT('',(0.709876222264,0.88989617483));
#4085 = CARTESIAN_POINT('',(0.695050688146,0.884935642655));
#4086 = CARTESIAN_POINT('',(0.665051902807,0.87501455126));
#4087 = CARTESIAN_POINT('',(0.649878454247,0.870053992073));
#4088 = CARTESIAN_POINT('',(0.634538469424,0.865093458997));
#4089 = CARTESIAN_POINT('',(0.603555523526,0.855180963544));
#4090 = CARTESIAN_POINT('',(0.587912947629,0.850229001113));
#4091 = CARTESIAN_POINT('',(0.572107663437,0.845277064994));
#4092 = CARTESIAN_POINT('',(0.556132163401,0.840325156848));
#4093 = ( GEOMETRIC_REPRESENTATION_CONTEXT(2) 
PARAMETRIC_REPRESENTATION_CONTEXT() REPRESENTATION_CONTEXT('2D SPACE',''
  ) );
#4094 = PCURVE('',#4095,#4116);
#4095 = B_SPLINE_SURFACE_WITH_KNOTS('',3,3,(
    (#4096,#4097,#4098,#4099)
    ,(#4100,#4101,#4102,#4103)
    ,(#4104,#4105,#4106,#4107)
    ,(#4108,#4109,#4110,#4111)
    ,(#4112,#4113,#4114,#4115
  )),.UNSPECIFIED.,.F.,.F.,.F.,(4,1,4),(4,4),(0.,0.5,1.),(0.,1.),
  .UNSPECIFIED.);
#4096 = CARTESIAN_POINT('',(144.,-30.,8.));
#4097 = CARTESIAN_POINT('',(140.66666666666,-20.,8.));
#4098 = CARTESIAN_POINT('',(137.33333333333,-10.,8.));
#4099 = CARTESIAN_POINT('',(134.,0.,8.));
#4100 = CARTESIAN_POINT('',(142.58333333333,-30.,7.958333333333));
#4101 = CARTESIAN_POINT('',(137.42611111111,-20.,7.958333333333));
#4102 = CARTESIAN_POINT('',(132.26888888888,-10.,7.958333333333));
#4103 = CARTESIAN_POINT('',(127.11166666666,0.,7.958333333333));
#4104 = CARTESIAN_POINT('',(139.75,-30.,7.875));
#4105 = CARTESIAN_POINT('',(130.94499999561,-19.99999999501,7.875));
#4106 = CARTESIAN_POINT('',(122.14000000438,-10.00000000498,7.875));
#4107 = CARTESIAN_POINT('',(113.335,0.,7.875));
#4108 = CARTESIAN_POINT('',(136.91666666666,-30.,7.791666666667));
#4109 = CARTESIAN_POINT('',(124.46388888888,-20.,7.791666666667));
#4110 = CARTESIAN_POINT('',(112.01111111111,-10.,7.791666666667));
#4111 = CARTESIAN_POINT('',(99.558333333333,0.,7.791666666667));
#4112 = CARTESIAN_POINT('',(135.5,-30.,7.75));
#4113 = CARTESIAN_POINT('',(121.22333333333,-20.,7.75));
#4114 = CARTESIAN_POINT('',(106.94666666666,-10.,7.75));
#4115 = CARTESIAN_POINT('',(92.67,0.,7.75));
#4116 = DEFINITIONAL_REPRESENTATION('',(#4117),#4144);
#4117 = B_SPLINE_CURVE_WITH_KNOTS('',4,(#4118,#4119,#4120,#4121,#4122,
    #4123,#4124,#4125,#4126,#4127,#4128,#4129,#4130,#4131,#4132,#4133,
    #4134,#4135,#4136,#4137,#4138,#4139,#4140,#4141,#4142,#4143),
  .UNSPECIFIED.,.F.,.F.,(5,3,3,3,3,3,3,3,5),(0.,0.124209868995,
    0.249404489701,0.37460118232,0.499400082678,0.624601193597,
    0.749804441079,0.875009722246,1.),.UNSPECIFIED.);
#4118 = CARTESIAN_POINT('',(0.,0.416666666667));
#4119 = CARTESIAN_POINT('',(3.10544414684E-02,0.416666666667));
#4120 = CARTESIAN_POINT('',(6.210876510656E-02,0.416666666666));
#4121 = CARTESIAN_POINT('',(9.316295314401E-02,0.416666666666));
#4122 = CARTESIAN_POINT('',(0.15551723162,0.416666666664));
#4123 = CARTESIAN_POINT('',(0.186817319719,0.416666666664));
#4124 = CARTESIAN_POINT('',(0.218117242751,0.416666666663));
#4125 = CARTESIAN_POINT('',(0.28071725962,0.416666666661));
#4126 = CARTESIAN_POINT('',(0.312017353472,0.41666666666));
#4127 = CARTESIAN_POINT('',(0.343317265272,0.416666666659));
#4128 = CARTESIAN_POINT('',(0.405817269278,0.416666666657));
#4129 = CARTESIAN_POINT('',(0.437017362622,0.416666666657));
#4130 = CARTESIAN_POINT('',(0.468217269527,0.416666666657));
#4131 = CARTESIAN_POINT('',(0.530717267481,0.416666666657));
#4132 = CARTESIAN_POINT('',(0.56201735723,0.416666666657));
#4133 = CARTESIAN_POINT('',(0.593317263777,0.416666666657));
#4134 = CARTESIAN_POINT('',(0.65591725473,0.416666666659));
#4135 = CARTESIAN_POINT('',(0.687217338952,0.41666666666));
#4136 = CARTESIAN_POINT('',(0.718517250004,0.416666666661));
#4137 = CARTESIAN_POINT('',(0.781117242774,0.416666666663));
#4138 = CARTESIAN_POINT('',(0.812417324272,0.416666666664));
#4139 = CARTESIAN_POINT('',(0.843717241015,0.416666666664));
#4140 = CARTESIAN_POINT('',(0.906262995201,0.416666666666));
#4141 = CARTESIAN_POINT('',(0.937508832981,0.416666666666));
#4142 = CARTESIAN_POINT('',(0.96875450474,0.416666666667));
#4143 = CARTESIAN_POINT('',(1.,0.416666666667));
#4144 = ( GEOMETRIC_REPRESENTATION_CONTEXT(2) 
PARAMETRIC_REPRESENTATION_CONTEXT() REPRESENTATION_CONTEXT('2D SPACE',''
  ) );
#4145 = ORIENTED_EDGE('',*,*,#4146,.T.);
#4146 = EDGE_CURVE('',#4034,#4147,#4149,.T.);
#4147 = VERTEX_POINT('',#4148);
#4148 = CARTESIAN_POINT('',(131.29920055572,-17.5,7.473565074334));
#4149 = SURFACE_CURVE('',#4150,(#4155,#4164),.PCURVE_S1.);
#4150 = B_SPLINE_CURVE_WITH_KNOTS('',3,(#4151,#4152,#4153,#4154),
  .UNSPECIFIED.,.F.,.F.,(4,4),(0.,1.),.PIECEWISE_BEZIER_KNOTS.);
#4151 = CARTESIAN_POINT('',(136.,-17.5,8.4));
#4152 = CARTESIAN_POINT('',(126.86666666666,-17.5,6.6));
#4153 = CARTESIAN_POINT('',(117.73333333333,-17.5,4.8));
#4154 = CARTESIAN_POINT('',(108.6,-17.5,3.));
#4155 = PCURVE('',#2011,#4156);
#4156 = DEFINITIONAL_REPRESENTATION('',(#4157),#4163);
#4157 = B_SPLINE_CURVE_WITH_KNOTS('',4,(#4158,#4159,#4160,#4161,#4162),
  .UNSPECIFIED.,.F.,.F.,(5,5),(8.705470505473E-02,0.171562023505),
  .PIECEWISE_BEZIER_KNOTS.);
#4158 = CARTESIAN_POINT('',(0.888688945516,0.954373077608));
#4159 = CARTESIAN_POINT('',(0.915848555668,0.950236655645));
#4160 = CARTESIAN_POINT('',(0.943403401192,0.946100233676));
#4161 = CARTESIAN_POINT('',(0.97141336967,0.941963811718));
#4162 = CARTESIAN_POINT('',(1.,0.93782738975));
#4163 = ( GEOMETRIC_REPRESENTATION_CONTEXT(2) 
PARAMETRIC_REPRESENTATION_CONTEXT() REPRESENTATION_CONTEXT('2D SPACE',''
  ) );
#4164 = PCURVE('',#4165,#4206);
#4165 = B_SPLINE_SURFACE_WITH_KNOTS('',3,3,(
    (#4166,#4167,#4168,#4169,#4170,#4171,#4172,#4173)
    ,(#4174,#4175,#4176,#4177,#4178,#4179,#4180,#4181)
    ,(#4182,#4183,#4184,#4185,#4186,#4187,#4188,#4189)
    ,(#4190,#4191,#4192,#4193,#4194,#4195,#4196,#4197)
    ,(#4198,#4199,#4200,#4201,#4202,#4203,#4204,#4205
  )),.UNSPECIFIED.,.F.,.F.,.F.,(4,1,4),(4,1,1,2,4),(0.,0.5,1.),(0.,
    0.227836592573,0.442835594821,0.514097810881,1.),.UNSPECIFIED.);
#4166 = CARTESIAN_POINT('',(0.,-8.5,1.E-02));
#4167 = CARTESIAN_POINT('',(10.666666666667,-9.833333333333,
    0.800814814815));
#4168 = CARTESIAN_POINT('',(31.495301292007,-12.69461581217,
    2.326515808854));
#4169 = CARTESIAN_POINT('',(55.24104822318,-14.79902822226,
    4.149046340467));
#4170 = CARTESIAN_POINT('',(68.675715949556,-17.5,5.071693331572));
#4171 = CARTESIAN_POINT('',(94.666666666667,-17.5,7.232));
#4172 = CARTESIAN_POINT('',(117.33333333333,-17.5,9.116));
#4173 = CARTESIAN_POINT('',(140.,-17.5,11.));
#4174 = CARTESIAN_POINT('',(0.,-8.5,8.333333333333E-03));
#4175 = CARTESIAN_POINT('',(10.666666666667,-9.833333333333,
    0.763289241623));
#4176 = CARTESIAN_POINT('',(31.495301298045,-12.69461580652,
    2.206496690509));
#4177 = CARTESIAN_POINT('',(55.241048218444,-14.7990282267,
    3.991006231751));
#4178 = CARTESIAN_POINT('',(68.675715949556,-17.5,4.819043286525));
#4179 = CARTESIAN_POINT('',(94.666666666667,-17.5,7.049214285714));
#4180 = CARTESIAN_POINT('',(117.33333333333,-17.5,8.701428571429));
#4181 = CARTESIAN_POINT('',(140.,-17.5,10.5));
#4182 = CARTESIAN_POINT('',(0.,-8.5,5.E-03));
#4183 = CARTESIAN_POINT('',(10.666666666667,-9.833333333333,
    0.688238095238));
#4184 = CARTESIAN_POINT('',(31.495301240935,-12.69461586339,
    2.006393769775));
#4185 = CARTESIAN_POINT('',(55.241048263242,-14.79902818208,
    3.581000460578));
#4186 = CARTESIAN_POINT('',(68.675715949556,-17.5,4.378137232327));
#4187 = CARTESIAN_POINT('',(94.666666666667,-17.5,6.244571428571));
#4188 = CARTESIAN_POINT('',(117.33333333333,-17.5,7.872285714286));
#4189 = CARTESIAN_POINT('',(140.,-17.5,9.5));
#4190 = CARTESIAN_POINT('',(0.,-8.5,1.666666666667E-03));
#4191 = CARTESIAN_POINT('',(10.666666666667,-9.833333333333,
    0.613186948854));
#4192 = CARTESIAN_POINT('',(31.495301298045,-12.69461580652,
    1.806290864302));
#4193 = CARTESIAN_POINT('',(55.241048218444,-14.7990282267,
    3.170994677434));
#4194 = CARTESIAN_POINT('',(68.675715949556,-17.5,3.93723117813));
#4195 = CARTESIAN_POINT('',(94.666666666667,-17.5,5.439928571429));
#4196 = CARTESIAN_POINT('',(117.33333333333,-17.5,7.043142857143));
#4197 = CARTESIAN_POINT('',(140.,-17.5,8.5));
#4198 = CARTESIAN_POINT('',(0.,-8.5,0.));
#4199 = CARTESIAN_POINT('',(10.666666666667,-9.833333333333,
    0.575661375661));
#4200 = CARTESIAN_POINT('',(31.495301292007,-12.69461581217,
    1.686271744388));
#4201 = CARTESIAN_POINT('',(55.24104822318,-14.79902822226,
    3.012954569949));
#4202 = CARTESIAN_POINT('',(68.675715949556,-17.5,3.684581133082));
#4203 = CARTESIAN_POINT('',(94.666666666667,-17.5,5.257142857143));
#4204 = CARTESIAN_POINT('',(117.33333333333,-17.5,6.628571428571));
#4205 = CARTESIAN_POINT('',(140.,-17.5,8.));
#4206 = DEFINITIONAL_REPRESENTATION('',(#4207),#4213);
#4207 = B_SPLINE_CURVE_WITH_KNOTS('',4,(#4208,#4209,#4210,#4211,#4212),
  .UNSPECIFIED.,.F.,.F.,(5,5),(8.705470505473E-02,0.171562023505),
  .PIECEWISE_BEZIER_KNOTS.);
#4208 = CARTESIAN_POINT('',(0.888688945516,0.954373077608));
#4209 = CARTESIAN_POINT('',(0.915848555668,0.950236655645));
#4210 = CARTESIAN_POINT('',(0.943403401192,0.946100233676));
#4211 = CARTESIAN_POINT('',(0.97141336967,0.941963811718));
#4212 = CARTESIAN_POINT('',(1.,0.93782738975));
#4213 = ( GEOMETRIC_REPRESENTATION_CONTEXT(2) 
PARAMETRIC_REPRESENTATION_CONTEXT() REPRESENTATION_CONTEXT('2D SPACE',''
  ) );
#4214 = ORIENTED_EDGE('',*,*,#4215,.T.);
#4215 = EDGE_CURVE('',#4147,#2797,#4216,.T.);
#4216 = SURFACE_CURVE('',#4217,(#4226,#4233),.PCURVE_S1.);
#4217 = B_SPLINE_CURVE_WITH_KNOTS('',3,(#4218,#4219,#4220,#4221,#4222,
    #4223,#4224,#4225),.UNSPECIFIED.,.F.,.F.,(4,1,1,2,4),(0.,
    0.227836592573,0.442835594821,0.514097810881,1.),.UNSPECIFIED.);
#4218 = CARTESIAN_POINT('',(0.,-8.5,0.));
#4219 = CARTESIAN_POINT('',(10.666666666667,-9.833333333333,
    0.575661375661));
#4220 = CARTESIAN_POINT('',(31.495301292007,-12.69461581217,
    1.686271744388));
#4221 = CARTESIAN_POINT('',(55.24104822318,-14.79902822226,
    3.012954569949));
#4222 = CARTESIAN_POINT('',(68.675715949556,-17.5,3.684581133082));
#4223 = CARTESIAN_POINT('',(94.666666666667,-17.5,5.257142857143));
#4224 = CARTESIAN_POINT('',(117.33333333333,-17.5,6.628571428571));
#4225 = CARTESIAN_POINT('',(140.,-17.5,8.));
#4226 = PCURVE('',#2011,#4227);
#4227 = DEFINITIONAL_REPRESENTATION('',(#4228),#4232);
#4228 = LINE('',#4229,#4230);
#4229 = CARTESIAN_POINT('',(1.,0.));
#4230 = VECTOR('',#4231,1.);
#4231 = DIRECTION('',(0.,1.));
#4232 = ( GEOMETRIC_REPRESENTATION_CONTEXT(2) 
PARAMETRIC_REPRESENTATION_CONTEXT() REPRESENTATION_CONTEXT('2D SPACE',''
  ) );
#4233 = PCURVE('',#2334,#4234);
#4234 = DEFINITIONAL_REPRESENTATION('',(#4235),#4239);
#4235 = LINE('',#4236,#4237);
#4236 = CARTESIAN_POINT('',(0.,0.));
#4237 = VECTOR('',#4238,1.);
#4238 = DIRECTION('',(0.,1.));
#4239 = ( GEOMETRIC_REPRESENTATION_CONTEXT(2) 
PARAMETRIC_REPRESENTATION_CONTEXT() REPRESENTATION_CONTEXT('2D SPACE',''
  ) );
#4240 = ORIENTED_EDGE('',*,*,#2796,.F.);
#4241 = ADVANCED_FACE('',(#4242),#1951,.F.);
#4242 = FACE_BOUND('',#4243,.F.);
#4243 = EDGE_LOOP('',(#4244,#4289,#4321,#4343));
#4244 = ORIENTED_EDGE('',*,*,#4245,.F.);
#4245 = EDGE_CURVE('',#4246,#1914,#4248,.T.);
#4246 = VERTEX_POINT('',#4247);
#4247 = CARTESIAN_POINT('',(138.,-17.5,19.));
#4248 = SURFACE_CURVE('',#4249,(#4254,#4261),.PCURVE_S1.);
#4249 = B_SPLINE_CURVE_WITH_KNOTS('',3,(#4250,#4251,#4252,#4253),
  .UNSPECIFIED.,.F.,.F.,(4,4),(0.,1.),.PIECEWISE_BEZIER_KNOTS.);
#4250 = CARTESIAN_POINT('',(138.,-17.5,19.));
#4251 = CARTESIAN_POINT('',(137.33333333333,-17.5,15.466666666667));
#4252 = CARTESIAN_POINT('',(136.66666666666,-17.5,11.933333333333));
#4253 = CARTESIAN_POINT('',(136.,-17.5,8.4));
#4254 = PCURVE('',#1951,#4255);
#4255 = DEFINITIONAL_REPRESENTATION('',(#4256),#4260);
#4256 = LINE('',#4257,#4258);
#4257 = CARTESIAN_POINT('',(0.,0.));
#4258 = VECTOR('',#4259,1.);
#4259 = DIRECTION('',(0.,1.));
#4260 = ( GEOMETRIC_REPRESENTATION_CONTEXT(2) 
PARAMETRIC_REPRESENTATION_CONTEXT() REPRESENTATION_CONTEXT('2D SPACE',''
  ) );
#4261 = PCURVE('',#4262,#4283);
#4262 = B_SPLINE_SURFACE_WITH_KNOTS('',3,3,(
    (#4263,#4264,#4265,#4266)
    ,(#4267,#4268,#4269,#4270)
    ,(#4271,#4272,#4273,#4274)
    ,(#4275,#4276,#4277,#4278)
    ,(#4279,#4280,#4281,#4282
  )),.UNSPECIFIED.,.F.,.F.,.F.,(4,1,4),(4,4),(0.,0.5,1.),(0.,1.),
  .UNSPECIFIED.);
#4263 = CARTESIAN_POINT('',(121.5,-17.5,19.));
#4264 = CARTESIAN_POINT('',(112.53333333333,-17.5,14.666666666667));
#4265 = CARTESIAN_POINT('',(103.56666666666,-17.5,10.333333333333));
#4266 = CARTESIAN_POINT('',(94.6,-17.5,6.));
#4267 = CARTESIAN_POINT('',(124.25,-17.5,19.));
#4268 = CARTESIAN_POINT('',(116.66666666666,-17.5,14.8));
#4269 = CARTESIAN_POINT('',(109.08333333333,-17.5,10.6));
#4270 = CARTESIAN_POINT('',(101.5,-17.5,6.4));
#4271 = CARTESIAN_POINT('',(129.75,-17.5,19.));
#4272 = CARTESIAN_POINT('',(124.93333332817,-17.5,15.066666662455));
#4273 = CARTESIAN_POINT('',(120.11666667182,-17.5,11.133333337545));
#4274 = CARTESIAN_POINT('',(115.3,-17.5,7.2));
#4275 = CARTESIAN_POINT('',(135.25,-17.5,19.));
#4276 = CARTESIAN_POINT('',(133.2,-17.5,15.333333333333));
#4277 = CARTESIAN_POINT('',(131.15,-17.5,11.666666666667));
#4278 = CARTESIAN_POINT('',(129.1,-17.5,8.));
#4279 = CARTESIAN_POINT('',(138.,-17.5,19.));
#4280 = CARTESIAN_POINT('',(137.33333333333,-17.5,15.466666666667));
#4281 = CARTESIAN_POINT('',(136.66666666666,-17.5,11.933333333333));
#4282 = CARTESIAN_POINT('',(136.,-17.5,8.4));
#4283 = DEFINITIONAL_REPRESENTATION('',(#4284),#4288);
#4284 = LINE('',#4285,#4286);
#4285 = CARTESIAN_POINT('',(1.,0.));
#4286 = VECTOR('',#4287,1.);
#4287 = DIRECTION('',(0.,1.));
#4288 = ( GEOMETRIC_REPRESENTATION_CONTEXT(2) 
PARAMETRIC_REPRESENTATION_CONTEXT() REPRESENTATION_CONTEXT('2D SPACE',''
  ) );
#4289 = ORIENTED_EDGE('',*,*,#4290,.T.);
#4290 = EDGE_CURVE('',#4246,#4291,#4293,.T.);
#4291 = VERTEX_POINT('',#4292);
#4292 = CARTESIAN_POINT('',(126.5,-17.,19.));
#4293 = SURFACE_CURVE('',#4294,(#4300,#4307),.PCURVE_S1.);
#4294 = B_SPLINE_CURVE_WITH_KNOTS('',3,(#4295,#4296,#4297,#4298,#4299),
  .UNSPECIFIED.,.F.,.F.,(4,1,4),(0.,0.5,1.),.QUASI_UNIFORM_KNOTS.);
#4295 = CARTESIAN_POINT('',(138.,-17.5,19.));
#4296 = CARTESIAN_POINT('',(136.08333333333,-17.41666666666,19.));
#4297 = CARTESIAN_POINT('',(132.25,-17.25,19.));
#4298 = CARTESIAN_POINT('',(128.41666666666,-17.08333333333,19.));
#4299 = CARTESIAN_POINT('',(126.5,-17.,19.));
#4300 = PCURVE('',#1951,#4301);
#4301 = DEFINITIONAL_REPRESENTATION('',(#4302),#4306);
#4302 = LINE('',#4303,#4304);
#4303 = CARTESIAN_POINT('',(0.,0.));
#4304 = VECTOR('',#4305,1.);
#4305 = DIRECTION('',(1.,0.));
#4306 = ( GEOMETRIC_REPRESENTATION_CONTEXT(2) 
PARAMETRIC_REPRESENTATION_CONTEXT() REPRESENTATION_CONTEXT('2D SPACE',''
  ) );
#4307 = PCURVE('',#4308,#4313);
#4308 = PLANE('',#4309);
#4309 = AXIS2_PLACEMENT_3D('',#4310,#4311,#4312);
#4310 = CARTESIAN_POINT('',(121.5,-17.5,19.));
#4311 = DIRECTION('',(0.,0.,1.));
#4312 = DIRECTION('',(1.,0.,-0.));
#4313 = DEFINITIONAL_REPRESENTATION('',(#4314),#4320);
#4314 = B_SPLINE_CURVE_WITH_KNOTS('',3,(#4315,#4316,#4317,#4318,#4319),
  .UNSPECIFIED.,.F.,.F.,(4,1,4),(0.,0.5,1.),.QUASI_UNIFORM_KNOTS.);
#4315 = CARTESIAN_POINT('',(16.5,0.));
#4316 = CARTESIAN_POINT('',(14.583333333333,8.333333333333E-02));
#4317 = CARTESIAN_POINT('',(10.75,0.25));
#4318 = CARTESIAN_POINT('',(6.916666666667,0.416666666667));
#4319 = CARTESIAN_POINT('',(5.,0.5));
#4320 = ( GEOMETRIC_REPRESENTATION_CONTEXT(2) 
PARAMETRIC_REPRESENTATION_CONTEXT() REPRESENTATION_CONTEXT('2D SPACE',''
  ) );
#4321 = ORIENTED_EDGE('',*,*,#4322,.T.);
#4322 = EDGE_CURVE('',#4291,#1837,#4323,.T.);
#4323 = SURFACE_CURVE('',#4324,(#4329,#4336),.PCURVE_S1.);
#4324 = B_SPLINE_CURVE_WITH_KNOTS('',3,(#4325,#4326,#4327,#4328),
  .UNSPECIFIED.,.F.,.F.,(4,4),(0.,1.),.PIECEWISE_BEZIER_KNOTS.);
#4325 = CARTESIAN_POINT('',(126.5,-17.,19.));
#4326 = CARTESIAN_POINT('',(120.53333333333,-16.5,14.666666666667));
#4327 = CARTESIAN_POINT('',(114.56666666666,-16.,10.333333333333));
#4328 = CARTESIAN_POINT('',(108.6,-15.5,6.));
#4329 = PCURVE('',#1951,#4330);
#4330 = DEFINITIONAL_REPRESENTATION('',(#4331),#4335);
#4331 = LINE('',#4332,#4333);
#4332 = CARTESIAN_POINT('',(1.,0.));
#4333 = VECTOR('',#4334,1.);
#4334 = DIRECTION('',(0.,1.));
#4335 = ( GEOMETRIC_REPRESENTATION_CONTEXT(2) 
PARAMETRIC_REPRESENTATION_CONTEXT() REPRESENTATION_CONTEXT('2D SPACE',''
  ) );
#4336 = PCURVE('',#1874,#4337);
#4337 = DEFINITIONAL_REPRESENTATION('',(#4338),#4342);
#4338 = LINE('',#4339,#4340);
#4339 = CARTESIAN_POINT('',(0.,0.));
#4340 = VECTOR('',#4341,1.);
#4341 = DIRECTION('',(0.,1.));
#4342 = ( GEOMETRIC_REPRESENTATION_CONTEXT(2) 
PARAMETRIC_REPRESENTATION_CONTEXT() REPRESENTATION_CONTEXT('2D SPACE',''
  ) );
#4343 = ORIENTED_EDGE('',*,*,#1913,.F.);
#4344 = ADVANCED_FACE('',(#4345),#1874,.F.);
#4345 = FACE_BOUND('',#4346,.F.);
#4346 = EDGE_LOOP('',(#4347,#4348,#4375,#4397));
#4347 = ORIENTED_EDGE('',*,*,#4322,.F.);
#4348 = ORIENTED_EDGE('',*,*,#4349,.T.);
#4349 = EDGE_CURVE('',#4291,#4350,#4352,.T.);
#4350 = VERTEX_POINT('',#4351);
#4351 = CARTESIAN_POINT('',(121.5,-17.5,19.));
#4352 = SURFACE_CURVE('',#4353,(#4359,#4366),.PCURVE_S1.);
#4353 = B_SPLINE_CURVE_WITH_KNOTS('',3,(#4354,#4355,#4356,#4357,#4358),
  .UNSPECIFIED.,.F.,.F.,(4,1,4),(0.,0.5,1.),.QUASI_UNIFORM_KNOTS.);
#4354 = CARTESIAN_POINT('',(126.5,-17.,19.));
#4355 = CARTESIAN_POINT('',(125.66666666666,-17.08333333333,19.));
#4356 = CARTESIAN_POINT('',(124.,-17.25,19.));
#4357 = CARTESIAN_POINT('',(122.33333333333,-17.41666666666,19.));
#4358 = CARTESIAN_POINT('',(121.5,-17.5,19.));
#4359 = PCURVE('',#1874,#4360);
#4360 = DEFINITIONAL_REPRESENTATION('',(#4361),#4365);
#4361 = LINE('',#4362,#4363);
#4362 = CARTESIAN_POINT('',(0.,0.));
#4363 = VECTOR('',#4364,1.);
#4364 = DIRECTION('',(1.,0.));
#4365 = ( GEOMETRIC_REPRESENTATION_CONTEXT(2) 
PARAMETRIC_REPRESENTATION_CONTEXT() REPRESENTATION_CONTEXT('2D SPACE',''
  ) );
#4366 = PCURVE('',#4308,#4367);
#4367 = DEFINITIONAL_REPRESENTATION('',(#4368),#4374);
#4368 = B_SPLINE_CURVE_WITH_KNOTS('',3,(#4369,#4370,#4371,#4372,#4373),
  .UNSPECIFIED.,.F.,.F.,(4,1,4),(0.,0.5,1.),.QUASI_UNIFORM_KNOTS.);
#4369 = CARTESIAN_POINT('',(5.,0.5));
#4370 = CARTESIAN_POINT('',(4.166666666667,0.416666666667));
#4371 = CARTESIAN_POINT('',(2.5,0.25));
#4372 = CARTESIAN_POINT('',(0.833333333333,8.333333333333E-02));
#4373 = CARTESIAN_POINT('',(0.,0.));
#4374 = ( GEOMETRIC_REPRESENTATION_CONTEXT(2) 
PARAMETRIC_REPRESENTATION_CONTEXT() REPRESENTATION_CONTEXT('2D SPACE',''
  ) );
#4375 = ORIENTED_EDGE('',*,*,#4376,.T.);
#4376 = EDGE_CURVE('',#4350,#1768,#4377,.T.);
#4377 = SURFACE_CURVE('',#4378,(#4383,#4390),.PCURVE_S1.);
#4378 = B_SPLINE_CURVE_WITH_KNOTS('',3,(#4379,#4380,#4381,#4382),
  .UNSPECIFIED.,.F.,.F.,(4,4),(0.,1.),.PIECEWISE_BEZIER_KNOTS.);
#4379 = CARTESIAN_POINT('',(121.5,-17.5,19.));
#4380 = CARTESIAN_POINT('',(112.53333333333,-17.5,14.666666666667));
#4381 = CARTESIAN_POINT('',(103.56666666666,-17.5,10.333333333333));
#4382 = CARTESIAN_POINT('',(94.6,-17.5,6.));
#4383 = PCURVE('',#1874,#4384);
#4384 = DEFINITIONAL_REPRESENTATION('',(#4385),#4389);
#4385 = LINE('',#4386,#4387);
#4386 = CARTESIAN_POINT('',(1.,0.));
#4387 = VECTOR('',#4388,1.);
#4388 = DIRECTION('',(0.,1.));
#4389 = ( GEOMETRIC_REPRESENTATION_CONTEXT(2) 
PARAMETRIC_REPRESENTATION_CONTEXT() REPRESENTATION_CONTEXT('2D SPACE',''
  ) );
#4390 = PCURVE('',#4262,#4391);
#4391 = DEFINITIONAL_REPRESENTATION('',(#4392),#4396);
#4392 = LINE('',#4393,#4394);
#4393 = CARTESIAN_POINT('',(0.,0.));
#4394 = VECTOR('',#4395,1.);
#4395 = DIRECTION('',(0.,1.));
#4396 = ( GEOMETRIC_REPRESENTATION_CONTEXT(2) 
PARAMETRIC_REPRESENTATION_CONTEXT() REPRESENTATION_CONTEXT('2D SPACE',''
  ) );
#4397 = ORIENTED_EDGE('',*,*,#1836,.F.);
#4398 = ADVANCED_FACE('',(#4399),#1788,.T.);
#4399 = FACE_BOUND('',#4400,.T.);
#4400 = EDGE_LOOP('',(#4401,#4402,#4403,#4431,#4477));
#4401 = ORIENTED_EDGE('',*,*,#1767,.F.);
#4402 = ORIENTED_EDGE('',*,*,#2287,.T.);
#4403 = ORIENTED_EDGE('',*,*,#4404,.T.);
#4404 = EDGE_CURVE('',#2288,#4405,#4407,.T.);
#4405 = VERTEX_POINT('',#4406);
#4406 = CARTESIAN_POINT('',(96.706161219603,-17.5,5.380540833067));
#4407 = SURFACE_CURVE('',#4408,(#4417,#4424),.PCURVE_S1.);
#4408 = B_SPLINE_CURVE_WITH_KNOTS('',3,(#4409,#4410,#4411,#4412,#4413,
    #4414,#4415,#4416),.UNSPECIFIED.,.F.,.F.,(4,1,1,2,4),(0.,
    0.227836592573,0.442835594821,0.514097810881,1.),.UNSPECIFIED.);
#4409 = CARTESIAN_POINT('',(0.,-8.5,0.));
#4410 = CARTESIAN_POINT('',(10.666666666667,-9.833333333333,
    0.575661375661));
#4411 = CARTESIAN_POINT('',(31.495301292007,-12.69461581217,
    1.686271744388));
#4412 = CARTESIAN_POINT('',(55.24104822318,-14.79902822226,
    3.012954569949));
#4413 = CARTESIAN_POINT('',(68.675715949556,-17.5,3.684581133082));
#4414 = CARTESIAN_POINT('',(94.666666666667,-17.5,5.257142857143));
#4415 = CARTESIAN_POINT('',(117.33333333333,-17.5,6.628571428571));
#4416 = CARTESIAN_POINT('',(140.,-17.5,8.));
#4417 = PCURVE('',#1788,#4418);
#4418 = DEFINITIONAL_REPRESENTATION('',(#4419),#4423);
#4419 = LINE('',#4420,#4421);
#4420 = CARTESIAN_POINT('',(1.,0.));
#4421 = VECTOR('',#4422,1.);
#4422 = DIRECTION('',(0.,1.));
#4423 = ( GEOMETRIC_REPRESENTATION_CONTEXT(2) 
PARAMETRIC_REPRESENTATION_CONTEXT() REPRESENTATION_CONTEXT('2D SPACE',''
  ) );
#4424 = PCURVE('',#2334,#4425);
#4425 = DEFINITIONAL_REPRESENTATION('',(#4426),#4430);
#4426 = LINE('',#4427,#4428);
#4427 = CARTESIAN_POINT('',(0.,0.));
#4428 = VECTOR('',#4429,1.);
#4429 = DIRECTION('',(0.,1.));
#4430 = ( GEOMETRIC_REPRESENTATION_CONTEXT(2) 
PARAMETRIC_REPRESENTATION_CONTEXT() REPRESENTATION_CONTEXT('2D SPACE',''
  ) );
#4431 = ORIENTED_EDGE('',*,*,#4432,.F.);
#4432 = EDGE_CURVE('',#4433,#4405,#4435,.T.);
#4433 = VERTEX_POINT('',#4434);
#4434 = CARTESIAN_POINT('',(94.6,-17.5,6.));
#4435 = SURFACE_CURVE('',#4436,(#4441,#4459),.PCURVE_S1.);
#4436 = B_SPLINE_CURVE_WITH_KNOTS('',3,(#4437,#4438,#4439,#4440),
  .UNSPECIFIED.,.F.,.F.,(4,4),(0.,1.),.PIECEWISE_BEZIER_KNOTS.);
#4437 = CARTESIAN_POINT('',(94.6,-17.5,6.));
#4438 = CARTESIAN_POINT('',(98.,-17.5,5.));
#4439 = CARTESIAN_POINT('',(101.4,-17.5,4.));
#4440 = CARTESIAN_POINT('',(104.8,-17.5,3.));
#4441 = PCURVE('',#1788,#4442);
#4442 = DEFINITIONAL_REPRESENTATION('',(#4443),#4458);
#4443 = B_SPLINE_CURVE_WITH_KNOTS('',7,(#4444,#4445,#4446,#4447,#4448,
    #4449,#4450,#4451,#4452,#4453,#4454,#4455,#4456,#4457),
  .UNSPECIFIED.,.F.,.F.,(8,6,8),(0.,0.103243196836,0.206486393673),
  .UNSPECIFIED.);
#4444 = CARTESIAN_POINT('',(0.611069657445,0.675588832559));
#4445 = CARTESIAN_POINT('',(0.636621989315,0.676663820316));
#4446 = CARTESIAN_POINT('',(0.662265401206,0.677738808073));
#4447 = CARTESIAN_POINT('',(0.688061681816,0.678813795831));
#4448 = CARTESIAN_POINT('',(0.714077191735,0.679888783589));
#4449 = CARTESIAN_POINT('',(0.740384764168,0.680963771346));
#4450 = CARTESIAN_POINT('',(0.76707038934,0.682038759104));
#4451 = CARTESIAN_POINT('',(0.821419001334,0.684188734607));
#4452 = CARTESIAN_POINT('',(0.849081951298,0.68526372246));
#4453 = CARTESIAN_POINT('',(0.877345320565,0.68633870992));
#4454 = CARTESIAN_POINT('',(0.90634332682,0.68741369816));
#4455 = CARTESIAN_POINT('',(0.936260614671,0.68848868544));
#4456 = CARTESIAN_POINT('',(0.967330457575,0.689563673493));
#4457 = CARTESIAN_POINT('',(0.999999996324,0.69063866115));
#4458 = ( GEOMETRIC_REPRESENTATION_CONTEXT(2) 
PARAMETRIC_REPRESENTATION_CONTEXT() REPRESENTATION_CONTEXT('2D SPACE',''
  ) );
#4459 = PCURVE('',#4165,#4460);
#4460 = DEFINITIONAL_REPRESENTATION('',(#4461),#4476);
#4461 = B_SPLINE_CURVE_WITH_KNOTS('',7,(#4462,#4463,#4464,#4465,#4466,
    #4467,#4468,#4469,#4470,#4471,#4472,#4473,#4474,#4475),
  .UNSPECIFIED.,.F.,.F.,(8,6,8),(0.,0.103243196836,0.206486393673),
  .UNSPECIFIED.);
#4462 = CARTESIAN_POINT('',(0.611069657445,0.675588832559));
#4463 = CARTESIAN_POINT('',(0.636621989315,0.676663820316));
#4464 = CARTESIAN_POINT('',(0.662265401206,0.677738808073));
#4465 = CARTESIAN_POINT('',(0.688061681816,0.678813795831));
#4466 = CARTESIAN_POINT('',(0.714077191735,0.679888783589));
#4467 = CARTESIAN_POINT('',(0.740384764168,0.680963771346));
#4468 = CARTESIAN_POINT('',(0.76707038934,0.682038759104));
#4469 = CARTESIAN_POINT('',(0.821419001334,0.684188734607));
#4470 = CARTESIAN_POINT('',(0.849081951298,0.68526372246));
#4471 = CARTESIAN_POINT('',(0.877345320565,0.68633870992));
#4472 = CARTESIAN_POINT('',(0.90634332682,0.68741369816));
#4473 = CARTESIAN_POINT('',(0.936260614671,0.68848868544));
#4474 = CARTESIAN_POINT('',(0.967330457575,0.689563673493));
#4475 = CARTESIAN_POINT('',(0.999999996324,0.69063866115));
#4476 = ( GEOMETRIC_REPRESENTATION_CONTEXT(2) 
PARAMETRIC_REPRESENTATION_CONTEXT() REPRESENTATION_CONTEXT('2D SPACE',''
  ) );
#4477 = ORIENTED_EDGE('',*,*,#4478,.F.);
#4478 = EDGE_CURVE('',#1768,#4433,#4479,.T.);
#4479 = SURFACE_CURVE('',#4480,(#4485,#4505),.PCURVE_S1.);
#4480 = B_SPLINE_CURVE_WITH_KNOTS('',3,(#4481,#4482,#4483,#4484),
  .UNSPECIFIED.,.F.,.F.,(4,4),(0.,1.),.PIECEWISE_BEZIER_KNOTS.);
#4481 = CARTESIAN_POINT('',(121.5,-17.5,19.));
#4482 = CARTESIAN_POINT('',(112.53333333333,-17.5,14.666666666667));
#4483 = CARTESIAN_POINT('',(103.56666666666,-17.5,10.333333333333));
#4484 = CARTESIAN_POINT('',(94.6,-17.5,6.));
#4485 = PCURVE('',#1788,#4486);
#4486 = DEFINITIONAL_REPRESENTATION('',(#4487),#4504);
#4487 = B_SPLINE_CURVE_WITH_KNOTS('',8,(#4488,#4489,#4490,#4491,#4492,
    #4493,#4494,#4495,#4496,#4497,#4498,#4499,#4500,#4501,#4502,#4503),
  .UNSPECIFIED.,.F.,.F.,(9,7,9),(0.886060629761,0.94303031488,1.),
  .UNSPECIFIED.);
#4488 = CARTESIAN_POINT('',(1.626110501976E-08,0.697489938082));
#4489 = CARTESIAN_POINT('',(4.625288543241E-02,0.696121118996));
#4490 = CARTESIAN_POINT('',(8.941110254045E-02,0.694752299823));
#4491 = CARTESIAN_POINT('',(0.13062255261,0.69338348079));
#4492 = CARTESIAN_POINT('',(0.170329390246,0.692014661559));
#4493 = CARTESIAN_POINT('',(0.208944319591,0.690645842587));
#4494 = CARTESIAN_POINT('',(0.246705429719,0.689277023468));
#4495 = CARTESIAN_POINT('',(0.283843268844,0.687908204423));
#4496 = CARTESIAN_POINT('',(0.357235807592,0.685170566225));
#4497 = CARTESIAN_POINT('',(0.393491702203,0.68380174713));
#4498 = CARTESIAN_POINT('',(0.429492012618,0.682432928035));
#4499 = CARTESIAN_POINT('',(0.465395200953,0.681064108939));
#4500 = CARTESIAN_POINT('',(0.501347415186,0.679695289844));
#4501 = CARTESIAN_POINT('',(0.53749652137,0.678326470749));
#4502 = CARTESIAN_POINT('',(0.574006135844,0.676957651654));
#4503 = CARTESIAN_POINT('',(0.611069657445,0.675588832559));
#4504 = ( GEOMETRIC_REPRESENTATION_CONTEXT(2) 
PARAMETRIC_REPRESENTATION_CONTEXT() REPRESENTATION_CONTEXT('2D SPACE',''
  ) );
#4505 = PCURVE('',#3800,#4506);
#4506 = DEFINITIONAL_REPRESENTATION('',(#4507),#4524);
#4507 = B_SPLINE_CURVE_WITH_KNOTS('',8,(#4508,#4509,#4510,#4511,#4512,
    #4513,#4514,#4515,#4516,#4517,#4518,#4519,#4520,#4521,#4522,#4523),
  .UNSPECIFIED.,.F.,.F.,(9,7,9),(0.886060629761,0.94303031488,1.),
  .UNSPECIFIED.);
#4508 = CARTESIAN_POINT('',(1.626110501976E-08,0.697489938082));
#4509 = CARTESIAN_POINT('',(4.625288543241E-02,0.696121118996));
#4510 = CARTESIAN_POINT('',(8.941110254045E-02,0.694752299823));
#4511 = CARTESIAN_POINT('',(0.13062255261,0.69338348079));
#4512 = CARTESIAN_POINT('',(0.170329390246,0.692014661559));
#4513 = CARTESIAN_POINT('',(0.208944319591,0.690645842587));
#4514 = CARTESIAN_POINT('',(0.246705429719,0.689277023468));
#4515 = CARTESIAN_POINT('',(0.283843268844,0.687908204423));
#4516 = CARTESIAN_POINT('',(0.357235807592,0.685170566225));
#4517 = CARTESIAN_POINT('',(0.393491702203,0.68380174713));
#4518 = CARTESIAN_POINT('',(0.429492012618,0.682432928035));
#4519 = CARTESIAN_POINT('',(0.465395200953,0.681064108939));
#4520 = CARTESIAN_POINT('',(0.501347415186,0.679695289844));
#4521 = CARTESIAN_POINT('',(0.53749652137,0.678326470749));
#4522 = CARTESIAN_POINT('',(0.574006135844,0.676957651654));
#4523 = CARTESIAN_POINT('',(0.611069657445,0.675588832559));
#4524 = ( GEOMETRIC_REPRESENTATION_CONTEXT(2) 
PARAMETRIC_REPRESENTATION_CONTEXT() REPRESENTATION_CONTEXT('2D SPACE',''
  ) );
#4525 = ADVANCED_FACE('',(#4526),#2334,.T.);
#4526 = FACE_BOUND('',#4527,.T.);
#4527 = EDGE_LOOP('',(#4528,#4529,#4530,#4556,#4557,#4558,#4707));
#4528 = ORIENTED_EDGE('',*,*,#4404,.F.);
#4529 = ORIENTED_EDGE('',*,*,#2314,.T.);
#4530 = ORIENTED_EDGE('',*,*,#4531,.T.);
#4531 = EDGE_CURVE('',#2315,#2824,#4532,.T.);
#4532 = SURFACE_CURVE('',#4533,(#4542,#4549),.PCURVE_S1.);
#4533 = B_SPLINE_CURVE_WITH_KNOTS('',3,(#4534,#4535,#4536,#4537,#4538,
    #4539,#4540,#4541),.UNSPECIFIED.,.F.,.F.,(4,1,1,2,4),(0.,
    0.227836592573,0.442835594821,0.514097810881,1.),.UNSPECIFIED.);
#4534 = CARTESIAN_POINT('',(0.,-8.4,-2.E-02));
#4535 = CARTESIAN_POINT('',(10.666666666667,-9.1,-1.333333333333E-02));
#4536 = CARTESIAN_POINT('',(31.495301292007,-9.784278273088,
    -0.200079591663));
#4537 = CARTESIAN_POINT('',(55.24104822318,-13.63063130133,
    0.484359316365));
#4538 = CARTESIAN_POINT('',(68.675715949556,-15.4071155927,
    -0.332428405044));
#4539 = CARTESIAN_POINT('',(94.666666666667,-16.13333333333,
    2.266666666667));
#4540 = CARTESIAN_POINT('',(117.33333333333,-16.76666666666,
    4.533333333333));
#4541 = CARTESIAN_POINT('',(140.,-17.4,6.8));
#4542 = PCURVE('',#2334,#4543);
#4543 = DEFINITIONAL_REPRESENTATION('',(#4544),#4548);
#4544 = LINE('',#4545,#4546);
#4545 = CARTESIAN_POINT('',(1.,0.));
#4546 = VECTOR('',#4547,1.);
#4547 = DIRECTION('',(0.,1.));
#4548 = ( GEOMETRIC_REPRESENTATION_CONTEXT(2) 
PARAMETRIC_REPRESENTATION_CONTEXT() REPRESENTATION_CONTEXT('2D SPACE',''
  ) );
#4549 = PCURVE('',#2402,#4550);
#4550 = DEFINITIONAL_REPRESENTATION('',(#4551),#4555);
#4551 = LINE('',#4552,#4553);
#4552 = CARTESIAN_POINT('',(0.,0.));
#4553 = VECTOR('',#4554,1.);
#4554 = DIRECTION('',(0.,1.));
#4555 = ( GEOMETRIC_REPRESENTATION_CONTEXT(2) 
PARAMETRIC_REPRESENTATION_CONTEXT() REPRESENTATION_CONTEXT('2D SPACE',''
  ) );
#4556 = ORIENTED_EDGE('',*,*,#2823,.F.);
#4557 = ORIENTED_EDGE('',*,*,#4215,.F.);
#4558 = ORIENTED_EDGE('',*,*,#4559,.F.);
#4559 = EDGE_CURVE('',#4560,#4147,#4562,.T.);
#4560 = VERTEX_POINT('',#4561);
#4561 = CARTESIAN_POINT('',(106.75853868266,-16.6048767904,3.7902464192)
  );
#4562 = SURFACE_CURVE('',#4563,(#4602,#4644),.PCURVE_S1.);
#4563 = B_SPLINE_CURVE_WITH_KNOTS('',4,(#4564,#4565,#4566,#4567,#4568,
    #4569,#4570,#4571,#4572,#4573,#4574,#4575,#4576,#4577,#4578,#4579,
    #4580,#4581,#4582,#4583,#4584,#4585,#4586,#4587,#4588,#4589,#4590,
    #4591,#4592,#4593,#4594,#4595,#4596,#4597,#4598,#4599,#4600,#4601),
  .UNSPECIFIED.,.F.,.F.,(5,3,3,3,3,3,3,3,3,3,3,3,5),(0.,
    3.991231527209E-02,8.563247554928E-02,0.137847625694,0.197202285856,
    0.265043520704,0.342991984461,0.433189989386,0.539063141297,
    0.686348151363,0.808818290331,0.911908114938,1.),.UNSPECIFIED.);
#4564 = CARTESIAN_POINT('',(106.75853868266,-16.6048767904,3.7902464192)
  );
#4565 = CARTESIAN_POINT('',(107.00231665619,-16.61658400016,
    3.827282125635));
#4566 = CARTESIAN_POINT('',(107.24625815862,-16.62816150441,
    3.864145526794));
#4567 = CARTESIAN_POINT('',(107.49032678267,-16.6396251571,
    3.900870337309));
#4568 = CARTESIAN_POINT('',(108.01421040208,-16.66399659947,
    3.979411331866));
#4569 = CARTESIAN_POINT('',(108.29405828546,-16.67687202401,
    4.021191218437));
#4570 = CARTESIAN_POINT('',(108.57401641241,-16.68962507261,
    4.062848753614));
#4571 = CARTESIAN_POINT('',(109.17390338623,-16.71669931186,
    4.151863056976));
#4572 = CARTESIAN_POINT('',(109.49386012445,-16.73098609856,4.1991891652
    ));
#4573 = CARTESIAN_POINT('',(109.81391244197,-16.74513785619,
    4.246413076124));
#4574 = CARTESIAN_POINT('',(110.49795103875,-16.7751046025,
    4.347142864854));
#4575 = CARTESIAN_POINT('',(110.86196048922,-16.79088259818,
    4.400625149876));
#4576 = CARTESIAN_POINT('',(111.22605154106,-16.80650804592,
    4.454031909323));
#4577 = CARTESIAN_POINT('',(112.00643777513,-16.839680591,4.568364268013
    ));
#4578 = CARTESIAN_POINT('',(112.4227535207,-16.85718315649,
    4.629273413263));
#4579 = CARTESIAN_POINT('',(112.83913769955,-16.87450552322,
    4.690142607742));
#4580 = CARTESIAN_POINT('',(113.73406006288,-16.9113549209,
    4.820912693688));
#4581 = CARTESIAN_POINT('',(114.21261578024,-16.93082605337,
    4.890808415594));
#4582 = CARTESIAN_POINT('',(114.69122509285,-16.95007426312,
    4.960716612598));
#4583 = CARTESIAN_POINT('',(115.72374419069,-16.99111985107,
    5.111604983195));
#4584 = CARTESIAN_POINT('',(116.2776674367,-17.01284258213,5.19259901782
    ));
#4585 = CARTESIAN_POINT('',(116.83162421226,-17.03427402347,
    5.273689272772));
#4586 = CARTESIAN_POINT('',(118.03584775376,-17.08022034707,
    5.450252563203));
#4587 = CARTESIAN_POINT('',(118.68612117756,-17.10462384375,
    5.545776581242));
#4588 = CARTESIAN_POINT('',(119.33639520619,-17.1286154779,
    5.641545562353));
#4589 = CARTESIAN_POINT('',(120.8912453725,-17.18495268543,
    5.871277792972));
#4590 = CARTESIAN_POINT('',(121.79580099128,-17.21689445229,
    6.005530626917));
#4591 = CARTESIAN_POINT('',(122.70025850924,-17.24795251798,
    6.140544641389));
#4592 = CARTESIAN_POINT('',(124.35648229132,-17.30300659308,
    6.389628248559));
#4593 = CARTESIAN_POINT('',(125.10829929425,-17.32730965187,
    6.503396207675));
#4594 = CARTESIAN_POINT('',(125.85995992964,-17.35085522293,
    6.61797537699));
#4595 = CARTESIAN_POINT('',(127.24393524781,-17.39260951435,
    6.830849627948));
#4596 = CARTESIAN_POINT('',(127.87631246177,-17.41107224838,
    6.928853731016));
#4597 = CARTESIAN_POINT('',(128.50849958488,-17.42884458363,
    7.027684437556));
#4598 = CARTESIAN_POINT('',(129.68044202993,-17.46031766993,
    7.212815099017));
#4599 = CARTESIAN_POINT('',(130.22026353143,-17.47423398613,
    7.298847170833));
#4600 = CARTESIAN_POINT('',(130.7598684216,-17.48749536901,
    7.385713540737));
#4601 = CARTESIAN_POINT('',(131.29920057486,-17.5,7.473565076799));
#4602 = PCURVE('',#2334,#4603);
#4603 = DEFINITIONAL_REPRESENTATION('',(#4604),#4643);
#4604 = B_SPLINE_CURVE_WITH_KNOTS('',4,(#4605,#4606,#4607,#4608,#4609,
    #4610,#4611,#4612,#4613,#4614,#4615,#4616,#4617,#4618,#4619,#4620,
    #4621,#4622,#4623,#4624,#4625,#4626,#4627,#4628,#4629,#4630,#4631,
    #4632,#4633,#4634,#4635,#4636,#4637,#4638,#4639,#4640,#4641,#4642),
  .UNSPECIFIED.,.F.,.F.,(5,3,3,3,3,3,3,3,3,3,3,3,5),(0.,
    3.991231527209E-02,8.563247554928E-02,0.137847625694,0.197202285856,
    0.265043520704,0.342991984461,0.433189989386,0.539063141297,
    0.686348151363,0.808818290331,0.911908114938,1.),.UNSPECIFIED.);
#4605 = CARTESIAN_POINT('',(0.873973136178,0.762469134947));
#4606 = CARTESIAN_POINT('',(0.868439238997,0.764211079814));
#4607 = CARTESIAN_POINT('',(0.862926224441,0.765954193197));
#4608 = CARTESIAN_POINT('',(0.857419423506,0.767698214943));
#4609 = CARTESIAN_POINT('',(0.845597440906,0.771441688436));
#4610 = CARTESIAN_POINT('',(0.839281036235,0.773441375189));
#4611 = CARTESIAN_POINT('',(0.832945669037,0.775441849699));
#4612 = CARTESIAN_POINT('',(0.819312722688,0.779728414314));
#4613 = CARTESIAN_POINT('',(0.812006140688,0.782014703719));
#4614 = CARTESIAN_POINT('',(0.804646369487,0.784301676097));
#4615 = CARTESIAN_POINT('',(0.788782272418,0.789189556268));
#4616 = CARTESIAN_POINT('',(0.780258901632,0.791790629633));
#4617 = CARTESIAN_POINT('',(0.771634792215,0.794392286091));
#4618 = CARTESIAN_POINT('',(0.752907158167,0.799968629907));
#4619 = CARTESIAN_POINT('',(0.742768276742,0.802943464203));
#4620 = CARTESIAN_POINT('',(0.732457797237,0.805918787498));
#4621 = CARTESIAN_POINT('',(0.709889762256,0.812313563019));
#4622 = CARTESIAN_POINT('',(0.697570828934,0.815733140529));
#4623 = CARTESIAN_POINT('',(0.684969427505,0.81915310101));
#4624 = CARTESIAN_POINT('',(0.657111495228,0.826531090568));
#4625 = CARTESIAN_POINT('',(0.641748710989,0.830489215831));
#4626 = CARTESIAN_POINT('',(0.625919820577,0.834447580682));
#4627 = CARTESIAN_POINT('',(0.590383665118,0.843052505021));
#4628 = CARTESIAN_POINT('',(0.570480041184,0.847699112082));
#4629 = CARTESIAN_POINT('',(0.549776599544,0.852345723465));
#4630 = CARTESIAN_POINT('',(0.498109542244,0.863456092576));
#4631 = CARTESIAN_POINT('',(0.466297687747,0.869919703684));
#4632 = CARTESIAN_POINT('',(0.432456827587,0.876382613801));
#4633 = CARTESIAN_POINT('',(0.366016315365,0.888217360292));
#4634 = CARTESIAN_POINT('',(0.334165384825,0.893589559226));
#4635 = CARTESIAN_POINT('',(0.30039463764,0.898960640817));
#4636 = CARTESIAN_POINT('',(0.234032359559,0.908850003123));
#4637 = CARTESIAN_POINT('',(0.202097897033,0.913368730661));
#4638 = CARTESIAN_POINT('',(0.168355744857,0.917886099883));
#4639 = CARTESIAN_POINT('',(0.101887164916,0.926260355759));
#4640 = CARTESIAN_POINT('',(6.972567186584E-02,0.930117715308));
#4641 = CARTESIAN_POINT('',(3.584797173672E-02,0.933973527034));
#4642 = CARTESIAN_POINT('',(0.,0.937827389886));
#4643 = ( GEOMETRIC_REPRESENTATION_CONTEXT(2) 
PARAMETRIC_REPRESENTATION_CONTEXT() REPRESENTATION_CONTEXT('2D SPACE',''
  ) );
#4644 = PCURVE('',#4645,#4666);
#4645 = B_SPLINE_SURFACE_WITH_KNOTS('',3,3,(
    (#4646,#4647,#4648,#4649)
    ,(#4650,#4651,#4652,#4653)
    ,(#4654,#4655,#4656,#4657)
    ,(#4658,#4659,#4660,#4661)
    ,(#4662,#4663,#4664,#4665
  )),.UNSPECIFIED.,.F.,.F.,.F.,(4,1,4),(4,4),(0.,0.5,1.),(0.,1.),
  .UNSPECIFIED.);
#4646 = CARTESIAN_POINT('',(136.,-17.5,8.4));
#4647 = CARTESIAN_POINT('',(126.86666666666,-17.5,6.6));
#4648 = CARTESIAN_POINT('',(117.73333333333,-17.5,4.8));
#4649 = CARTESIAN_POINT('',(108.6,-17.5,3.));
#4650 = CARTESIAN_POINT('',(131.43333333333,-17.16666666666,8.));
#4651 = CARTESIAN_POINT('',(123.68333333333,-17.25,6.333333333333));
#4652 = CARTESIAN_POINT('',(115.93333333333,-17.33333333333,
    4.666666666667));
#4653 = CARTESIAN_POINT('',(108.18333333333,-17.41666666666,3.));
#4654 = CARTESIAN_POINT('',(122.3,-16.5,7.2));
#4655 = CARTESIAN_POINT('',(117.31666666253,-16.7500000002,
    5.799999998838));
#4656 = CARTESIAN_POINT('',(112.33333333746,-16.99999999979,
    4.400000001162));
#4657 = CARTESIAN_POINT('',(107.35,-17.25,3.));
#4658 = CARTESIAN_POINT('',(113.16666666666,-15.83333333333,6.4));
#4659 = CARTESIAN_POINT('',(110.95,-16.25,5.266666666667));
#4660 = CARTESIAN_POINT('',(108.73333333333,-16.66666666666,
    4.133333333333));
#4661 = CARTESIAN_POINT('',(106.51666666666,-17.08333333333,3.));
#4662 = CARTESIAN_POINT('',(108.6,-15.5,6.));
#4663 = CARTESIAN_POINT('',(107.76666666666,-16.,5.));
#4664 = CARTESIAN_POINT('',(106.93333333333,-16.5,4.));
#4665 = CARTESIAN_POINT('',(106.1,-17.,3.));
#4666 = DEFINITIONAL_REPRESENTATION('',(#4667),#4706);
#4667 = B_SPLINE_CURVE_WITH_KNOTS('',4,(#4668,#4669,#4670,#4671,#4672,
    #4673,#4674,#4675,#4676,#4677,#4678,#4679,#4680,#4681,#4682,#4683,
    #4684,#4685,#4686,#4687,#4688,#4689,#4690,#4691,#4692,#4693,#4694,
    #4695,#4696,#4697,#4698,#4699,#4700,#4701,#4702,#4703,#4704,#4705),
  .UNSPECIFIED.,.F.,.F.,(5,3,3,3,3,3,3,3,3,3,3,3,5),(0.,
    3.991231527209E-02,8.563247554928E-02,0.137847625694,0.197202285856,
    0.265043520704,0.342991984461,0.433189989386,0.539063141297,
    0.686348151363,0.808818290331,0.911908114938,1.),.UNSPECIFIED.);
#4668 = CARTESIAN_POINT('',(1.,0.736584526933));
#4669 = CARTESIAN_POINT('',(0.97504600997,0.729497978259));
#4670 = CARTESIAN_POINT('',(0.95132018302,0.722586856793));
#4671 = CARTESIAN_POINT('',(0.928626083893,0.715820515035));
#4672 = CARTESIAN_POINT('',(0.881895895981,0.701574063723));
#4673 = CARTESIAN_POINT('',(0.858142197497,0.694132921855));
#4674 = CARTESIAN_POINT('',(0.835404728947,0.6868287307));
#4675 = CARTESIAN_POINT('',(0.788638515027,0.671438269276));
#4676 = CARTESIAN_POINT('',(0.764882790551,0.66338793056));
#4677 = CARTESIAN_POINT('',(0.74213777521,0.655466243342));
#4678 = CARTESIAN_POINT('',(0.6954713104,0.638778064363));
#4679 = CARTESIAN_POINT('',(0.671812184947,0.630043843569));
#4680 = CARTESIAN_POINT('',(0.649163351373,0.621428082474));
#4681 = CARTESIAN_POINT('',(0.602575741954,0.603182457639));
#4682 = CARTESIAN_POINT('',(0.578913714971,0.59358344615));
#4683 = CARTESIAN_POINT('',(0.556285442743,0.584091589574));
#4684 = CARTESIAN_POINT('',(0.509666080347,0.563886674834));
#4685 = CARTESIAN_POINT('',(0.485972487415,0.553202085146));
#4686 = CARTESIAN_POINT('',(0.463359475031,0.542609220086));
#4687 = CARTESIAN_POINT('',(0.416697118178,0.519915643165));
#4688 = CARTESIAN_POINT('',(0.392978809387,0.507839289094));
#4689 = CARTESIAN_POINT('',(0.370418552873,0.495830371682));
#4690 = CARTESIAN_POINT('',(0.323677206675,0.469822547671));
#4691 = CARTESIAN_POINT('',(0.29989404137,0.455840148487));
#4692 = CARTESIAN_POINT('',(0.277403916696,0.441881914003));
#4693 = CARTESIAN_POINT('',(0.22647664799,0.408486633717));
#4694 = CARTESIAN_POINT('',(0.199151091519,0.389040994431));
#4695 = CARTESIAN_POINT('',(0.173856111955,0.369493384612));
#4696 = CARTESIAN_POINT('',(0.131009404197,0.333331448834));
#4697 = CARTESIAN_POINT('',(0.112870004563,0.316776896102));
#4698 = CARTESIAN_POINT('',(9.596692341206E-02,0.300030836745));
#4699 = CARTESIAN_POINT('',(6.706965692421E-02,0.268700244545));
#4700 = CARTESIAN_POINT('',(5.472192424929E-02,0.254192482553));
#4701 = CARTESIAN_POINT('',(4.321938709821E-02,0.239452297396));
#4702 = CARTESIAN_POINT('',(2.347914528502E-02,0.211569720187));
#4703 = CARTESIAN_POINT('',(1.501000255849E-02,0.198506520235));
#4704 = CARTESIAN_POINT('',(7.175591407828E-03,0.185188800474));
#4705 = CARTESIAN_POINT('',(1.431339918243E-11,0.171562022842));
#4706 = ( GEOMETRIC_REPRESENTATION_CONTEXT(2) 
PARAMETRIC_REPRESENTATION_CONTEXT() REPRESENTATION_CONTEXT('2D SPACE',''
  ) );
#4707 = ORIENTED_EDGE('',*,*,#4708,.F.);
#4708 = EDGE_CURVE('',#4405,#4560,#4709,.T.);
#4709 = SURFACE_CURVE('',#4710,(#4745,#4783),.PCURVE_S1.);
#4710 = B_SPLINE_CURVE_WITH_KNOTS('',5,(#4711,#4712,#4713,#4714,#4715,
    #4716,#4717,#4718,#4719,#4720,#4721,#4722,#4723,#4724,#4725,#4726,
    #4727,#4728,#4729,#4730,#4731,#4732,#4733,#4734,#4735,#4736,#4737,
    #4738,#4739,#4740,#4741,#4742,#4743,#4744),.UNSPECIFIED.,.F.,.F.,(6,
    4,4,4,4,4,4,4,6),(0.,0.187490004696,0.357358161672,0.512064967241,
    0.647162406949,0.798761713943,0.91189731846,0.959279444001,1.),
  .UNSPECIFIED.);
#4711 = CARTESIAN_POINT('',(96.706161137441,-17.5,5.380540841929));
#4712 = CARTESIAN_POINT('',(97.087799833799,-17.46684050018,
    5.333942783178));
#4713 = CARTESIAN_POINT('',(97.469272400513,-17.43383614982,
    5.286502388065));
#4714 = CARTESIAN_POINT('',(97.850563013547,-17.40098268044,
    5.238179127392));
#4715 = CARTESIAN_POINT('',(98.231651381632,-17.36826895847,
    5.188930085221));
#4716 = CARTESIAN_POINT('',(98.957577644514,-17.30614828734,
    5.093209975518));
#4717 = CARTESIAN_POINT('',(99.302455626738,-17.27671905067,
    5.046912170652));
#4718 = CARTESIAN_POINT('',(99.647128705983,-17.24737608914,
    4.999783363694));
#4719 = CARTESIAN_POINT('',(99.991572417387,-17.21809871246,
    4.951784540818));
#4720 = CARTESIAN_POINT('',(100.64921957427,-17.16222844448,
    4.858322772426));
#4721 = CARTESIAN_POINT('',(100.96246677986,-17.1356289822,
    4.813015533404));
#4722 = CARTESIAN_POINT('',(101.27547378576,-17.10903814726,
    4.766913669422));
#4723 = CARTESIAN_POINT('',(101.58820893253,-17.08242766386,
    4.719976283108));
#4724 = CARTESIAN_POINT('',(102.17344649644,-17.03246776411,
    4.630378244465));
#4725 = CARTESIAN_POINT('',(102.44602331384,-17.00913260981,
    4.587929761317));
#4726 = CARTESIAN_POINT('',(102.71832850144,-16.98572498279,
    4.544761585202));
#4727 = CARTESIAN_POINT('',(102.99032087812,-16.96221170463,
    4.500826537421));
#4728 = CARTESIAN_POINT('',(103.56673646398,-16.91198963706,
    4.405812352776));
#4729 = CARTESIAN_POINT('',(103.87105889775,-16.88524206654,
    4.354517559772));
#4730 = CARTESIAN_POINT('',(104.17482606094,-16.85823477753,
    4.302064373631));
#4731 = CARTESIAN_POINT('',(104.47790536216,-16.83088431596,
    4.248323903875));
#4732 = CARTESIAN_POINT('',(105.00554700913,-16.78227504177,
    4.151801052983));
#4733 = CARTESIAN_POINT('',(105.23051321714,-16.76123210149,
    4.109699464233));
#4734 = CARTESIAN_POINT('',(105.45485853143,-16.73985741593,
    4.066637110079));
#4735 = CARTESIAN_POINT('',(105.67842065136,-16.71807703024,
    4.022482592953));
#4736 = CARTESIAN_POINT('',(105.99407892798,-16.6864154912,
    3.957933918976));
#4737 = CARTESIAN_POINT('',(106.08706462432,-16.67697558512,
    3.938644927191));
#4738 = CARTESIAN_POINT('',(106.17983678731,-16.66743247122,
    3.919102933559));
#4739 = CARTESIAN_POINT('',(106.27236387876,-16.65777446275,
    3.899285035838));
#4740 = CARTESIAN_POINT('',(106.44387782059,-16.63957640468,
    3.861870205553));
#4741 = CARTESIAN_POINT('',(106.52293840494,-16.63106990466,
    3.844352355483));
#4742 = CARTESIAN_POINT('',(106.60176142277,-16.62245903344,
    3.826591852839));
#4743 = CARTESIAN_POINT('',(106.68031058172,-16.61373253215,
    3.808565859864));
#4744 = CARTESIAN_POINT('',(106.75853868266,-16.6048767904,3.7902464192)
  );
#4745 = PCURVE('',#2334,#4746);
#4746 = DEFINITIONAL_REPRESENTATION('',(#4747),#4782);
#4747 = B_SPLINE_CURVE_WITH_KNOTS('',5,(#4748,#4749,#4750,#4751,#4752,
    #4753,#4754,#4755,#4756,#4757,#4758,#4759,#4760,#4761,#4762,#4763,
    #4764,#4765,#4766,#4767,#4768,#4769,#4770,#4771,#4772,#4773,#4774,
    #4775,#4776,#4777,#4778,#4779,#4780,#4781),.UNSPECIFIED.,.F.,.F.,(6,
    4,4,4,4,4,4,4,6),(0.,0.187490004696,0.357358161672,0.512064967241,
    0.647162406949,0.798761713943,0.91189731846,0.959279444001,1.),
  .UNSPECIFIED.);
#4748 = CARTESIAN_POINT('',(0.,0.690638660607));
#4749 = CARTESIAN_POINT('',(2.422893961081E-02,0.693365705872));
#4750 = CARTESIAN_POINT('',(4.901164516453E-02,0.696091564038));
#4751 = CARTESIAN_POINT('',(7.437522428278E-02,0.698816122031));
#4752 = CARTESIAN_POINT('',(0.100350127454,0.701539234859));
#4753 = CARTESIAN_POINT('',(0.151088184344,0.706726428393));
#4754 = CARTESIAN_POINT('',(0.175736094378,0.709190795548));
#4755 = CARTESIAN_POINT('',(0.200938813361,0.711653698544));
#4756 = CARTESIAN_POINT('',(0.226725486683,0.714114962565));
#4757 = CARTESIAN_POINT('',(0.277176855374,0.718814259523));
#4758 = CARTESIAN_POINT('',(0.301736409585,0.721052605155));
#4759 = CARTESIAN_POINT('',(0.326834029174,0.72328923441));
#4760 = CARTESIAN_POINT('',(0.352499121149,0.725523921064));
#4761 = CARTESIAN_POINT('',(0.401709653667,0.729705806556));
#4762 = CARTESIAN_POINT('',(0.425111347623,0.73165353703));
#4763 = CARTESIAN_POINT('',(0.448999705703,0.733599326542));
#4764 = CARTESIAN_POINT('',(0.473404185916,0.735542880825));
#4765 = CARTESIAN_POINT('',(0.5263739844,0.73966172781));
#4766 = CARTESIAN_POINT('',(0.555082721796,0.74183630041));
#4767 = CARTESIAN_POINT('',(0.584549445037,0.744006905256));
#4768 = CARTESIAN_POINT('',(0.614843160715,0.746172594903));
#4769 = CARTESIAN_POINT('',(0.669392340041,0.749942921834));
#4770 = CARTESIAN_POINT('',(0.693228852965,0.751550444966));
#4771 = CARTESIAN_POINT('',(0.717641288004,0.753153531426));
#4772 = CARTESIAN_POINT('',(0.742689291286,0.754751021477));
#4773 = CARTESIAN_POINT('',(0.779277762274,0.757006595707));
#4774 = CARTESIAN_POINT('',(0.790207911482,0.757671036199));
#4775 = CARTESIAN_POINT('',(0.801275359138,0.758333950862));
#4776 = CARTESIAN_POINT('',(0.812489429107,0.758995114336));
#4777 = CARTESIAN_POINT('',(0.833634403914,0.760220687863));
#4778 = CARTESIAN_POINT('',(0.843524176673,0.760785624789));
#4779 = CARTESIAN_POINT('',(0.853537715161,0.761348864156));
#4780 = CARTESIAN_POINT('',(0.863683844271,0.761910146631));
#4781 = CARTESIAN_POINT('',(0.873973136178,0.762469134947));
#4782 = ( GEOMETRIC_REPRESENTATION_CONTEXT(2) 
PARAMETRIC_REPRESENTATION_CONTEXT() REPRESENTATION_CONTEXT('2D SPACE',''
  ) );
#4783 = PCURVE('',#4784,#4805);
#4784 = B_SPLINE_SURFACE_WITH_KNOTS('',3,3,(
    (#4785,#4786,#4787,#4788)
    ,(#4789,#4790,#4791,#4792)
    ,(#4793,#4794,#4795,#4796)
    ,(#4797,#4798,#4799,#4800)
    ,(#4801,#4802,#4803,#4804
  )),.UNSPECIFIED.,.F.,.F.,.F.,(4,1,4),(4,4),(0.,0.5,1.),(0.,1.),
  .UNSPECIFIED.);
#4785 = CARTESIAN_POINT('',(108.6,-15.5,6.));
#4786 = CARTESIAN_POINT('',(107.76666666666,-16.,5.));
#4787 = CARTESIAN_POINT('',(106.93333333333,-16.5,4.));
#4788 = CARTESIAN_POINT('',(106.1,-17.,3.));
#4789 = CARTESIAN_POINT('',(106.26666666666,-15.83333333333,6.));
#4790 = CARTESIAN_POINT('',(106.13888888888,-16.25,5.));
#4791 = CARTESIAN_POINT('',(106.01111111111,-16.66666666666,4.));
#4792 = CARTESIAN_POINT('',(105.88333333333,-17.08333333333,3.));
#4793 = CARTESIAN_POINT('',(101.6,-16.5,6.));
#4794 = CARTESIAN_POINT('',(102.88333333824,-16.75000000095,
    4.99999999617));
#4795 = CARTESIAN_POINT('',(104.16666666175,-16.99999999904,
    4.00000000383));
#4796 = CARTESIAN_POINT('',(105.45,-17.25,3.));
#4797 = CARTESIAN_POINT('',(96.933333333333,-17.16666666666,6.));
#4798 = CARTESIAN_POINT('',(99.627777777778,-17.25,5.));
#4799 = CARTESIAN_POINT('',(102.32222222222,-17.33333333333,4.));
#4800 = CARTESIAN_POINT('',(105.01666666666,-17.41666666666,3.));
#4801 = CARTESIAN_POINT('',(94.6,-17.5,6.));
#4802 = CARTESIAN_POINT('',(98.,-17.5,5.));
#4803 = CARTESIAN_POINT('',(101.4,-17.5,4.));
#4804 = CARTESIAN_POINT('',(104.8,-17.5,3.));
#4805 = DEFINITIONAL_REPRESENTATION('',(#4806),#4841);
#4806 = B_SPLINE_CURVE_WITH_KNOTS('',5,(#4807,#4808,#4809,#4810,#4811,
    #4812,#4813,#4814,#4815,#4816,#4817,#4818,#4819,#4820,#4821,#4822,
    #4823,#4824,#4825,#4826,#4827,#4828,#4829,#4830,#4831,#4832,#4833,
    #4834,#4835,#4836,#4837,#4838,#4839,#4840),.UNSPECIFIED.,.F.,.F.,(6,
    4,4,4,4,4,4,4,6),(0.,0.187490004696,0.357358161672,0.512064967241,
    0.647162406949,0.798761713943,0.91189731846,0.959279444001,1.),
  .UNSPECIFIED.);
#4807 = CARTESIAN_POINT('',(0.999999999966,0.20648638605));
#4808 = CARTESIAN_POINT('',(0.980382340337,0.22201907224));
#4809 = CARTESIAN_POINT('',(0.960179518777,0.237832537316));
#4810 = CARTESIAN_POINT('',(0.939326843549,0.253940290883));
#4811 = CARTESIAN_POINT('',(0.917735518141,0.270356638235));
#4812 = CARTESIAN_POINT('',(0.874959225278,0.302263341469));
#4813 = CARTESIAN_POINT('',(0.853924421353,0.317695943085));
#4814 = CARTESIAN_POINT('',(0.832105578622,0.333405545397));
#4815 = CARTESIAN_POINT('',(0.80938941649,0.349405153017));
#4816 = CARTESIAN_POINT('',(0.76399471493,0.380559075808));
#4817 = CARTESIAN_POINT('',(0.741492605494,0.395661488814));
#4818 = CARTESIAN_POINT('',(0.718012468844,0.411028776808));
#4819 = CARTESIAN_POINT('',(0.69341449404,0.42667457225));
#4820 = CARTESIAN_POINT('',(0.644872589937,0.456540585144));
#4821 = CARTESIAN_POINT('',(0.621241113222,0.470690079536));
#4822 = CARTESIAN_POINT('',(0.596473663217,0.485079471585));
#4823 = CARTESIAN_POINT('',(0.570405751576,0.499724487526));
#4824 = CARTESIAN_POINT('',(0.51182183769,0.531395882438));
#4825 = CARTESIAN_POINT('',(0.47890957876,0.54849414679));
#4826 = CARTESIAN_POINT('',(0.443715698102,0.565978542186));
#4827 = CARTESIAN_POINT('',(0.405804719496,0.583892032115));
#4828 = CARTESIAN_POINT('',(0.333499753277,0.616066315752));
#4829 = CARTESIAN_POINT('',(0.300655632326,0.630100178667));
#4830 = CARTESIAN_POINT('',(0.265528691131,0.644454296712));
#4831 = CARTESIAN_POINT('',(0.227697837558,0.659172469076));
#4832 = CARTESIAN_POINT('',(0.169104117499,0.680688693715));
#4833 = CARTESIAN_POINT('',(0.151199090058,0.687118357637));
#4834 = CARTESIAN_POINT('',(0.132630119711,0.693632355508));
#4835 = CARTESIAN_POINT('',(0.113326176804,0.700238321408));
#4836 = CARTESIAN_POINT('',(7.590343608304E-02,0.712709931492));
#4837 = CARTESIAN_POINT('',(5.799827491447E-02,0.718549214845));
#4838 = CARTESIAN_POINT('',(3.942961554327E-02,0.724469382389));
#4839 = CARTESIAN_POINT('',(2.012611734065E-02,0.730478046712));
#4840 = CARTESIAN_POINT('',(0.,0.736584526933));
#4841 = ( GEOMETRIC_REPRESENTATION_CONTEXT(2) 
PARAMETRIC_REPRESENTATION_CONTEXT() REPRESENTATION_CONTEXT('2D SPACE',''
  ) );
#4842 = ADVANCED_FACE('',(#4843),#2402,.T.);
#4843 = FACE_BOUND('',#4844,.T.);
#4844 = EDGE_LOOP('',(#4845,#4846,#4847,#4875,#4907,#4953,#4979));
#4845 = ORIENTED_EDGE('',*,*,#4531,.F.);
#4846 = ORIENTED_EDGE('',*,*,#2382,.T.);
#4847 = ORIENTED_EDGE('',*,*,#4848,.T.);
#4848 = EDGE_CURVE('',#2383,#4849,#4851,.T.);
#4849 = VERTEX_POINT('',#4850);
#4850 = CARTESIAN_POINT('',(65.906301113266,-8.434791562729,
    -8.16207713376));
#4851 = SURFACE_CURVE('',#4852,(#4861,#4868),.PCURVE_S1.);
#4852 = B_SPLINE_CURVE_WITH_KNOTS('',3,(#4853,#4854,#4855,#4856,#4857,
    #4858,#4859,#4860),.UNSPECIFIED.,.F.,.F.,(4,1,1,2,4),(0.,
    0.227836592573,0.442835594821,0.514097810881,1.),.UNSPECIFIED.);
#4853 = CARTESIAN_POINT('',(0.,-8.2,-3.E-02));
#4854 = CARTESIAN_POINT('',(10.666666666667,-7.966666666667,
    -0.353333333333));
#4855 = CARTESIAN_POINT('',(31.495301292007,-6.695671769017,
    1.064336347382));
#4856 = CARTESIAN_POINT('',(55.24104822318,-8.909301343096,
    -6.523711563732));
#4857 = CARTESIAN_POINT('',(68.675715949556,-8.319119838432,
    -8.718631993258));
#4858 = CARTESIAN_POINT('',(94.666666666667,-9.733333333333,-3.1));
#4859 = CARTESIAN_POINT('',(117.33333333333,-10.96666666666,1.8));
#4860 = CARTESIAN_POINT('',(140.,-12.2,6.7));
#4861 = PCURVE('',#2402,#4862);
#4862 = DEFINITIONAL_REPRESENTATION('',(#4863),#4867);
#4863 = LINE('',#4864,#4865);
#4864 = CARTESIAN_POINT('',(1.,0.));
#4865 = VECTOR('',#4866,1.);
#4866 = DIRECTION('',(0.,1.));
#4867 = ( GEOMETRIC_REPRESENTATION_CONTEXT(2) 
PARAMETRIC_REPRESENTATION_CONTEXT() REPRESENTATION_CONTEXT('2D SPACE',''
  ) );
#4868 = PCURVE('',#2470,#4869);
#4869 = DEFINITIONAL_REPRESENTATION('',(#4870),#4874);
#4870 = LINE('',#4871,#4872);
#4871 = CARTESIAN_POINT('',(0.,0.));
#4872 = VECTOR('',#4873,1.);
#4873 = DIRECTION('',(0.,1.));
#4874 = ( GEOMETRIC_REPRESENTATION_CONTEXT(2) 
PARAMETRIC_REPRESENTATION_CONTEXT() REPRESENTATION_CONTEXT('2D SPACE',''
  ) );
#4875 = ORIENTED_EDGE('',*,*,#4876,.T.);
#4876 = EDGE_CURVE('',#4849,#4877,#4879,.T.);
#4877 = VERTEX_POINT('',#4878);
#4878 = CARTESIAN_POINT('',(65.863245062987,-8.5,-8.079553037391));
#4879 = SURFACE_CURVE('',#4880,(#4887,#4897),.PCURVE_S1.);
#4880 = B_SPLINE_CURVE_WITH_KNOTS('',5,(#4881,#4882,#4883,#4884,#4885,
    #4886),.UNSPECIFIED.,.F.,.F.,(6,6),(0.,1.),
  .PIECEWISE_BEZIER_KNOTS.);
#4881 = CARTESIAN_POINT('',(65.906301113266,-8.434791562729,
    -8.16207713376));
#4882 = CARTESIAN_POINT('',(65.898845663089,-8.446097838157,
    -8.147787520921));
#4883 = CARTESIAN_POINT('',(65.889957930285,-8.459570148232,
    -8.130752699713));
#4884 = CARTESIAN_POINT('',(65.878910602057,-8.476305118882,
    -8.109578653942));
#4885 = CARTESIAN_POINT('',(65.867852485006,-8.493031046535,
    -8.088383929595));
#4886 = CARTESIAN_POINT('',(65.863245062987,-8.5,-8.079553037391));
#4887 = PCURVE('',#2402,#4888);
#4888 = DEFINITIONAL_REPRESENTATION('',(#4889),#4896);
#4889 = B_SPLINE_CURVE_WITH_KNOTS('',5,(#4890,#4891,#4892,#4893,#4894,
    #4895),.UNSPECIFIED.,.F.,.F.,(6,6),(0.,1.),
  .PIECEWISE_BEZIER_KNOTS.);
#4890 = CARTESIAN_POINT('',(1.,0.470661172035));
#4891 = CARTESIAN_POINT('',(0.998319645986,0.470608092894));
#4892 = CARTESIAN_POINT('',(0.996316545599,0.470544816599));
#4893 = CARTESIAN_POINT('',(0.993826856079,0.470466165039));
#4894 = CARTESIAN_POINT('',(0.991334999616,0.470387436635));
#4895 = CARTESIAN_POINT('',(0.990296753442,0.470354634036));
#4896 = ( GEOMETRIC_REPRESENTATION_CONTEXT(2) 
PARAMETRIC_REPRESENTATION_CONTEXT() REPRESENTATION_CONTEXT('2D SPACE',''
  ) );
#4897 = PCURVE('',#2737,#4898);
#4898 = DEFINITIONAL_REPRESENTATION('',(#4899),#4906);
#4899 = B_SPLINE_CURVE_WITH_KNOTS('',5,(#4900,#4901,#4902,#4903,#4904,
    #4905),.UNSPECIFIED.,.F.,.F.,(6,6),(0.,1.),
  .PIECEWISE_BEZIER_KNOTS.);
#4900 = CARTESIAN_POINT('',(0.494749072294,3.835790424397E-03));
#4901 = CARTESIAN_POINT('',(0.500961947389,3.170715405147E-03));
#4902 = CARTESIAN_POINT('',(0.508368391473,2.37822656895E-03));
#4903 = CARTESIAN_POINT('',(0.517574498257,1.393816538856E-03));
#4904 = CARTESIAN_POINT('',(0.526789595837,4.099384380701E-04));
#4905 = CARTESIAN_POINT('',(0.530629114178,0.));
#4906 = ( GEOMETRIC_REPRESENTATION_CONTEXT(2) 
PARAMETRIC_REPRESENTATION_CONTEXT() REPRESENTATION_CONTEXT('2D SPACE',''
  ) );
#4907 = ORIENTED_EDGE('',*,*,#4908,.T.);
#4908 = EDGE_CURVE('',#4877,#4909,#4911,.T.);
#4909 = VERTEX_POINT('',#4910);
#4910 = CARTESIAN_POINT('',(72.,-8.5,-8.));
#4911 = SURFACE_CURVE('',#4912,(#4922,#4935),.PCURVE_S1.);
#4912 = B_SPLINE_CURVE_WITH_KNOTS('',8,(#4913,#4914,#4915,#4916,#4917,
    #4918,#4919,#4920,#4921),.UNSPECIFIED.,.F.,.F.,(9,9),(0.,1.),
  .PIECEWISE_BEZIER_KNOTS.);
#4913 = CARTESIAN_POINT('',(65.42533756602,-8.5,-8.031945960229));
#4914 = CARTESIAN_POINT('',(66.244199524809,-8.5,-8.126028256168));
#4915 = CARTESIAN_POINT('',(67.065547294667,-8.5,-8.199192468732));
#4916 = CARTESIAN_POINT('',(67.889180438652,-8.5,-8.248048013541));
#4917 = CARTESIAN_POINT('',(68.714397276024,-8.5,-8.268874770564));
#4918 = CARTESIAN_POINT('',(69.540001053822,-8.5,-8.257751363085));
#4919 = CARTESIAN_POINT('',(70.364314644248,-8.5,-8.210981170995));
#4920 = CARTESIAN_POINT('',(71.185182497592,-8.5,-8.125475048165));
#4921 = CARTESIAN_POINT('',(72.,-8.5,-8.));
#4922 = PCURVE('',#2402,#4923);
#4923 = DEFINITIONAL_REPRESENTATION('',(#4924),#4934);
#4924 = B_SPLINE_CURVE_WITH_KNOTS('',8,(#4925,#4926,#4927,#4928,#4929,
    #4930,#4931,#4932,#4933),.UNSPECIFIED.,.F.,.F.,(9,9),(0.,1.),
  .PIECEWISE_BEZIER_KNOTS.);
#4925 = CARTESIAN_POINT('',(0.991348715335,0.467236913927));
#4926 = CARTESIAN_POINT('',(0.989292686314,0.47306696929));
#4927 = CARTESIAN_POINT('',(0.98757249341,0.478914148707));
#4928 = CARTESIAN_POINT('',(0.986479536021,0.48477820711));
#4929 = CARTESIAN_POINT('',(0.986275052528,0.490655360314));
#4930 = CARTESIAN_POINT('',(0.987210482383,0.496538330684));
#4931 = CARTESIAN_POINT('',(0.989566427697,0.502416417788));
#4932 = CARTESIAN_POINT('',(0.99366633454,0.50827543429));
#4933 = CARTESIAN_POINT('',(1.,0.514097810881));
#4934 = ( GEOMETRIC_REPRESENTATION_CONTEXT(2) 
PARAMETRIC_REPRESENTATION_CONTEXT() REPRESENTATION_CONTEXT('2D SPACE',''
  ) );
#4935 = PCURVE('',#4936,#4941);
#4936 = PLANE('',#4937);
#4937 = AXIS2_PLACEMENT_3D('',#4938,#4939,#4940);
#4938 = CARTESIAN_POINT('',(65.3,-8.5,-7.));
#4939 = DIRECTION('',(-0.,1.,0.));
#4940 = DIRECTION('',(0.992704655836,0.,0.120571415689));
#4941 = DEFINITIONAL_REPRESENTATION('',(#4942),#4952);
#4942 = B_SPLINE_CURVE_WITH_KNOTS('',8,(#4943,#4944,#4945,#4946,#4947,
    #4948,#4949,#4950,#4951),.UNSPECIFIED.,.F.,.F.,(9,9),(0.,1.),
  .PIECEWISE_BEZIER_KNOTS.);
#4943 = CARTESIAN_POINT('',(-7.105427357601E-15,1.039529687065));
#4944 = CARTESIAN_POINT('',(0.801544443365,1.2316569659));
#4945 = CARTESIAN_POINT('',(1.608078685877,1.403318483737));
#4946 = CARTESIAN_POINT('',(2.41981256041,1.55112422471));
#4947 = CARTESIAN_POINT('',(3.236498045365,1.671296605705));
#4948 = CARTESIAN_POINT('',(4.057419924448,1.7597985636));
#4949 = CARTESIAN_POINT('',(4.881359011805,1.812758232727));
#4950 = CARTESIAN_POINT('',(5.706547945925,1.826849105661));
#4951 = CARTESIAN_POINT('',(6.530549778414,1.80053314095));
#4952 = ( GEOMETRIC_REPRESENTATION_CONTEXT(2) 
PARAMETRIC_REPRESENTATION_CONTEXT() REPRESENTATION_CONTEXT('2D SPACE',''
  ) );
#4953 = ORIENTED_EDGE('',*,*,#4954,.T.);
#4954 = EDGE_CURVE('',#4909,#2851,#4955,.T.);
#4955 = SURFACE_CURVE('',#4956,(#4965,#4972),.PCURVE_S1.);
#4956 = B_SPLINE_CURVE_WITH_KNOTS('',3,(#4957,#4958,#4959,#4960,#4961,
    #4962,#4963,#4964),.UNSPECIFIED.,.F.,.F.,(4,1,1,2,4),(0.,
    0.227836592573,0.442835594821,0.514097810881,1.),.UNSPECIFIED.);
#4957 = CARTESIAN_POINT('',(0.,-8.2,-3.E-02));
#4958 = CARTESIAN_POINT('',(10.666666666667,-7.966666666667,
    -0.353333333333));
#4959 = CARTESIAN_POINT('',(31.495301292007,-6.695671769017,
    1.064336347382));
#4960 = CARTESIAN_POINT('',(55.24104822318,-8.909301343096,
    -6.523711563732));
#4961 = CARTESIAN_POINT('',(68.675715949556,-8.319119838432,
    -8.718631993258));
#4962 = CARTESIAN_POINT('',(94.666666666667,-9.733333333333,-3.1));
#4963 = CARTESIAN_POINT('',(117.33333333333,-10.96666666666,1.8));
#4964 = CARTESIAN_POINT('',(140.,-12.2,6.7));
#4965 = PCURVE('',#2402,#4966);
#4966 = DEFINITIONAL_REPRESENTATION('',(#4967),#4971);
#4967 = LINE('',#4968,#4969);
#4968 = CARTESIAN_POINT('',(1.,0.));
#4969 = VECTOR('',#4970,1.);
#4970 = DIRECTION('',(0.,1.));
#4971 = ( GEOMETRIC_REPRESENTATION_CONTEXT(2) 
PARAMETRIC_REPRESENTATION_CONTEXT() REPRESENTATION_CONTEXT('2D SPACE',''
  ) );
#4972 = PCURVE('',#2625,#4973);
#4973 = DEFINITIONAL_REPRESENTATION('',(#4974),#4978);
#4974 = LINE('',#4975,#4976);
#4975 = CARTESIAN_POINT('',(0.,0.));
#4976 = VECTOR('',#4977,1.);
#4977 = DIRECTION('',(0.,1.));
#4978 = ( GEOMETRIC_REPRESENTATION_CONTEXT(2) 
PARAMETRIC_REPRESENTATION_CONTEXT() REPRESENTATION_CONTEXT('2D SPACE',''
  ) );
#4979 = ORIENTED_EDGE('',*,*,#2850,.F.);
#4980 = ADVANCED_FACE('',(#4981),#2470,.T.);
#4981 = FACE_BOUND('',#4982,.T.);
#4982 = EDGE_LOOP('',(#4983,#4984,#4985,#4986,#5054,#5088,#5165,#5199));
#4983 = ORIENTED_EDGE('',*,*,#4848,.F.);
#4984 = ORIENTED_EDGE('',*,*,#2450,.T.);
#4985 = ORIENTED_EDGE('',*,*,#2547,.T.);
#4986 = ORIENTED_EDGE('',*,*,#4987,.T.);
#4987 = EDGE_CURVE('',#2548,#4988,#4990,.T.);
#4988 = VERTEX_POINT('',#4989);
#4989 = CARTESIAN_POINT('',(65.906301113326,7.5,-8.162077133875));
#4990 = SURFACE_CURVE('',#4991,(#5010,#5032),.PCURVE_S1.);
#4991 = B_SPLINE_CURVE_WITH_KNOTS('',5,(#4992,#4993,#4994,#4995,#4996,
    #4997,#4998,#4999,#5000,#5001,#5002,#5003,#5004,#5005,#5006,#5007,
    #5008,#5009),.UNSPECIFIED.,.F.,.F.,(6,4,4,4,6),(0.,0.35322411477,
    0.523550256196,0.728693652808,1.),.UNSPECIFIED.);
#4992 = CARTESIAN_POINT('',(65.906301113266,8.434791562729,
    -8.16207713376));
#4993 = CARTESIAN_POINT('',(65.90630111346,7.24293796771,-8.162077134132
    ));
#4994 = CARTESIAN_POINT('',(65.906301113256,6.051136339686,
    -8.162077133741));
#4995 = CARTESIAN_POINT('',(65.9063011128,4.859378414088,-8.162077132866
    ));
#4996 = CARTESIAN_POINT('',(65.906301112275,3.667652215996,
    -8.16207713186));
#4997 = CARTESIAN_POINT('',(65.906301111679,1.901296966945,
    -8.162077130718));
#4998 = CARTESIAN_POINT('',(65.906301111512,1.326654319124,
    -8.162077130398));
#4999 = CARTESIAN_POINT('',(65.906301111397,0.752014241244,
    -8.162077130178));
#5000 = CARTESIAN_POINT('',(65.906301111355,0.177375125838,
    -8.162077130096));
#5001 = CARTESIAN_POINT('',(65.906301111454,-1.089369584724,
    -8.162077130287));
#5002 = CARTESIAN_POINT('',(65.906301111616,-1.781475458316,
    -8.162077130598));
#5003 = CARTESIAN_POINT('',(65.90630111185,-2.473585175874,
    -8.162077131045));
#5004 = CARTESIAN_POINT('',(65.906301112117,-3.165701472531,
    -8.162077131558));
#5005 = CARTESIAN_POINT('',(65.90630111273,-4.773177043438,
    -8.162077132733));
#5006 = CARTESIAN_POINT('',(65.906301113075,-5.688543116175,
    -8.162077133394));
#5007 = CARTESIAN_POINT('',(65.906301113329,-6.603931134488,
    -8.162077133881));
#5008 = CARTESIAN_POINT('',(65.906301113415,-7.519346005898,
    -8.162077134046));
#5009 = CARTESIAN_POINT('',(65.906301113266,-8.434791562729,
    -8.16207713376));
#5010 = PCURVE('',#2470,#5011);
#5011 = DEFINITIONAL_REPRESENTATION('',(#5012),#5031);
#5012 = B_SPLINE_CURVE_WITH_KNOTS('',5,(#5013,#5014,#5015,#5016,#5017,
    #5018,#5019,#5020,#5021,#5022,#5023,#5024,#5025,#5026,#5027,#5028,
    #5029,#5030),.UNSPECIFIED.,.F.,.F.,(6,4,4,4,6),(0.,0.35322411477,
    0.523550256196,0.728693652808,1.),.UNSPECIFIED.);
#5013 = CARTESIAN_POINT('',(1.,0.470661172035));
#5014 = CARTESIAN_POINT('',(0.931148617235,0.470661172038));
#5015 = CARTESIAN_POINT('',(0.861394820245,0.470661172035));
#5016 = CARTESIAN_POINT('',(0.790897403246,0.470661172029));
#5017 = CARTESIAN_POINT('',(0.719867493694,0.470661172021));
#5018 = CARTESIAN_POINT('',(0.61414514437,0.470661172012));
#5019 = CARTESIAN_POINT('',(0.579681176932,0.47066117201));
#5020 = CARTESIAN_POINT('',(0.54517425892,0.470661172008));
#5021 = CARTESIAN_POINT('',(0.510651308345,0.470661172007));
#5022 = CARTESIAN_POINT('',(0.43457342032,0.470661172009));
#5023 = CARTESIAN_POINT('',(0.393023228733,0.470661172011));
#5024 = CARTESIAN_POINT('',(0.351537144259,0.470661172015));
#5025 = CARTESIAN_POINT('',(0.310161251372,0.470661172018));
#5026 = CARTESIAN_POINT('',(0.214423405552,0.470661172028));
#5027 = CARTESIAN_POINT('',(0.16017613887,0.470661172033));
#5028 = CARTESIAN_POINT('',(0.106300217841,0.470661172036));
#5029 = CARTESIAN_POINT('',(5.288362341994E-02,0.470661172038));
#5030 = CARTESIAN_POINT('',(0.,0.470661172035));
#5031 = ( GEOMETRIC_REPRESENTATION_CONTEXT(2) 
PARAMETRIC_REPRESENTATION_CONTEXT() REPRESENTATION_CONTEXT('2D SPACE',''
  ) );
#5032 = PCURVE('',#2737,#5033);
#5033 = DEFINITIONAL_REPRESENTATION('',(#5034),#5053);
#5034 = B_SPLINE_CURVE_WITH_KNOTS('',5,(#5035,#5036,#5037,#5038,#5039,
    #5040,#5041,#5042,#5043,#5044,#5045,#5046,#5047,#5048,#5049,#5050,
    #5051,#5052),.UNSPECIFIED.,.F.,.F.,(6,4,4,4,6),(0.,0.35322411477,
    0.523550256196,0.728693652808,1.),.UNSPECIFIED.);
#5035 = CARTESIAN_POINT('',(0.494749072278,0.996164209574));
#5036 = CARTESIAN_POINT('',(0.494749072117,0.926055174601));
#5037 = CARTESIAN_POINT('',(0.494749072287,0.855949196495));
#5038 = CARTESIAN_POINT('',(0.494749072667,0.785845789109));
#5039 = CARTESIAN_POINT('',(0.494749073104,0.715744248038));
#5040 = CARTESIAN_POINT('',(0.494749073601,0.611840998078));
#5041 = CARTESIAN_POINT('',(0.49474907374,0.578038489376));
#5042 = CARTESIAN_POINT('',(0.494749073836,0.544236131847));
#5043 = CARTESIAN_POINT('',(0.494749073871,0.510433830934));
#5044 = CARTESIAN_POINT('',(0.494749073788,0.435919436179));
#5045 = CARTESIAN_POINT('',(0.494749073653,0.39520732596));
#5046 = CARTESIAN_POINT('',(0.494749073459,0.354494989626));
#5047 = CARTESIAN_POINT('',(0.494749073236,0.313782266288));
#5048 = CARTESIAN_POINT('',(0.494749072725,0.219224879753));
#5049 = CARTESIAN_POINT('',(0.494749072437,0.165379816659));
#5050 = CARTESIAN_POINT('',(0.494749072226,0.111533462643));
#5051 = CARTESIAN_POINT('',(0.494749072154,5.76855290327E-02));
#5052 = CARTESIAN_POINT('',(0.494749072278,3.835790432789E-03));
#5053 = ( GEOMETRIC_REPRESENTATION_CONTEXT(2) 
PARAMETRIC_REPRESENTATION_CONTEXT() REPRESENTATION_CONTEXT('2D SPACE',''
  ) );
#5054 = ORIENTED_EDGE('',*,*,#5055,.F.);
#5055 = EDGE_CURVE('',#5056,#4988,#5058,.T.);
#5056 = VERTEX_POINT('',#5057);
#5057 = CARTESIAN_POINT('',(65.802824205228,7.5,-8.149481265087));
#5058 = SURFACE_CURVE('',#5059,(#5065,#5074),.PCURVE_S1.);
#5059 = B_SPLINE_CURVE_WITH_KNOTS('',4,(#5060,#5061,#5062,#5063,#5064),
  .UNSPECIFIED.,.F.,.F.,(5,5),(0.,1.),.PIECEWISE_BEZIER_KNOTS.);
#5060 = CARTESIAN_POINT('',(65.359879076342,7.5,-8.09160527426));
#5061 = CARTESIAN_POINT('',(65.496352439685,7.5,-8.110388292551));
#5062 = CARTESIAN_POINT('',(65.632927991283,7.5,-8.12842874959));
#5063 = CARTESIAN_POINT('',(65.769606280236,7.5,-8.145678206899));
#5064 = CARTESIAN_POINT('',(65.906385389087,7.5,-8.162087244342));
#5065 = PCURVE('',#2470,#5066);
#5066 = DEFINITIONAL_REPRESENTATION('',(#5067),#5073);
#5067 = B_SPLINE_CURVE_WITH_KNOTS('',4,(#5068,#5069,#5070,#5071,#5072),
  .UNSPECIFIED.,.F.,.F.,(5,5),(0.,1.),.PIECEWISE_BEZIER_KNOTS.);
#5068 = CARTESIAN_POINT('',(0.945158177615,0.466770867137));
#5069 = CARTESIAN_POINT('',(0.94532168875,0.467742524296));
#5070 = CARTESIAN_POINT('',(0.945480951202,0.468714888096));
#5071 = CARTESIAN_POINT('',(0.945634851088,0.469687972));
#5072 = CARTESIAN_POINT('',(0.94578226021,0.470661772038));
#5073 = ( GEOMETRIC_REPRESENTATION_CONTEXT(2) 
PARAMETRIC_REPRESENTATION_CONTEXT() REPRESENTATION_CONTEXT('2D SPACE',''
  ) );
#5074 = PCURVE('',#5075,#5080);
#5075 = PLANE('',#5076);
#5076 = AXIS2_PLACEMENT_3D('',#5077,#5078,#5079);
#5077 = CARTESIAN_POINT('',(65.3,7.5,-7.5));
#5078 = DIRECTION('',(-0.,1.,0.));
#5079 = DIRECTION('',(0.994916827246,0.,0.100700083729));
#5080 = DEFINITIONAL_REPRESENTATION('',(#5081),#5087);
#5081 = B_SPLINE_CURVE_WITH_KNOTS('',4,(#5082,#5083,#5084,#5085,#5086),
  .UNSPECIFIED.,.F.,.F.,(5,5),(0.,1.),.PIECEWISE_BEZIER_KNOTS.);
#5082 = CARTESIAN_POINT('',(0.,0.59462787045));
#5083 = CARTESIAN_POINT('',(0.133888194146,0.62705829053));
#5084 = CARTESIAN_POINT('',(0.267952833087,0.65876021429));
#5085 = CARTESIAN_POINT('',(0.40219934089,0.68968550477));
#5086 = CARTESIAN_POINT('',(0.536630786457,0.719784799954));
#5087 = ( GEOMETRIC_REPRESENTATION_CONTEXT(2) 
PARAMETRIC_REPRESENTATION_CONTEXT() REPRESENTATION_CONTEXT('2D SPACE',''
  ) );
#5088 = ORIENTED_EDGE('',*,*,#5089,.T.);
#5089 = EDGE_CURVE('',#5056,#5090,#5092,.T.);
#5090 = VERTEX_POINT('',#5091);
#5091 = CARTESIAN_POINT('',(65.802824205228,-7.5,-8.149481265087));
#5092 = SURFACE_CURVE('',#5093,(#5108,#5126),.PCURVE_S1.);
#5093 = B_SPLINE_CURVE_WITH_KNOTS('',4,(#5094,#5095,#5096,#5097,#5098,
    #5099,#5100,#5101,#5102,#5103,#5104,#5105,#5106,#5107),
  .UNSPECIFIED.,.F.,.F.,(5,3,3,3,5),(0.,0.349480588828,0.516286103878,
    0.656290590867,1.),.UNSPECIFIED.);
#5094 = CARTESIAN_POINT('',(65.802824205228,7.5,-8.149481265087));
#5095 = CARTESIAN_POINT('',(65.80282420517,6.189356703167,
    -8.149481265011));
#5096 = CARTESIAN_POINT('',(65.802824204442,4.878773942905,
    -8.14948126407));
#5097 = CARTESIAN_POINT('',(65.80282420348,3.568235439882,
    -8.149481262829));
#5098 = CARTESIAN_POINT('',(65.802824202498,1.632212825244,
    -8.14948126156));
#5099 = CARTESIAN_POINT('',(65.802824202246,1.006713060154,
    -8.149481261235));
#5100 = CARTESIAN_POINT('',(65.80282420212,0.381215420561,
    -8.149481261071));
#5101 = CARTESIAN_POINT('',(65.802824202209,-0.769280656575,
    -8.149481261187));
#5102 = CARTESIAN_POINT('',(65.80282420236,-1.294278934785,
    -8.149481261381));
#5103 = CARTESIAN_POINT('',(65.802824202588,-1.819279128644,
    -8.149481261676));
#5104 = CARTESIAN_POINT('',(65.802824203528,-3.633160567075,
    -8.14948126289));
#5105 = CARTESIAN_POINT('',(65.802824204465,-4.922058808433,
    -8.149481264101));
#5106 = CARTESIAN_POINT('',(65.802824205171,-6.211000130975,
    -8.149481265012));
#5107 = CARTESIAN_POINT('',(65.802824205228,-7.5,-8.149481265087));
#5108 = PCURVE('',#2470,#5109);
#5109 = DEFINITIONAL_REPRESENTATION('',(#5110),#5125);
#5110 = B_SPLINE_CURVE_WITH_KNOTS('',4,(#5111,#5112,#5113,#5114,#5115,
    #5116,#5117,#5118,#5119,#5120,#5121,#5122,#5123,#5124),
  .UNSPECIFIED.,.F.,.F.,(5,3,3,3,5),(0.,0.349480588828,0.516286103878,
    0.656290590867,1.),.UNSPECIFIED.);
#5111 = CARTESIAN_POINT('',(0.945669261851,0.469924466683));
#5112 = CARTESIAN_POINT('',(0.869344971554,0.469924466683));
#5113 = CARTESIAN_POINT('',(0.79197692304,0.469924466674));
#5114 = CARTESIAN_POINT('',(0.713865822886,0.469924466662));
#5115 = CARTESIAN_POINT('',(0.597967928682,0.469924466651));
#5116 = CARTESIAN_POINT('',(0.560444287563,0.469924466648));
#5117 = CARTESIAN_POINT('',(0.522885156224,0.469924466646));
#5118 = CARTESIAN_POINT('',(0.453817470939,0.469924466647));
#5119 = CARTESIAN_POINT('',(0.422306282808,0.469924466649));
#5120 = CARTESIAN_POINT('',(0.3908271171,0.469924466652));
#5121 = CARTESIAN_POINT('',(0.28226515657,0.469924466663));
#5122 = CARTESIAN_POINT('',(0.205468057644,0.469924466674));
#5123 = CARTESIAN_POINT('',(0.129394662775,0.469924466683));
#5124 = CARTESIAN_POINT('',(5.433073814869E-02,0.469924466683));
#5125 = ( GEOMETRIC_REPRESENTATION_CONTEXT(2) 
PARAMETRIC_REPRESENTATION_CONTEXT() REPRESENTATION_CONTEXT('2D SPACE',''
  ) );
#5126 = PCURVE('',#5127,#5148);
#5127 = B_SPLINE_SURFACE_WITH_KNOTS('',3,3,(
    (#5128,#5129,#5130,#5131)
    ,(#5132,#5133,#5134,#5135)
    ,(#5136,#5137,#5138,#5139)
    ,(#5140,#5141,#5142,#5143)
    ,(#5144,#5145,#5146,#5147
  )),.UNSPECIFIED.,.F.,.F.,.F.,(4,1,4),(4,4),(0.,0.5,1.),(0.,1.),
  .UNSPECIFIED.);
#5128 = CARTESIAN_POINT('',(66.5,-7.5,-9.05));
#5129 = CARTESIAN_POINT('',(66.5,-2.5,-9.05));
#5130 = CARTESIAN_POINT('',(66.5,2.5,-9.05));
#5131 = CARTESIAN_POINT('',(66.5,7.5,-9.05));
#5132 = CARTESIAN_POINT('',(66.3,-7.5,-8.791666666667));
#5133 = CARTESIAN_POINT('',(66.3,-2.5,-8.791666666667));
#5134 = CARTESIAN_POINT('',(66.3,2.5,-8.791666666667));
#5135 = CARTESIAN_POINT('',(66.3,7.5,-8.791666666667));
#5136 = CARTESIAN_POINT('',(65.9,-7.5,-8.275));
#5137 = CARTESIAN_POINT('',(65.9,-2.499999995851,-8.275));
#5138 = CARTESIAN_POINT('',(65.9,2.499999995851,-8.275));
#5139 = CARTESIAN_POINT('',(65.9,7.5,-8.275));
#5140 = CARTESIAN_POINT('',(65.5,-7.5,-7.758333333333));
#5141 = CARTESIAN_POINT('',(65.5,-2.5,-7.758333333333));
#5142 = CARTESIAN_POINT('',(65.5,2.5,-7.758333333333));
#5143 = CARTESIAN_POINT('',(65.5,7.5,-7.758333333333));
#5144 = CARTESIAN_POINT('',(65.3,-7.5,-7.5));
#5145 = CARTESIAN_POINT('',(65.3,-2.5,-7.5));
#5146 = CARTESIAN_POINT('',(65.3,2.5,-7.5));
#5147 = CARTESIAN_POINT('',(65.3,7.5,-7.5));
#5148 = DEFINITIONAL_REPRESENTATION('',(#5149),#5164);
#5149 = B_SPLINE_CURVE_WITH_KNOTS('',4,(#5150,#5151,#5152,#5153,#5154,
    #5155,#5156,#5157,#5158,#5159,#5160,#5161,#5162,#5163),
  .UNSPECIFIED.,.F.,.F.,(5,3,3,3,5),(0.,0.349480588828,0.516286103878,
    0.656290590867,1.),.UNSPECIFIED.);
#5150 = CARTESIAN_POINT('',(0.580979828976,1.));
#5151 = CARTESIAN_POINT('',(0.580979829025,0.912623780245));
#5152 = CARTESIAN_POINT('',(0.580979829632,0.825251596237));
#5153 = CARTESIAN_POINT('',(0.580979830433,0.737882362698));
#5154 = CARTESIAN_POINT('',(0.580979831252,0.60881418837));
#5155 = CARTESIAN_POINT('',(0.580979831461,0.567114204023));
#5156 = CARTESIAN_POINT('',(0.580979831567,0.525414361376));
#5157 = CARTESIAN_POINT('',(0.580979831492,0.448714622885));
#5158 = CARTESIAN_POINT('',(0.580979831367,0.413714737665));
#5159 = CARTESIAN_POINT('',(0.580979831177,0.378714724735));
#5160 = CARTESIAN_POINT('',(0.580979830394,0.257789295489));
#5161 = CARTESIAN_POINT('',(0.580979829612,0.171862746061));
#5162 = CARTESIAN_POINT('',(0.580979829024,8.593332456849E-02));
#5163 = CARTESIAN_POINT('',(0.580979828976,-9.50938467131E-17));
#5164 = ( GEOMETRIC_REPRESENTATION_CONTEXT(2) 
PARAMETRIC_REPRESENTATION_CONTEXT() REPRESENTATION_CONTEXT('2D SPACE',''
  ) );
#5165 = ORIENTED_EDGE('',*,*,#5166,.F.);
#5166 = EDGE_CURVE('',#5167,#5090,#5169,.T.);
#5167 = VERTEX_POINT('',#5168);
#5168 = CARTESIAN_POINT('',(65.906301113326,-7.5,-8.162077133875));
#5169 = SURFACE_CURVE('',#5170,(#5176,#5185),.PCURVE_S1.);
#5170 = B_SPLINE_CURVE_WITH_KNOTS('',4,(#5171,#5172,#5173,#5174,#5175),
  .UNSPECIFIED.,.F.,.F.,(5,5),(0.,1.),.PIECEWISE_BEZIER_KNOTS.);
#5171 = CARTESIAN_POINT('',(65.906385389087,-7.5,-8.162087244342));
#5172 = CARTESIAN_POINT('',(65.769606270886,-7.5,-8.145678205778));
#5173 = CARTESIAN_POINT('',(65.632927997945,-7.5,-8.12842875044));
#5174 = CARTESIAN_POINT('',(65.496352431341,-7.5,-8.110388291403));
#5175 = CARTESIAN_POINT('',(65.359879076342,-7.5,-8.09160527426));
#5176 = PCURVE('',#2470,#5177);
#5177 = DEFINITIONAL_REPRESENTATION('',(#5178),#5184);
#5178 = B_SPLINE_CURVE_WITH_KNOTS('',4,(#5179,#5180,#5181,#5182,#5183),
  .UNSPECIFIED.,.F.,.F.,(5,5),(0.,1.),.PIECEWISE_BEZIER_KNOTS.);
#5179 = CARTESIAN_POINT('',(5.421773979018E-02,0.470661772038));
#5180 = CARTESIAN_POINT('',(5.436514892165E-02,0.469687971933));
#5181 = CARTESIAN_POINT('',(5.451904879037E-02,0.468714888143));
#5182 = CARTESIAN_POINT('',(5.467831126E-02,0.467742524237));
#5183 = CARTESIAN_POINT('',(5.484182238511E-02,0.466770867137));
#5184 = ( GEOMETRIC_REPRESENTATION_CONTEXT(2) 
PARAMETRIC_REPRESENTATION_CONTEXT() REPRESENTATION_CONTEXT('2D SPACE',''
  ) );
#5185 = PCURVE('',#5186,#5191);
#5186 = PLANE('',#5187);
#5187 = AXIS2_PLACEMENT_3D('',#5188,#5189,#5190);
#5188 = CARTESIAN_POINT('',(65.3,-7.5,-7.5));
#5189 = DIRECTION('',(-0.,1.,0.));
#5190 = DIRECTION('',(0.994916827246,0.,0.100700083729));
#5191 = DEFINITIONAL_REPRESENTATION('',(#5192),#5198);
#5192 = B_SPLINE_CURVE_WITH_KNOTS('',4,(#5193,#5194,#5195,#5196,#5197),
  .UNSPECIFIED.,.F.,.F.,(5,5),(0.,1.),.PIECEWISE_BEZIER_KNOTS.);
#5193 = CARTESIAN_POINT('',(0.536630786457,0.719784799954));
#5194 = CARTESIAN_POINT('',(0.4021993317,0.689685502712));
#5195 = CARTESIAN_POINT('',(0.26795283963,0.658760215807));
#5196 = CARTESIAN_POINT('',(0.13388818596,0.627058288547));
#5197 = CARTESIAN_POINT('',(0.,0.59462787045));
#5198 = ( GEOMETRIC_REPRESENTATION_CONTEXT(2) 
PARAMETRIC_REPRESENTATION_CONTEXT() REPRESENTATION_CONTEXT('2D SPACE',''
  ) );
#5199 = ORIENTED_EDGE('',*,*,#5200,.T.);
#5200 = EDGE_CURVE('',#5167,#4849,#5201,.T.);
#5201 = SURFACE_CURVE('',#5202,(#5221,#5243),.PCURVE_S1.);
#5202 = B_SPLINE_CURVE_WITH_KNOTS('',5,(#5203,#5204,#5205,#5206,#5207,
    #5208,#5209,#5210,#5211,#5212,#5213,#5214,#5215,#5216,#5217,#5218,
    #5219,#5220),.UNSPECIFIED.,.F.,.F.,(6,4,4,4,6),(0.,0.35322411477,
    0.523550256196,0.728693652808,1.),.UNSPECIFIED.);
#5203 = CARTESIAN_POINT('',(65.906301113266,8.434791562729,
    -8.16207713376));
#5204 = CARTESIAN_POINT('',(65.90630111346,7.24293796771,-8.162077134132
    ));
#5205 = CARTESIAN_POINT('',(65.906301113256,6.051136339686,
    -8.162077133741));
#5206 = CARTESIAN_POINT('',(65.9063011128,4.859378414088,-8.162077132866
    ));
#5207 = CARTESIAN_POINT('',(65.906301112275,3.667652215996,
    -8.16207713186));
#5208 = CARTESIAN_POINT('',(65.906301111679,1.901296966945,
    -8.162077130718));
#5209 = CARTESIAN_POINT('',(65.906301111512,1.326654319124,
    -8.162077130398));
#5210 = CARTESIAN_POINT('',(65.906301111397,0.752014241244,
    -8.162077130178));
#5211 = CARTESIAN_POINT('',(65.906301111355,0.177375125838,
    -8.162077130096));
#5212 = CARTESIAN_POINT('',(65.906301111454,-1.089369584724,
    -8.162077130287));
#5213 = CARTESIAN_POINT('',(65.906301111616,-1.781475458316,
    -8.162077130598));
#5214 = CARTESIAN_POINT('',(65.90630111185,-2.473585175874,
    -8.162077131045));
#5215 = CARTESIAN_POINT('',(65.906301112117,-3.165701472531,
    -8.162077131558));
#5216 = CARTESIAN_POINT('',(65.90630111273,-4.773177043438,
    -8.162077132733));
#5217 = CARTESIAN_POINT('',(65.906301113075,-5.688543116175,
    -8.162077133394));
#5218 = CARTESIAN_POINT('',(65.906301113329,-6.603931134488,
    -8.162077133881));
#5219 = CARTESIAN_POINT('',(65.906301113415,-7.519346005898,
    -8.162077134046));
#5220 = CARTESIAN_POINT('',(65.906301113266,-8.434791562729,
    -8.16207713376));
#5221 = PCURVE('',#2470,#5222);
#5222 = DEFINITIONAL_REPRESENTATION('',(#5223),#5242);
#5223 = B_SPLINE_CURVE_WITH_KNOTS('',5,(#5224,#5225,#5226,#5227,#5228,
    #5229,#5230,#5231,#5232,#5233,#5234,#5235,#5236,#5237,#5238,#5239,
    #5240,#5241),.UNSPECIFIED.,.F.,.F.,(6,4,4,4,6),(0.,0.35322411477,
    0.523550256196,0.728693652808,1.),.UNSPECIFIED.);
#5224 = CARTESIAN_POINT('',(1.,0.470661172035));
#5225 = CARTESIAN_POINT('',(0.931148617235,0.470661172038));
#5226 = CARTESIAN_POINT('',(0.861394820245,0.470661172035));
#5227 = CARTESIAN_POINT('',(0.790897403246,0.470661172029));
#5228 = CARTESIAN_POINT('',(0.719867493694,0.470661172021));
#5229 = CARTESIAN_POINT('',(0.61414514437,0.470661172012));
#5230 = CARTESIAN_POINT('',(0.579681176932,0.47066117201));
#5231 = CARTESIAN_POINT('',(0.54517425892,0.470661172008));
#5232 = CARTESIAN_POINT('',(0.510651308345,0.470661172007));
#5233 = CARTESIAN_POINT('',(0.43457342032,0.470661172009));
#5234 = CARTESIAN_POINT('',(0.393023228733,0.470661172011));
#5235 = CARTESIAN_POINT('',(0.351537144259,0.470661172015));
#5236 = CARTESIAN_POINT('',(0.310161251372,0.470661172018));
#5237 = CARTESIAN_POINT('',(0.214423405552,0.470661172028));
#5238 = CARTESIAN_POINT('',(0.16017613887,0.470661172033));
#5239 = CARTESIAN_POINT('',(0.106300217841,0.470661172036));
#5240 = CARTESIAN_POINT('',(5.288362341994E-02,0.470661172038));
#5241 = CARTESIAN_POINT('',(0.,0.470661172035));
#5242 = ( GEOMETRIC_REPRESENTATION_CONTEXT(2) 
PARAMETRIC_REPRESENTATION_CONTEXT() REPRESENTATION_CONTEXT('2D SPACE',''
  ) );
#5243 = PCURVE('',#2737,#5244);
#5244 = DEFINITIONAL_REPRESENTATION('',(#5245),#5264);
#5245 = B_SPLINE_CURVE_WITH_KNOTS('',5,(#5246,#5247,#5248,#5249,#5250,
    #5251,#5252,#5253,#5254,#5255,#5256,#5257,#5258,#5259,#5260,#5261,
    #5262,#5263),.UNSPECIFIED.,.F.,.F.,(6,4,4,4,6),(0.,0.35322411477,
    0.523550256196,0.728693652808,1.),.UNSPECIFIED.);
#5246 = CARTESIAN_POINT('',(0.494749072278,0.996164209574));
#5247 = CARTESIAN_POINT('',(0.494749072117,0.926055174601));
#5248 = CARTESIAN_POINT('',(0.494749072287,0.855949196495));
#5249 = CARTESIAN_POINT('',(0.494749072667,0.785845789109));
#5250 = CARTESIAN_POINT('',(0.494749073104,0.715744248038));
#5251 = CARTESIAN_POINT('',(0.494749073601,0.611840998078));
#5252 = CARTESIAN_POINT('',(0.49474907374,0.578038489376));
#5253 = CARTESIAN_POINT('',(0.494749073836,0.544236131847));
#5254 = CARTESIAN_POINT('',(0.494749073871,0.510433830934));
#5255 = CARTESIAN_POINT('',(0.494749073788,0.435919436179));
#5256 = CARTESIAN_POINT('',(0.494749073653,0.39520732596));
#5257 = CARTESIAN_POINT('',(0.494749073459,0.354494989626));
#5258 = CARTESIAN_POINT('',(0.494749073236,0.313782266288));
#5259 = CARTESIAN_POINT('',(0.494749072725,0.219224879753));
#5260 = CARTESIAN_POINT('',(0.494749072437,0.165379816659));
#5261 = CARTESIAN_POINT('',(0.494749072226,0.111533462643));
#5262 = CARTESIAN_POINT('',(0.494749072154,5.76855290327E-02));
#5263 = CARTESIAN_POINT('',(0.494749072278,3.835790432789E-03));
#5264 = ( GEOMETRIC_REPRESENTATION_CONTEXT(2) 
PARAMETRIC_REPRESENTATION_CONTEXT() REPRESENTATION_CONTEXT('2D SPACE',''
  ) );
#5265 = ADVANCED_FACE('',(#5266),#2737,.T.);
#5266 = FACE_BOUND('',#5267,.T.);
#5267 = EDGE_LOOP('',(#5268,#5315,#5340,#5341,#5342,#5371,#5421,#5448,
    #5449,#5450));
#5268 = ORIENTED_EDGE('',*,*,#5269,.F.);
#5269 = EDGE_CURVE('',#5270,#5272,#5274,.T.);
#5270 = VERTEX_POINT('',#5271);
#5271 = CARTESIAN_POINT('',(66.5,-8.5,-9.3));
#5272 = VERTEX_POINT('',#5273);
#5273 = CARTESIAN_POINT('',(66.5,8.5,-9.3));
#5274 = SURFACE_CURVE('',#5275,(#5280,#5287),.PCURVE_S1.);
#5275 = B_SPLINE_CURVE_WITH_KNOTS('',3,(#5276,#5277,#5278,#5279),
  .UNSPECIFIED.,.F.,.F.,(4,4),(0.,1.),.PIECEWISE_BEZIER_KNOTS.);
#5276 = CARTESIAN_POINT('',(66.5,-8.5,-9.3));
#5277 = CARTESIAN_POINT('',(66.5,-2.833333333333,-9.3));
#5278 = CARTESIAN_POINT('',(66.5,2.833333333333,-9.3));
#5279 = CARTESIAN_POINT('',(66.5,8.5,-9.3));
#5280 = PCURVE('',#2737,#5281);
#5281 = DEFINITIONAL_REPRESENTATION('',(#5282),#5286);
#5282 = LINE('',#5283,#5284);
#5283 = CARTESIAN_POINT('',(0.,0.));
#5284 = VECTOR('',#5285,1.);
#5285 = DIRECTION('',(0.,1.));
#5286 = ( GEOMETRIC_REPRESENTATION_CONTEXT(2) 
PARAMETRIC_REPRESENTATION_CONTEXT() REPRESENTATION_CONTEXT('2D SPACE',''
  ) );
#5287 = PCURVE('',#5288,#5309);
#5288 = B_SPLINE_SURFACE_WITH_KNOTS('',3,3,(
    (#5289,#5290,#5291,#5292)
    ,(#5293,#5294,#5295,#5296)
    ,(#5297,#5298,#5299,#5300)
    ,(#5301,#5302,#5303,#5304)
    ,(#5305,#5306,#5307,#5308
  )),.UNSPECIFIED.,.F.,.F.,.F.,(4,1,4),(4,4),(0.,0.5,1.),(0.,1.),
  .UNSPECIFIED.);
#5289 = CARTESIAN_POINT('',(72.,-8.5,-10.3));
#5290 = CARTESIAN_POINT('',(72.,-2.833333333333,-10.3));
#5291 = CARTESIAN_POINT('',(72.,2.833333333333,-10.3));
#5292 = CARTESIAN_POINT('',(72.,8.5,-10.3));
#5293 = CARTESIAN_POINT('',(71.083333333333,-8.5,-10.13333333333));
#5294 = CARTESIAN_POINT('',(71.083333333333,-2.833333333333,
    -10.13333333333));
#5295 = CARTESIAN_POINT('',(71.083333333333,2.833333333333,
    -10.13333333333));
#5296 = CARTESIAN_POINT('',(71.083333333333,8.5,-10.13333333333));
#5297 = CARTESIAN_POINT('',(69.25,-8.5,-9.8));
#5298 = CARTESIAN_POINT('',(69.25,-2.833333328631,-9.8));
#5299 = CARTESIAN_POINT('',(69.25,2.833333328631,-9.8));
#5300 = CARTESIAN_POINT('',(69.25,8.5,-9.8));
#5301 = CARTESIAN_POINT('',(67.416666666667,-8.5,-9.466666666667));
#5302 = CARTESIAN_POINT('',(67.416666666667,-2.833333333333,
    -9.466666666667));
#5303 = CARTESIAN_POINT('',(67.416666666667,2.833333333333,
    -9.466666666667));
#5304 = CARTESIAN_POINT('',(67.416666666667,8.5,-9.466666666667));
#5305 = CARTESIAN_POINT('',(66.5,-8.5,-9.3));
#5306 = CARTESIAN_POINT('',(66.5,-2.833333333333,-9.3));
#5307 = CARTESIAN_POINT('',(66.5,2.833333333333,-9.3));
#5308 = CARTESIAN_POINT('',(66.5,8.5,-9.3));
#5309 = DEFINITIONAL_REPRESENTATION('',(#5310),#5314);
#5310 = LINE('',#5311,#5312);
#5311 = CARTESIAN_POINT('',(1.,0.));
#5312 = VECTOR('',#5313,1.);
#5313 = DIRECTION('',(0.,1.));
#5314 = ( GEOMETRIC_REPRESENTATION_CONTEXT(2) 
PARAMETRIC_REPRESENTATION_CONTEXT() REPRESENTATION_CONTEXT('2D SPACE',''
  ) );
#5315 = ORIENTED_EDGE('',*,*,#5316,.T.);
#5316 = EDGE_CURVE('',#5270,#4877,#5317,.T.);
#5317 = SURFACE_CURVE('',#5318,(#5324,#5331),.PCURVE_S1.);
#5318 = B_SPLINE_CURVE_WITH_KNOTS('',3,(#5319,#5320,#5321,#5322,#5323),
  .UNSPECIFIED.,.F.,.F.,(4,1,4),(0.,0.5,1.),.QUASI_UNIFORM_KNOTS.);
#5319 = CARTESIAN_POINT('',(66.5,-8.5,-9.3));
#5320 = CARTESIAN_POINT('',(66.3,-8.5,-8.916666666667));
#5321 = CARTESIAN_POINT('',(65.9,-8.5,-8.15));
#5322 = CARTESIAN_POINT('',(65.5,-8.5,-7.383333333333));
#5323 = CARTESIAN_POINT('',(65.3,-8.5,-7.));
#5324 = PCURVE('',#2737,#5325);
#5325 = DEFINITIONAL_REPRESENTATION('',(#5326),#5330);
#5326 = LINE('',#5327,#5328);
#5327 = CARTESIAN_POINT('',(0.,0.));
#5328 = VECTOR('',#5329,1.);
#5329 = DIRECTION('',(1.,0.));
#5330 = ( GEOMETRIC_REPRESENTATION_CONTEXT(2) 
PARAMETRIC_REPRESENTATION_CONTEXT() REPRESENTATION_CONTEXT('2D SPACE',''
  ) );
#5331 = PCURVE('',#4936,#5332);
#5332 = DEFINITIONAL_REPRESENTATION('',(#5333),#5339);
#5333 = B_SPLINE_CURVE_WITH_KNOTS('',3,(#5334,#5335,#5336,#5337,#5338),
  .UNSPECIFIED.,.F.,.F.,(4,1,4),(0.,0.5,1.),.QUASI_UNIFORM_KNOTS.);
#5334 = CARTESIAN_POINT('',(0.91393133092,2.42790640725));
#5335 = CARTESIAN_POINT('',(0.761609442433,2.023255339375));
#5336 = CARTESIAN_POINT('',(0.45696566546,1.213953203625));
#5337 = CARTESIAN_POINT('',(0.152321888487,0.404651067875));
#5338 = CARTESIAN_POINT('',(0.,0.));
#5339 = ( GEOMETRIC_REPRESENTATION_CONTEXT(2) 
PARAMETRIC_REPRESENTATION_CONTEXT() REPRESENTATION_CONTEXT('2D SPACE',''
  ) );
#5340 = ORIENTED_EDGE('',*,*,#4876,.F.);
#5341 = ORIENTED_EDGE('',*,*,#5200,.F.);
#5342 = ORIENTED_EDGE('',*,*,#5343,.T.);
#5343 = EDGE_CURVE('',#5167,#5344,#5346,.T.);
#5344 = VERTEX_POINT('',#5345);
#5345 = CARTESIAN_POINT('',(66.1,-7.5,-8.533333333333));
#5346 = SURFACE_CURVE('',#5347,(#5353,#5362),.PCURVE_S1.);
#5347 = B_SPLINE_CURVE_WITH_KNOTS('',4,(#5348,#5349,#5350,#5351,#5352),
  .UNSPECIFIED.,.F.,.F.,(5,5),(0.,1.),.PIECEWISE_BEZIER_KNOTS.);
#5348 = CARTESIAN_POINT('',(65.863244342987,-7.5,-8.079551657391));
#5349 = CARTESIAN_POINT('',(66.02243325724,-7.5,-8.384663743043));
#5350 = CARTESIAN_POINT('',(66.181622171493,-7.5,-8.689775828696));
#5351 = CARTESIAN_POINT('',(66.340811085747,-7.5,-8.994887914348));
#5352 = CARTESIAN_POINT('',(66.5,-7.5,-9.3));
#5353 = PCURVE('',#2737,#5354);
#5354 = DEFINITIONAL_REPRESENTATION('',(#5355),#5361);
#5355 = B_SPLINE_CURVE_WITH_KNOTS('',4,(#5356,#5357,#5358,#5359,#5360),
  .UNSPECIFIED.,.F.,.F.,(5,5),(0.,1.),.PIECEWISE_BEZIER_KNOTS.);
#5356 = CARTESIAN_POINT('',(0.530629714178,5.882352939171E-02));
#5357 = CARTESIAN_POINT('',(0.397972285633,5.882352938986E-02));
#5358 = CARTESIAN_POINT('',(0.265314857089,5.882352940017E-02));
#5359 = CARTESIAN_POINT('',(0.132657428544,5.882352941176E-02));
#5360 = CARTESIAN_POINT('',(0.,5.882352941176E-02));
#5361 = ( GEOMETRIC_REPRESENTATION_CONTEXT(2) 
PARAMETRIC_REPRESENTATION_CONTEXT() REPRESENTATION_CONTEXT('2D SPACE',''
  ) );
#5362 = PCURVE('',#5186,#5363);
#5363 = DEFINITIONAL_REPRESENTATION('',(#5364),#5370);
#5364 = B_SPLINE_CURVE_WITH_KNOTS('',4,(#5365,#5366,#5367,#5368,#5369),
  .UNSPECIFIED.,.F.,.F.,(5,5),(0.,1.),.PIECEWISE_BEZIER_KNOTS.);
#5365 = CARTESIAN_POINT('',(0.502020374264,0.633324448696));
#5366 = CARTESIAN_POINT('',(0.629675291193,0.952915933901));
#5367 = CARTESIAN_POINT('',(0.757330208123,1.272507419107));
#5368 = CARTESIAN_POINT('',(0.884985125053,1.592098904312));
#5369 = CARTESIAN_POINT('',(1.012640041982,1.911690389518));
#5370 = ( GEOMETRIC_REPRESENTATION_CONTEXT(2) 
PARAMETRIC_REPRESENTATION_CONTEXT() REPRESENTATION_CONTEXT('2D SPACE',''
  ) );
#5371 = ORIENTED_EDGE('',*,*,#5372,.T.);
#5372 = EDGE_CURVE('',#5344,#5373,#5375,.T.);
#5373 = VERTEX_POINT('',#5374);
#5374 = CARTESIAN_POINT('',(66.1,7.5,-8.533333333333));
#5375 = SURFACE_CURVE('',#5376,(#5382,#5391),.PCURVE_S1.);
#5376 = B_SPLINE_CURVE_WITH_KNOTS('',4,(#5377,#5378,#5379,#5380,#5381),
  .UNSPECIFIED.,.F.,.F.,(5,5),(0.,1.),.PIECEWISE_BEZIER_KNOTS.);
#5377 = CARTESIAN_POINT('',(66.1,-7.5,-8.533333333333));
#5378 = CARTESIAN_POINT('',(66.1,-3.749999999992,-8.533333333333));
#5379 = CARTESIAN_POINT('',(66.1,-1.918465386552E-13,-8.533333333333));
#5380 = CARTESIAN_POINT('',(66.1,3.749999999992,-8.533333333333));
#5381 = CARTESIAN_POINT('',(66.1,7.5,-8.533333333333));
#5382 = PCURVE('',#2737,#5383);
#5383 = DEFINITIONAL_REPRESENTATION('',(#5384),#5390);
#5384 = B_SPLINE_CURVE_WITH_KNOTS('',4,(#5385,#5386,#5387,#5388,#5389),
  .UNSPECIFIED.,.F.,.F.,(5,5),(0.,1.),.PIECEWISE_BEZIER_KNOTS.);
#5385 = CARTESIAN_POINT('',(0.333333333333,5.882352939675E-02));
#5386 = CARTESIAN_POINT('',(0.333333333333,0.279411764646));
#5387 = CARTESIAN_POINT('',(0.333333333333,0.5));
#5388 = CARTESIAN_POINT('',(0.333333333333,0.720588235354));
#5389 = CARTESIAN_POINT('',(0.333333333333,0.941176470603));
#5390 = ( GEOMETRIC_REPRESENTATION_CONTEXT(2) 
PARAMETRIC_REPRESENTATION_CONTEXT() REPRESENTATION_CONTEXT('2D SPACE',''
  ) );
#5391 = PCURVE('',#5392,#5413);
#5392 = B_SPLINE_SURFACE_WITH_KNOTS('',3,3,(
    (#5393,#5394,#5395,#5396)
    ,(#5397,#5398,#5399,#5400)
    ,(#5401,#5402,#5403,#5404)
    ,(#5405,#5406,#5407,#5408)
    ,(#5409,#5410,#5411,#5412
  )),.UNSPECIFIED.,.F.,.F.,.F.,(4,1,4),(4,4),(0.,0.5,1.),(0.,1.),
  .UNSPECIFIED.);
#5393 = CARTESIAN_POINT('',(66.5,-7.5,-9.05));
#5394 = CARTESIAN_POINT('',(66.5,-2.5,-9.05));
#5395 = CARTESIAN_POINT('',(66.5,2.5,-9.05));
#5396 = CARTESIAN_POINT('',(66.5,7.5,-9.05));
#5397 = CARTESIAN_POINT('',(66.3,-7.5,-8.791666666667));
#5398 = CARTESIAN_POINT('',(66.3,-2.5,-8.791666666667));
#5399 = CARTESIAN_POINT('',(66.3,2.5,-8.791666666667));
#5400 = CARTESIAN_POINT('',(66.3,7.5,-8.791666666667));
#5401 = CARTESIAN_POINT('',(65.9,-7.5,-8.275));
#5402 = CARTESIAN_POINT('',(65.9,-2.499999995851,-8.275));
#5403 = CARTESIAN_POINT('',(65.9,2.499999995851,-8.275));
#5404 = CARTESIAN_POINT('',(65.9,7.5,-8.275));
#5405 = CARTESIAN_POINT('',(65.5,-7.5,-7.758333333333));
#5406 = CARTESIAN_POINT('',(65.5,-2.5,-7.758333333333));
#5407 = CARTESIAN_POINT('',(65.5,2.5,-7.758333333333));
#5408 = CARTESIAN_POINT('',(65.5,7.5,-7.758333333333));
#5409 = CARTESIAN_POINT('',(65.3,-7.5,-7.5));
#5410 = CARTESIAN_POINT('',(65.3,-2.5,-7.5));
#5411 = CARTESIAN_POINT('',(65.3,2.5,-7.5));
#5412 = CARTESIAN_POINT('',(65.3,7.5,-7.5));
#5413 = DEFINITIONAL_REPRESENTATION('',(#5414),#5420);
#5414 = B_SPLINE_CURVE_WITH_KNOTS('',4,(#5415,#5416,#5417,#5418,#5419),
  .UNSPECIFIED.,.F.,.F.,(5,5),(0.,1.),.PIECEWISE_BEZIER_KNOTS.);
#5415 = CARTESIAN_POINT('',(0.333333333333,0.));
#5416 = CARTESIAN_POINT('',(0.333333333333,0.249999999924));
#5417 = CARTESIAN_POINT('',(0.333333333333,0.5));
#5418 = CARTESIAN_POINT('',(0.333333333333,0.750000000076));
#5419 = CARTESIAN_POINT('',(0.333333333333,1.));
#5420 = ( GEOMETRIC_REPRESENTATION_CONTEXT(2) 
PARAMETRIC_REPRESENTATION_CONTEXT() REPRESENTATION_CONTEXT('2D SPACE',''
  ) );
#5421 = ORIENTED_EDGE('',*,*,#5422,.F.);
#5422 = EDGE_CURVE('',#4988,#5373,#5423,.T.);
#5423 = SURFACE_CURVE('',#5424,(#5430,#5439),.PCURVE_S1.);
#5424 = B_SPLINE_CURVE_WITH_KNOTS('',4,(#5425,#5426,#5427,#5428,#5429),
  .UNSPECIFIED.,.F.,.F.,(5,5),(0.,1.),.PIECEWISE_BEZIER_KNOTS.);
#5425 = CARTESIAN_POINT('',(65.863244342987,7.5,-8.079551657391));
#5426 = CARTESIAN_POINT('',(66.02243325724,7.5,-8.384663743043));
#5427 = CARTESIAN_POINT('',(66.181622171493,7.5,-8.689775828696));
#5428 = CARTESIAN_POINT('',(66.340811085747,7.5,-8.994887914348));
#5429 = CARTESIAN_POINT('',(66.5,7.5,-9.3));
#5430 = PCURVE('',#2737,#5431);
#5431 = DEFINITIONAL_REPRESENTATION('',(#5432),#5438);
#5432 = B_SPLINE_CURVE_WITH_KNOTS('',4,(#5433,#5434,#5435,#5436,#5437),
  .UNSPECIFIED.,.F.,.F.,(5,5),(0.,1.),.PIECEWISE_BEZIER_KNOTS.);
#5433 = CARTESIAN_POINT('',(0.530629714178,0.941176470608));
#5434 = CARTESIAN_POINT('',(0.397972285633,0.94117647061));
#5435 = CARTESIAN_POINT('',(0.265314857089,0.9411764706));
#5436 = CARTESIAN_POINT('',(0.132657428544,0.941176470588));
#5437 = CARTESIAN_POINT('',(0.,0.941176470588));
#5438 = ( GEOMETRIC_REPRESENTATION_CONTEXT(2) 
PARAMETRIC_REPRESENTATION_CONTEXT() REPRESENTATION_CONTEXT('2D SPACE',''
  ) );
#5439 = PCURVE('',#5075,#5440);
#5440 = DEFINITIONAL_REPRESENTATION('',(#5441),#5447);
#5441 = B_SPLINE_CURVE_WITH_KNOTS('',4,(#5442,#5443,#5444,#5445,#5446),
  .UNSPECIFIED.,.F.,.F.,(5,5),(0.,1.),.PIECEWISE_BEZIER_KNOTS.);
#5442 = CARTESIAN_POINT('',(0.502020374264,0.633324448696));
#5443 = CARTESIAN_POINT('',(0.629675291193,0.952915933901));
#5444 = CARTESIAN_POINT('',(0.757330208123,1.272507419107));
#5445 = CARTESIAN_POINT('',(0.884985125053,1.592098904312));
#5446 = CARTESIAN_POINT('',(1.012640041982,1.911690389518));
#5447 = ( GEOMETRIC_REPRESENTATION_CONTEXT(2) 
PARAMETRIC_REPRESENTATION_CONTEXT() REPRESENTATION_CONTEXT('2D SPACE',''
  ) );
#5448 = ORIENTED_EDGE('',*,*,#4987,.F.);
#5449 = ORIENTED_EDGE('',*,*,#2719,.F.);
#5450 = ORIENTED_EDGE('',*,*,#5451,.F.);
#5451 = EDGE_CURVE('',#5272,#2674,#5452,.T.);
#5452 = SURFACE_CURVE('',#5453,(#5459,#5466),.PCURVE_S1.);
#5453 = B_SPLINE_CURVE_WITH_KNOTS('',3,(#5454,#5455,#5456,#5457,#5458),
  .UNSPECIFIED.,.F.,.F.,(4,1,4),(0.,0.5,1.),.QUASI_UNIFORM_KNOTS.);
#5454 = CARTESIAN_POINT('',(66.5,8.5,-9.3));
#5455 = CARTESIAN_POINT('',(66.3,8.5,-8.916666666667));
#5456 = CARTESIAN_POINT('',(65.9,8.5,-8.15));
#5457 = CARTESIAN_POINT('',(65.5,8.5,-7.383333333333));
#5458 = CARTESIAN_POINT('',(65.3,8.5,-7.));
#5459 = PCURVE('',#2737,#5460);
#5460 = DEFINITIONAL_REPRESENTATION('',(#5461),#5465);
#5461 = LINE('',#5462,#5463);
#5462 = CARTESIAN_POINT('',(0.,1.));
#5463 = VECTOR('',#5464,1.);
#5464 = DIRECTION('',(1.,0.));
#5465 = ( GEOMETRIC_REPRESENTATION_CONTEXT(2) 
PARAMETRIC_REPRESENTATION_CONTEXT() REPRESENTATION_CONTEXT('2D SPACE',''
  ) );
#5466 = PCURVE('',#2701,#5467);
#5467 = DEFINITIONAL_REPRESENTATION('',(#5468),#5474);
#5468 = B_SPLINE_CURVE_WITH_KNOTS('',3,(#5469,#5470,#5471,#5472,#5473),
  .UNSPECIFIED.,.F.,.F.,(4,1,4),(0.,0.5,1.),.QUASI_UNIFORM_KNOTS.);
#5469 = CARTESIAN_POINT('',(0.91393133092,2.42790640725));
#5470 = CARTESIAN_POINT('',(0.761609442433,2.023255339375));
#5471 = CARTESIAN_POINT('',(0.45696566546,1.213953203625));
#5472 = CARTESIAN_POINT('',(0.152321888487,0.404651067875));
#5473 = CARTESIAN_POINT('',(0.,0.));
#5474 = ( GEOMETRIC_REPRESENTATION_CONTEXT(2) 
PARAMETRIC_REPRESENTATION_CONTEXT() REPRESENTATION_CONTEXT('2D SPACE',''
  ) );
#5475 = ADVANCED_FACE('',(#5476),#2701,.T.);
#5476 = FACE_BOUND('',#5477,.T.);
#5477 = EDGE_LOOP('',(#5478,#5479,#5480,#5536,#5584,#5632,#5680));
#5478 = ORIENTED_EDGE('',*,*,#5451,.T.);
#5479 = ORIENTED_EDGE('',*,*,#2673,.F.);
#5480 = ORIENTED_EDGE('',*,*,#5481,.T.);
#5481 = EDGE_CURVE('',#2605,#5482,#5484,.T.);
#5482 = VERTEX_POINT('',#5483);
#5483 = CARTESIAN_POINT('',(90.,8.5,-4.108823529412));
#5484 = SURFACE_CURVE('',#5485,(#5500,#5518),.PCURVE_S1.);
#5485 = B_SPLINE_CURVE_WITH_KNOTS('',4,(#5486,#5487,#5488,#5489,#5490,
    #5491,#5492,#5493,#5494,#5495,#5496,#5497,#5498,#5499),
  .UNSPECIFIED.,.F.,.F.,(5,3,3,3,5),(0.,0.240803593534,0.458340097362,
    0.753610796334,1.),.UNSPECIFIED.);
#5486 = CARTESIAN_POINT('',(72.,8.5,-8.));
#5487 = CARTESIAN_POINT('',(73.084391804647,8.5,-7.765580006937));
#5488 = CARTESIAN_POINT('',(74.168783269506,8.5,-7.531160087327));
#5489 = CARTESIAN_POINT('',(75.253174496323,8.5,-7.296740219177));
#5490 = CARTESIAN_POINT('',(77.317179946354,8.5,-6.850550805715));
#5491 = CARTESIAN_POINT('',(78.296794188592,8.5,-6.63878125629));
#5492 = CARTESIAN_POINT('',(79.276408430392,8.5,-6.427011706959));
#5493 = CARTESIAN_POINT('',(81.585691092501,8.5,-5.927799131474));
#5494 = CARTESIAN_POINT('',(82.915359573276,8.5,-5.640356092248));
#5495 = CARTESIAN_POINT('',(84.245028367496,8.5,-5.352912985262));
#5496 = CARTESIAN_POINT('',(86.684242548366,8.5,-4.825612272633));
#5497 = CARTESIAN_POINT('',(87.793787819672,8.5,-4.585754691924));
#5498 = CARTESIAN_POINT('',(88.90333339493,8.5,-4.345897045508));
#5499 = CARTESIAN_POINT('',(90.012879271335,8.5,-4.106039333991));
#5500 = PCURVE('',#2701,#5501);
#5501 = DEFINITIONAL_REPRESENTATION('',(#5502),#5517);
#5502 = B_SPLINE_CURVE_WITH_KNOTS('',4,(#5503,#5504,#5505,#5506,#5507,
    #5508,#5509,#5510,#5511,#5512,#5513,#5514,#5515,#5516),
  .UNSPECIFIED.,.F.,.F.,(5,3,3,3,5),(0.,0.240803593534,0.458340097362,
    0.753610796334,1.),.UNSPECIFIED.);
#5503 = CARTESIAN_POINT('',(6.530549778414,1.80053314095));
#5504 = CARTESIAN_POINT('',(7.635294922067,1.698569977462));
#5505 = CARTESIAN_POINT('',(8.740039719554,1.596606845924));
#5506 = CARTESIAN_POINT('',(9.844784274532,1.494643736768));
#5507 = CARTESIAN_POINT('',(11.947529783695,1.300569487739));
#5508 = CARTESIAN_POINT('',(12.945530757263,1.208458346075));
#5509 = CARTESIAN_POINT('',(13.943531730383,1.116347204454));
#5510 = CARTESIAN_POINT('',(16.296158147656,0.899210036313));
#5511 = CARTESIAN_POINT('',(17.650783653409,0.774184004109));
#5512 = CARTESIAN_POINT('',(19.005409478491,0.649157942432));
#5513 = CARTESIAN_POINT('',(21.490406145837,0.419803576934));
#5514 = CARTESIAN_POINT('',(22.620776870594,0.315475283959));
#5515 = CARTESIAN_POINT('',(23.751147905007,0.211146962404));
#5516 = CARTESIAN_POINT('',(24.88151924622,0.106818612532));
#5517 = ( GEOMETRIC_REPRESENTATION_CONTEXT(2) 
PARAMETRIC_REPRESENTATION_CONTEXT() REPRESENTATION_CONTEXT('2D SPACE',''
  ) );
#5518 = PCURVE('',#2625,#5519);
#5519 = DEFINITIONAL_REPRESENTATION('',(#5520),#5535);
#5520 = B_SPLINE_CURVE_WITH_KNOTS('',4,(#5521,#5522,#5523,#5524,#5525,
    #5526,#5527,#5528,#5529,#5530,#5531,#5532,#5533,#5534),
  .UNSPECIFIED.,.F.,.F.,(5,3,3,3,5),(0.,0.240803593534,0.458340097362,
    0.753610796334,1.),.UNSPECIFIED.);
#5521 = CARTESIAN_POINT('',(1.,0.514097810881));
#5522 = CARTESIAN_POINT('',(0.996529195781,0.521846463112));
#5523 = CARTESIAN_POINT('',(0.99294748896,0.529595112916));
#5524 = CARTESIAN_POINT('',(0.989292584652,0.537343761018));
#5525 = CARTESIAN_POINT('',(0.982270454969,0.552092360526));
#5526 = CARTESIAN_POINT('',(0.978909313013,0.559092312067));
#5527 = CARTESIAN_POINT('',(0.975548071166,0.566092263605));
#5528 = CARTESIAN_POINT('',(0.967677243702,0.58259352097));
#5529 = CARTESIAN_POINT('',(0.963186353382,0.592094827229));
#5530 = CARTESIAN_POINT('',(0.958792058435,0.601596135728));
#5531 = CARTESIAN_POINT('',(0.950958954857,0.619025834407));
#5532 = CARTESIAN_POINT('',(0.947482467803,0.626954223764));
#5533 = CARTESIAN_POINT('',(0.944108431028,0.634882615293));
#5534 = CARTESIAN_POINT('',(0.940841568832,0.642811008973));
#5535 = ( GEOMETRIC_REPRESENTATION_CONTEXT(2) 
PARAMETRIC_REPRESENTATION_CONTEXT() REPRESENTATION_CONTEXT('2D SPACE',''
  ) );
#5536 = ORIENTED_EDGE('',*,*,#5537,.T.);
#5537 = EDGE_CURVE('',#5482,#5538,#5540,.T.);
#5538 = VERTEX_POINT('',#5539);
#5539 = CARTESIAN_POINT('',(90.,8.5,-8.3));
#5540 = SURFACE_CURVE('',#5541,(#5547,#5556),.PCURVE_S1.);
#5541 = B_SPLINE_CURVE_WITH_KNOTS('',3,(#5542,#5543,#5544,#5545,#5546),
  .UNSPECIFIED.,.F.,.F.,(4,1,4),(0.,0.5,1.),.QUASI_UNIFORM_KNOTS.);
#5542 = CARTESIAN_POINT('',(90.,8.5,-4.));
#5543 = CARTESIAN_POINT('',(90.,8.5,-4.716666666667));
#5544 = CARTESIAN_POINT('',(90.,8.5,-6.15));
#5545 = CARTESIAN_POINT('',(90.,8.5,-7.583333333333));
#5546 = CARTESIAN_POINT('',(90.,8.5,-8.3));
#5547 = PCURVE('',#2701,#5548);
#5548 = DEFINITIONAL_REPRESENTATION('',(#5549),#5555);
#5549 = B_SPLINE_CURVE_WITH_KNOTS('',3,(#5550,#5551,#5552,#5553,#5554),
  .UNSPECIFIED.,.F.,.F.,(4,1,4),(0.,0.5,1.),.QUASI_UNIFORM_KNOTS.);
#5550 = CARTESIAN_POINT('',(24.88151924622,1.7763568394E-15));
#5551 = CARTESIAN_POINT('',(24.795109731643,0.711438336683));
#5552 = CARTESIAN_POINT('',(24.622290702489,2.134315010048));
#5553 = CARTESIAN_POINT('',(24.449471673336,3.557191683413));
#5554 = CARTESIAN_POINT('',(24.363062158759,4.268630020096));
#5555 = ( GEOMETRIC_REPRESENTATION_CONTEXT(2) 
PARAMETRIC_REPRESENTATION_CONTEXT() REPRESENTATION_CONTEXT('2D SPACE',''
  ) );
#5556 = PCURVE('',#5557,#5578);
#5557 = B_SPLINE_SURFACE_WITH_KNOTS('',3,3,(
    (#5558,#5559,#5560,#5561)
    ,(#5562,#5563,#5564,#5565)
    ,(#5566,#5567,#5568,#5569)
    ,(#5570,#5571,#5572,#5573)
    ,(#5574,#5575,#5576,#5577
  )),.UNSPECIFIED.,.F.,.F.,.F.,(4,1,4),(4,4),(0.,0.5,1.),(0.,1.),
  .UNSPECIFIED.);
#5558 = CARTESIAN_POINT('',(90.,-8.5,-4.));
#5559 = CARTESIAN_POINT('',(90.,-2.833333333333,-4.));
#5560 = CARTESIAN_POINT('',(90.,2.833333333333,-4.));
#5561 = CARTESIAN_POINT('',(90.,8.5,-4.));
#5562 = CARTESIAN_POINT('',(90.,-8.5,-4.716666666667));
#5563 = CARTESIAN_POINT('',(90.,-2.833333333333,-4.716666666667));
#5564 = CARTESIAN_POINT('',(90.,2.833333333333,-4.716666666667));
#5565 = CARTESIAN_POINT('',(90.,8.5,-4.716666666667));
#5566 = CARTESIAN_POINT('',(90.,-8.5,-6.15));
#5567 = CARTESIAN_POINT('',(90.,-2.833333328631,-6.15));
#5568 = CARTESIAN_POINT('',(90.,2.833333328631,-6.15));
#5569 = CARTESIAN_POINT('',(90.,8.5,-6.15));
#5570 = CARTESIAN_POINT('',(90.,-8.5,-7.583333333333));
#5571 = CARTESIAN_POINT('',(90.,-2.833333333333,-7.583333333333));
#5572 = CARTESIAN_POINT('',(90.,2.833333333333,-7.583333333333));
#5573 = CARTESIAN_POINT('',(90.,8.5,-7.583333333333));
#5574 = CARTESIAN_POINT('',(90.,-8.5,-8.3));
#5575 = CARTESIAN_POINT('',(90.,-2.833333333333,-8.3));
#5576 = CARTESIAN_POINT('',(90.,2.833333333333,-8.3));
#5577 = CARTESIAN_POINT('',(90.,8.5,-8.3));
#5578 = DEFINITIONAL_REPRESENTATION('',(#5579),#5583);
#5579 = LINE('',#5580,#5581);
#5580 = CARTESIAN_POINT('',(0.,1.));
#5581 = VECTOR('',#5582,1.);
#5582 = DIRECTION('',(1.,0.));
#5583 = ( GEOMETRIC_REPRESENTATION_CONTEXT(2) 
PARAMETRIC_REPRESENTATION_CONTEXT() REPRESENTATION_CONTEXT('2D SPACE',''
  ) );
#5584 = ORIENTED_EDGE('',*,*,#5585,.T.);
#5585 = EDGE_CURVE('',#5538,#5586,#5588,.T.);
#5586 = VERTEX_POINT('',#5587);
#5587 = CARTESIAN_POINT('',(85.5,8.5,-9.8));
#5588 = SURFACE_CURVE('',#5589,(#5595,#5604),.PCURVE_S1.);
#5589 = B_SPLINE_CURVE_WITH_KNOTS('',3,(#5590,#5591,#5592,#5593,#5594),
  .UNSPECIFIED.,.F.,.F.,(4,1,4),(0.,0.5,1.),.QUASI_UNIFORM_KNOTS.);
#5590 = CARTESIAN_POINT('',(90.,8.5,-8.3));
#5591 = CARTESIAN_POINT('',(89.25,8.5,-8.55));
#5592 = CARTESIAN_POINT('',(87.75,8.5,-9.05));
#5593 = CARTESIAN_POINT('',(86.25,8.5,-9.55));
#5594 = CARTESIAN_POINT('',(85.5,8.5,-9.8));
#5595 = PCURVE('',#2701,#5596);
#5596 = DEFINITIONAL_REPRESENTATION('',(#5597),#5603);
#5597 = B_SPLINE_CURVE_WITH_KNOTS('',3,(#5598,#5599,#5600,#5601,#5602),
  .UNSPECIFIED.,.F.,.F.,(4,1,4),(0.,0.5,1.),.QUASI_UNIFORM_KNOTS.);
#5598 = CARTESIAN_POINT('',(24.363062158759,4.268630020096));
#5599 = CARTESIAN_POINT('',(23.588390812959,4.426377622288));
#5600 = CARTESIAN_POINT('',(22.039048121361,4.741872826673));
#5601 = CARTESIAN_POINT('',(20.489705429762,5.057368031059));
#5602 = CARTESIAN_POINT('',(19.715034083963,5.215115633251));
#5603 = ( GEOMETRIC_REPRESENTATION_CONTEXT(2) 
PARAMETRIC_REPRESENTATION_CONTEXT() REPRESENTATION_CONTEXT('2D SPACE',''
  ) );
#5604 = PCURVE('',#5605,#5626);
#5605 = B_SPLINE_SURFACE_WITH_KNOTS('',3,3,(
    (#5606,#5607,#5608,#5609)
    ,(#5610,#5611,#5612,#5613)
    ,(#5614,#5615,#5616,#5617)
    ,(#5618,#5619,#5620,#5621)
    ,(#5622,#5623,#5624,#5625
  )),.UNSPECIFIED.,.F.,.F.,.F.,(4,1,4),(4,4),(0.,0.5,1.),(0.,1.),
  .UNSPECIFIED.);
#5606 = CARTESIAN_POINT('',(90.,-8.5,-8.3));
#5607 = CARTESIAN_POINT('',(90.,-2.833333333333,-8.3));
#5608 = CARTESIAN_POINT('',(90.,2.833333333333,-8.3));
#5609 = CARTESIAN_POINT('',(90.,8.5,-8.3));
#5610 = CARTESIAN_POINT('',(89.25,-8.5,-8.55));
#5611 = CARTESIAN_POINT('',(89.25,-2.833333333333,-8.55));
#5612 = CARTESIAN_POINT('',(89.25,2.833333333333,-8.55));
#5613 = CARTESIAN_POINT('',(89.25,8.5,-8.55));
#5614 = CARTESIAN_POINT('',(87.75,-8.5,-9.05));
#5615 = CARTESIAN_POINT('',(87.75,-2.833333328631,-9.05));
#5616 = CARTESIAN_POINT('',(87.75,2.833333328631,-9.05));
#5617 = CARTESIAN_POINT('',(87.75,8.5,-9.05));
#5618 = CARTESIAN_POINT('',(86.25,-8.5,-9.55));
#5619 = CARTESIAN_POINT('',(86.25,-2.833333333333,-9.55));
#5620 = CARTESIAN_POINT('',(86.25,2.833333333333,-9.55));
#5621 = CARTESIAN_POINT('',(86.25,8.5,-9.55));
#5622 = CARTESIAN_POINT('',(85.5,-8.5,-9.8));
#5623 = CARTESIAN_POINT('',(85.5,-2.833333333333,-9.8));
#5624 = CARTESIAN_POINT('',(85.5,2.833333333333,-9.8));
#5625 = CARTESIAN_POINT('',(85.5,8.5,-9.8));
#5626 = DEFINITIONAL_REPRESENTATION('',(#5627),#5631);
#5627 = LINE('',#5628,#5629);
#5628 = CARTESIAN_POINT('',(0.,1.));
#5629 = VECTOR('',#5630,1.);
#5630 = DIRECTION('',(1.,0.));
#5631 = ( GEOMETRIC_REPRESENTATION_CONTEXT(2) 
PARAMETRIC_REPRESENTATION_CONTEXT() REPRESENTATION_CONTEXT('2D SPACE',''
  ) );
#5632 = ORIENTED_EDGE('',*,*,#5633,.T.);
#5633 = EDGE_CURVE('',#5586,#5634,#5636,.T.);
#5634 = VERTEX_POINT('',#5635);
#5635 = CARTESIAN_POINT('',(72.,8.5,-10.3));
#5636 = SURFACE_CURVE('',#5637,(#5643,#5652),.PCURVE_S1.);
#5637 = B_SPLINE_CURVE_WITH_KNOTS('',3,(#5638,#5639,#5640,#5641,#5642),
  .UNSPECIFIED.,.F.,.F.,(4,1,4),(0.,0.5,1.),.QUASI_UNIFORM_KNOTS.);
#5638 = CARTESIAN_POINT('',(85.5,8.5,-9.8));
#5639 = CARTESIAN_POINT('',(83.25,8.5,-9.883333333333));
#5640 = CARTESIAN_POINT('',(78.75,8.5,-10.05));
#5641 = CARTESIAN_POINT('',(74.25,8.5,-10.21666666666));
#5642 = CARTESIAN_POINT('',(72.,8.5,-10.3));
#5643 = PCURVE('',#2701,#5644);
#5644 = DEFINITIONAL_REPRESENTATION('',(#5645),#5651);
#5645 = B_SPLINE_CURVE_WITH_KNOTS('',3,(#5646,#5647,#5648,#5649,#5650),
  .UNSPECIFIED.,.F.,.F.,(4,1,4),(0.,0.5,1.),.QUASI_UNIFORM_KNOTS.);
#5646 = CARTESIAN_POINT('',(19.715034083963,5.215115633251));
#5647 = CARTESIAN_POINT('',(17.471400990357,5.026555335938));
#5648 = CARTESIAN_POINT('',(12.984134803147,4.649434741312));
#5649 = CARTESIAN_POINT('',(8.496868615936,4.272314146686));
#5650 = CARTESIAN_POINT('',(6.25323552233,4.083753849373));
#5651 = ( GEOMETRIC_REPRESENTATION_CONTEXT(2) 
PARAMETRIC_REPRESENTATION_CONTEXT() REPRESENTATION_CONTEXT('2D SPACE',''
  ) );
#5652 = PCURVE('',#5653,#5674);
#5653 = B_SPLINE_SURFACE_WITH_KNOTS('',3,3,(
    (#5654,#5655,#5656,#5657)
    ,(#5658,#5659,#5660,#5661)
    ,(#5662,#5663,#5664,#5665)
    ,(#5666,#5667,#5668,#5669)
    ,(#5670,#5671,#5672,#5673
  )),.UNSPECIFIED.,.F.,.F.,.F.,(4,1,4),(4,4),(0.,0.5,1.),(0.,1.),
  .UNSPECIFIED.);
#5654 = CARTESIAN_POINT('',(85.5,-8.5,-9.8));
#5655 = CARTESIAN_POINT('',(85.5,-2.833333333333,-9.8));
#5656 = CARTESIAN_POINT('',(85.5,2.833333333333,-9.8));
#5657 = CARTESIAN_POINT('',(85.5,8.5,-9.8));
#5658 = CARTESIAN_POINT('',(83.25,-8.5,-9.883333333333));
#5659 = CARTESIAN_POINT('',(83.25,-2.833333333333,-9.883333333333));
#5660 = CARTESIAN_POINT('',(83.25,2.833333333333,-9.883333333333));
#5661 = CARTESIAN_POINT('',(83.25,8.5,-9.883333333333));
#5662 = CARTESIAN_POINT('',(78.75,-8.5,-10.05));
#5663 = CARTESIAN_POINT('',(78.75,-2.833333328631,-10.05));
#5664 = CARTESIAN_POINT('',(78.75,2.833333328631,-10.05));
#5665 = CARTESIAN_POINT('',(78.75,8.5,-10.05));
#5666 = CARTESIAN_POINT('',(74.25,-8.5,-10.21666666666));
#5667 = CARTESIAN_POINT('',(74.25,-2.833333333333,-10.21666666666));
#5668 = CARTESIAN_POINT('',(74.25,2.833333333333,-10.21666666666));
#5669 = CARTESIAN_POINT('',(74.25,8.5,-10.21666666666));
#5670 = CARTESIAN_POINT('',(72.,-8.5,-10.3));
#5671 = CARTESIAN_POINT('',(72.,-2.833333333333,-10.3));
#5672 = CARTESIAN_POINT('',(72.,2.833333333333,-10.3));
#5673 = CARTESIAN_POINT('',(72.,8.5,-10.3));
#5674 = DEFINITIONAL_REPRESENTATION('',(#5675),#5679);
#5675 = LINE('',#5676,#5677);
#5676 = CARTESIAN_POINT('',(0.,1.));
#5677 = VECTOR('',#5678,1.);
#5678 = DIRECTION('',(1.,0.));
#5679 = ( GEOMETRIC_REPRESENTATION_CONTEXT(2) 
PARAMETRIC_REPRESENTATION_CONTEXT() REPRESENTATION_CONTEXT('2D SPACE',''
  ) );
#5680 = ORIENTED_EDGE('',*,*,#5681,.T.);
#5681 = EDGE_CURVE('',#5634,#5272,#5682,.T.);
#5682 = SURFACE_CURVE('',#5683,(#5689,#5698),.PCURVE_S1.);
#5683 = B_SPLINE_CURVE_WITH_KNOTS('',3,(#5684,#5685,#5686,#5687,#5688),
  .UNSPECIFIED.,.F.,.F.,(4,1,4),(0.,0.5,1.),.QUASI_UNIFORM_KNOTS.);
#5684 = CARTESIAN_POINT('',(72.,8.5,-10.3));
#5685 = CARTESIAN_POINT('',(71.083333333333,8.5,-10.13333333333));
#5686 = CARTESIAN_POINT('',(69.25,8.5,-9.8));
#5687 = CARTESIAN_POINT('',(67.416666666667,8.5,-9.466666666667));
#5688 = CARTESIAN_POINT('',(66.5,8.5,-9.3));
#5689 = PCURVE('',#2701,#5690);
#5690 = DEFINITIONAL_REPRESENTATION('',(#5691),#5697);
#5691 = B_SPLINE_CURVE_WITH_KNOTS('',3,(#5692,#5693,#5694,#5695,#5696),
  .UNSPECIFIED.,.F.,.F.,(4,1,4),(0.,0.5,1.),.QUASI_UNIFORM_KNOTS.);
#5692 = CARTESIAN_POINT('',(6.25323552233,4.083753849373));
#5693 = CARTESIAN_POINT('',(5.363351490428,3.807779275686));
#5694 = CARTESIAN_POINT('',(3.583583426625,3.255830128311));
#5695 = CARTESIAN_POINT('',(1.803815362821,2.703880980937));
#5696 = CARTESIAN_POINT('',(0.91393133092,2.42790640725));
#5697 = ( GEOMETRIC_REPRESENTATION_CONTEXT(2) 
PARAMETRIC_REPRESENTATION_CONTEXT() REPRESENTATION_CONTEXT('2D SPACE',''
  ) );
#5698 = PCURVE('',#5288,#5699);
#5699 = DEFINITIONAL_REPRESENTATION('',(#5700),#5704);
#5700 = LINE('',#5701,#5702);
#5701 = CARTESIAN_POINT('',(0.,1.));
#5702 = VECTOR('',#5703,1.);
#5703 = DIRECTION('',(1.,0.));
#5704 = ( GEOMETRIC_REPRESENTATION_CONTEXT(2) 
PARAMETRIC_REPRESENTATION_CONTEXT() REPRESENTATION_CONTEXT('2D SPACE',''
  ) );
#5705 = ADVANCED_FACE('',(#5706),#2625,.T.);
#5706 = FACE_BOUND('',#5707,.T.);
#5707 = EDGE_LOOP('',(#5708,#5709,#5765,#5858,#5859,#5860));
#5708 = ORIENTED_EDGE('',*,*,#4954,.F.);
#5709 = ORIENTED_EDGE('',*,*,#5710,.F.);
#5710 = EDGE_CURVE('',#5711,#4909,#5713,.T.);
#5711 = VERTEX_POINT('',#5712);
#5712 = CARTESIAN_POINT('',(90.,-8.5,-4.108823529412));
#5713 = SURFACE_CURVE('',#5714,(#5729,#5747),.PCURVE_S1.);
#5714 = B_SPLINE_CURVE_WITH_KNOTS('',5,(#5715,#5716,#5717,#5718,#5719,
    #5720,#5721,#5722,#5723,#5724,#5725,#5726,#5727,#5728),
  .UNSPECIFIED.,.F.,.F.,(6,4,4,6),(0.,0.518761548981,0.689679709127,1.),
  .UNSPECIFIED.);
#5715 = CARTESIAN_POINT('',(90.012879271335,-8.5,-4.106039333991));
#5716 = CARTESIAN_POINT('',(88.143999535761,-8.5,-4.510047159181));
#5717 = CARTESIAN_POINT('',(86.275120596342,-8.5,-4.914054812261));
#5718 = CARTESIAN_POINT('',(84.406242474294,-8.5,-5.318062288645));
#5719 = CARTESIAN_POINT('',(82.537365021821,-8.5,-5.722069620283));
#5720 = CARTESIAN_POINT('',(80.052742455005,-8.5,-6.259186557521));
#5721 = CARTESIAN_POINT('',(79.436997073775,-8.5,-6.392296220816));
#5722 = CARTESIAN_POINT('',(78.821251711513,-8.5,-6.525405880011));
#5723 = CARTESIAN_POINT('',(78.205506352989,-8.5,-6.658515538398));
#5724 = CARTESIAN_POINT('',(76.471809075336,-8.5,-7.033300096949));
#5725 = CARTESIAN_POINT('',(75.353857127098,-8.5,-7.274975003407));
#5726 = CARTESIAN_POINT('',(74.23590503319,-8.5,-7.516649941354));
#5727 = CARTESIAN_POINT('',(73.1179526859,-8.5,-7.758324934077));
#5728 = CARTESIAN_POINT('',(72.,-8.5,-8.));
#5729 = PCURVE('',#2625,#5730);
#5730 = DEFINITIONAL_REPRESENTATION('',(#5731),#5746);
#5731 = B_SPLINE_CURVE_WITH_KNOTS('',5,(#5732,#5733,#5734,#5735,#5736,
    #5737,#5738,#5739,#5740,#5741,#5742,#5743,#5744,#5745),
  .UNSPECIFIED.,.F.,.F.,(6,4,4,6),(0.,0.518761548981,0.689679709127,1.),
  .UNSPECIFIED.);
#5732 = CARTESIAN_POINT('',(5.915843116802E-02,0.642811008973));
#5733 = CARTESIAN_POINT('',(5.365584431014E-02,0.629456703757));
#5734 = CARTESIAN_POINT('',(4.786822714751E-02,0.616102404229));
#5735 = CARTESIAN_POINT('',(4.181348329595E-02,0.602748110543));
#5736 = CARTESIAN_POINT('',(3.554997599831E-02,0.58939382164));
#5737 = CARTESIAN_POINT('',(2.710124080958E-02,0.57163965187));
#5738 = CARTESIAN_POINT('',(2.499748869744E-02,0.567239769096));
#5739 = CARTESIAN_POINT('',(2.288793879392E-02,0.562839886457));
#5740 = CARTESIAN_POINT('',(2.0777262183E-02,0.558440003844));
#5741 = CARTESIAN_POINT('',(1.484582273994E-02,0.546051661161));
#5742 = CARTESIAN_POINT('',(1.103433090987E-02,0.538063200881));
#5743 = CARTESIAN_POINT('',(7.266754240103E-03,0.530074739561));
#5744 = CARTESIAN_POINT('',(3.57822226456E-03,0.522086276431));
#5745 = CARTESIAN_POINT('',(0.,0.514097810881));
#5746 = ( GEOMETRIC_REPRESENTATION_CONTEXT(2) 
PARAMETRIC_REPRESENTATION_CONTEXT() REPRESENTATION_CONTEXT('2D SPACE',''
  ) );
#5747 = PCURVE('',#4936,#5748);
#5748 = DEFINITIONAL_REPRESENTATION('',(#5749),#5764);
#5749 = B_SPLINE_CURVE_WITH_KNOTS('',5,(#5750,#5751,#5752,#5753,#5754,
    #5755,#5756,#5757,#5758,#5759,#5760,#5761,#5762,#5763),
  .UNSPECIFIED.,.F.,.F.,(6,4,4,6),(0.,0.518761548981,0.689679709127,1.),
  .UNSPECIFIED.);
#5750 = CARTESIAN_POINT('',(24.88151924622,0.106818612532));
#5751 = CARTESIAN_POINT('',(22.977561836085,0.282545586123));
#5752 = CARTESIAN_POINT('',(21.073605237049,0.458272484853));
#5753 = CARTESIAN_POINT('',(19.169649470725,0.633999306727));
#5754 = CARTESIAN_POINT('',(17.265694386543,0.809726065642));
#5755 = CARTESIAN_POINT('',(14.734437046957,1.043350089634));
#5756 = CARTESIAN_POINT('',(14.107134519655,1.101247379806));
#5757 = CARTESIAN_POINT('',(13.479832011677,1.159144668194));
#5758 = CARTESIAN_POINT('',(12.852529507507,1.21704195623));
#5759 = CARTESIAN_POINT('',(11.086291843367,1.380057997298));
#5760 = CARTESIAN_POINT('',(9.947356653742,1.485176753066));
#5761 = CARTESIAN_POINT('',(8.808421315713,1.590295522531));
#5762 = CARTESIAN_POINT('',(7.669485719547,1.695414315821));
#5763 = CARTESIAN_POINT('',(6.530549778414,1.80053314095));
#5764 = ( GEOMETRIC_REPRESENTATION_CONTEXT(2) 
PARAMETRIC_REPRESENTATION_CONTEXT() REPRESENTATION_CONTEXT('2D SPACE',''
  ) );
#5765 = ORIENTED_EDGE('',*,*,#5766,.T.);
#5766 = EDGE_CURVE('',#5711,#5482,#5767,.T.);
#5767 = SURFACE_CURVE('',#5768,(#5796,#5827),.PCURVE_S1.);
#5768 = B_SPLINE_CURVE_WITH_KNOTS('',6,(#5769,#5770,#5771,#5772,#5773,
    #5774,#5775,#5776,#5777,#5778,#5779,#5780,#5781,#5782,#5783,#5784,
    #5785,#5786,#5787,#5788,#5789,#5790,#5791,#5792,#5793,#5794,#5795),
  .UNSPECIFIED.,.F.,.F.,(7,5,5,5,5,7),(0.,0.240246436229,0.402630828849,
    0.524613355789,0.714990221803,1.),.UNSPECIFIED.);
#5769 = CARTESIAN_POINT('',(90.,-8.5,-4.108823529412));
#5770 = CARTESIAN_POINT('',(90.,-7.819554149536,-4.108823529412));
#5771 = CARTESIAN_POINT('',(90.,-7.139009446462,-4.108823529412));
#5772 = CARTESIAN_POINT('',(90.,-6.458397969664,-4.108823529412));
#5773 = CARTESIAN_POINT('',(90.,-5.777736808891,-4.108823529412));
#5774 = CARTESIAN_POINT('',(90.,-5.097038626701,-4.108823529412));
#5775 = CARTESIAN_POINT('',(90.,-3.956202244739,-4.108823529412));
#5776 = CARTESIAN_POINT('',(90.,-3.496080342035,-4.108823529412));
#5777 = CARTESIAN_POINT('',(90.,-3.035948089113,-4.108823529412));
#5778 = CARTESIAN_POINT('',(90.,-2.575807834363,-4.108823529412));
#5779 = CARTESIAN_POINT('',(90.,-2.11566161015,-4.108823529412));
#5780 = CARTESIAN_POINT('',(90.,-1.309847876059,-4.108823529412));
#5781 = CARTESIAN_POINT('',(90.,-0.964182260081,-4.108823529412));
#5782 = CARTESIAN_POINT('',(90.,-0.618515043781,-4.108823529412));
#5783 = CARTESIAN_POINT('',(90.,-0.272846969452,-4.108823529412));
#5784 = CARTESIAN_POINT('',(90.,7.282123722567E-02,-4.108823529412));
#5785 = CARTESIAN_POINT('',(90.,0.957968756032,-4.108823529412));
#5786 = CARTESIAN_POINT('',(90.,1.497447200077,-4.108823529412));
#5787 = CARTESIAN_POINT('',(90.,2.036921471549,-4.108823529412));
#5788 = CARTESIAN_POINT('',(90.,2.57638873639,-4.108823529412));
#5789 = CARTESIAN_POINT('',(90.,3.115845802367,-4.108823529412));
#5790 = CARTESIAN_POINT('',(90.,4.462879366343,-4.108823529412));
#5791 = CARTESIAN_POINT('',(90.,5.270437135007,-4.108823529412));
#5792 = CARTESIAN_POINT('',(90.,6.077951820459,-4.108823529412));
#5793 = CARTESIAN_POINT('',(90.,6.885404809704,-4.108823529412));
#5794 = CARTESIAN_POINT('',(90.,7.692771637064,-4.108823529412));
#5795 = CARTESIAN_POINT('',(90.,8.5,-4.108823529412));
#5796 = PCURVE('',#2625,#5797);
#5797 = DEFINITIONAL_REPRESENTATION('',(#5798),#5826);
#5798 = B_SPLINE_CURVE_WITH_KNOTS('',6,(#5799,#5800,#5801,#5802,#5803,
    #5804,#5805,#5806,#5807,#5808,#5809,#5810,#5811,#5812,#5813,#5814,
    #5815,#5816,#5817,#5818,#5819,#5820,#5821,#5822,#5823,#5824,#5825),
  .UNSPECIFIED.,.F.,.F.,(7,5,5,5,5,7),(0.,0.240246436229,0.402630828849,
    0.524613355789,0.714990221803,1.),.UNSPECIFIED.);
#5799 = CARTESIAN_POINT('',(5.91205050065E-02,0.642718978589));
#5800 = CARTESIAN_POINT('',(9.905843796068E-02,0.642718978589));
#5801 = CARTESIAN_POINT('',(0.137289353226,0.642718978589));
#5802 = CARTESIAN_POINT('',(0.17431332623,0.642718978589));
#5803 = CARTESIAN_POINT('',(0.210392381087,0.642718978589));
#5804 = CARTESIAN_POINT('',(0.245744313074,0.642718978589));
#5805 = CARTESIAN_POINT('',(0.304047087161,0.642718978589));
#5806 = CARTESIAN_POINT('',(0.327305085849,0.642718978589));
#5807 = CARTESIAN_POINT('',(0.350356804633,0.642718978589));
#5808 = CARTESIAN_POINT('',(0.373247055184,0.642718978589));
#5809 = CARTESIAN_POINT('',(0.396015846491,0.642718978589));
#5810 = CARTESIAN_POINT('',(0.435737560023,0.642718978589));
#5811 = CARTESIAN_POINT('',(0.452728668308,0.642718978589));
#5812 = CARTESIAN_POINT('',(0.46968707804,0.642718978589));
#5813 = CARTESIAN_POINT('',(0.48662789682,0.642718978589));
#5814 = CARTESIAN_POINT('',(0.503565971516,0.642718978589));
#5815 = CARTESIAN_POINT('',(0.546969521365,0.642718978589));
#5816 = CARTESIAN_POINT('',(0.573452236008,0.642718978589));
#5817 = CARTESIAN_POINT('',(0.600020816787,0.642718978589));
#5818 = CARTESIAN_POINT('',(0.626732486146,0.642718978589));
#5819 = CARTESIAN_POINT('',(0.653650002335,0.642718978589));
#5820 = CARTESIAN_POINT('',(0.721562251658,0.642718978589));
#5821 = CARTESIAN_POINT('',(0.762905859988,0.642718978589));
#5822 = CARTESIAN_POINT('',(0.80511609969,0.642718978589));
#5823 = CARTESIAN_POINT('',(0.848522356241,0.642718978589));
#5824 = CARTESIAN_POINT('',(0.893500451638,0.642718978589));
#5825 = CARTESIAN_POINT('',(0.940879494994,0.642718978589));
#5826 = ( GEOMETRIC_REPRESENTATION_CONTEXT(2) 
PARAMETRIC_REPRESENTATION_CONTEXT() REPRESENTATION_CONTEXT('2D SPACE',''
  ) );
#5827 = PCURVE('',#5557,#5828);
#5828 = DEFINITIONAL_REPRESENTATION('',(#5829),#5857);
#5829 = B_SPLINE_CURVE_WITH_KNOTS('',6,(#5830,#5831,#5832,#5833,#5834,
    #5835,#5836,#5837,#5838,#5839,#5840,#5841,#5842,#5843,#5844,#5845,
    #5846,#5847,#5848,#5849,#5850,#5851,#5852,#5853,#5854,#5855,#5856),
  .UNSPECIFIED.,.F.,.F.,(7,5,5,5,5,7),(0.,0.240246436229,0.402630828849,
    0.524613355789,0.714990221803,1.),.UNSPECIFIED.);
#5830 = CARTESIAN_POINT('',(2.530779753762E-02,0.));
#5831 = CARTESIAN_POINT('',(2.530779753762E-02,4.002622649776E-02));
#5832 = CARTESIAN_POINT('',(2.530779753762E-02,8.005826785495E-02));
#5833 = CARTESIAN_POINT('',(2.530779753762E-02,0.120094237078));
#5834 = CARTESIAN_POINT('',(2.530779753762E-02,0.160133128888));
#5835 = CARTESIAN_POINT('',(2.530779753762E-02,0.200174198429));
#5836 = CARTESIAN_POINT('',(2.530779753762E-02,0.267282220897));
#5837 = CARTESIAN_POINT('',(2.530779753762E-02,0.294348215174));
#5838 = CARTESIAN_POINT('',(2.530779753762E-02,0.321414818287));
#5839 = CARTESIAN_POINT('',(2.530779753762E-02,0.348481892096));
#5840 = CARTESIAN_POINT('',(2.530779753762E-02,0.37554931705));
#5841 = CARTESIAN_POINT('',(2.530779753762E-02,0.422950124938));
#5842 = CARTESIAN_POINT('',(2.530779753762E-02,0.443283396466));
#5843 = CARTESIAN_POINT('',(2.530779753762E-02,0.46361676213));
#5844 = CARTESIAN_POINT('',(2.530779753762E-02,0.483950178267));
#5845 = CARTESIAN_POINT('',(2.530779753762E-02,0.50428360219));
#5846 = CARTESIAN_POINT('',(2.530779753762E-02,0.556351103296));
#5847 = CARTESIAN_POINT('',(2.530779753762E-02,0.588085129416));
#5848 = CARTESIAN_POINT('',(2.530779753762E-02,0.619818910091));
#5849 = CARTESIAN_POINT('',(2.530779753762E-02,0.651552278611));
#5850 = CARTESIAN_POINT('',(2.530779753762E-02,0.683285047198));
#5851 = CARTESIAN_POINT('',(2.530779753762E-02,0.762522315668));
#5852 = CARTESIAN_POINT('',(2.530779753762E-02,0.810025713824));
#5853 = CARTESIAN_POINT('',(2.530779753762E-02,0.857526577674));
#5854 = CARTESIAN_POINT('',(2.530779753762E-02,0.905023812336));
#5855 = CARTESIAN_POINT('',(2.530779753762E-02,0.952515978651));
#5856 = CARTESIAN_POINT('',(2.530779753762E-02,1.));
#5857 = ( GEOMETRIC_REPRESENTATION_CONTEXT(2) 
PARAMETRIC_REPRESENTATION_CONTEXT() REPRESENTATION_CONTEXT('2D SPACE',''
  ) );
#5858 = ORIENTED_EDGE('',*,*,#5481,.F.);
#5859 = ORIENTED_EDGE('',*,*,#2604,.T.);
#5860 = ORIENTED_EDGE('',*,*,#2877,.F.);
#5861 = ADVANCED_FACE('',(#5862),#3190,.T.);
#5862 = FACE_BOUND('',#5863,.F.);
#5863 = EDGE_LOOP('',(#5864,#5865,#5866));
#5864 = ORIENTED_EDGE('',*,*,#3233,.T.);
#5865 = ORIENTED_EDGE('',*,*,#3174,.T.);
#5866 = ORIENTED_EDGE('',*,*,#3264,.T.);
#5867 = ADVANCED_FACE('',(#5868),#3359,.F.);
#5868 = FACE_BOUND('',#5869,.T.);
#5869 = EDGE_LOOP('',(#5870,#5871,#5872,#5873));
#5870 = ORIENTED_EDGE('',*,*,#3456,.T.);
#5871 = ORIENTED_EDGE('',*,*,#3578,.T.);
#5872 = ORIENTED_EDGE('',*,*,#3343,.T.);
#5873 = ORIENTED_EDGE('',*,*,#3402,.T.);
#5874 = ADVANCED_FACE('',(#5875),#3654,.F.);
#5875 = FACE_BOUND('',#5876,.T.);
#5876 = EDGE_LOOP('',(#5877,#5878,#5879));
#5877 = ORIENTED_EDGE('',*,*,#3695,.T.);
#5878 = ORIENTED_EDGE('',*,*,#3749,.T.);
#5879 = ORIENTED_EDGE('',*,*,#3636,.T.);
#5880 = ADVANCED_FACE('',(#5881),#4165,.T.);
#5881 = FACE_BOUND('',#5882,.T.);
#5882 = EDGE_LOOP('',(#5883,#5920,#5921,#5972,#5973));
#5883 = ORIENTED_EDGE('',*,*,#5884,.F.);
#5884 = EDGE_CURVE('',#4433,#5885,#5887,.T.);
#5885 = VERTEX_POINT('',#5886);
#5886 = CARTESIAN_POINT('',(126.50928174996,-17.5,7.849813433997));
#5887 = SURFACE_CURVE('',#5888,(#5894,#5907),.PCURVE_S1.);
#5888 = B_SPLINE_CURVE_WITH_KNOTS('',3,(#5889,#5890,#5891,#5892,#5893),
  .UNSPECIFIED.,.F.,.F.,(4,1,4),(0.,0.5,1.),.QUASI_UNIFORM_KNOTS.);
#5889 = CARTESIAN_POINT('',(94.6,-17.5,6.));
#5890 = CARTESIAN_POINT('',(101.5,-17.5,6.4));
#5891 = CARTESIAN_POINT('',(115.3,-17.5,7.2));
#5892 = CARTESIAN_POINT('',(129.1,-17.5,8.));
#5893 = CARTESIAN_POINT('',(136.,-17.5,8.4));
#5894 = PCURVE('',#4165,#5895);
#5895 = DEFINITIONAL_REPRESENTATION('',(#5896),#5906);
#5896 = B_SPLINE_CURVE_WITH_KNOTS('',8,(#5897,#5898,#5899,#5900,#5901,
    #5902,#5903,#5904,#5905),.UNSPECIFIED.,.F.,.F.,(9,9),(0.,
    0.770755597824),.PIECEWISE_BEZIER_KNOTS.);
#5897 = CARTESIAN_POINT('',(0.611069657445,0.675588832559));
#5898 = CARTESIAN_POINT('',(0.632180311763,0.704090284515));
#5899 = CARTESIAN_POINT('',(0.651890786912,0.732591736318));
#5900 = CARTESIAN_POINT('',(0.670667884096,0.761093188579));
#5901 = CARTESIAN_POINT('',(0.688592411687,0.789594639762));
#5902 = CARTESIAN_POINT('',(0.705614553612,0.818096092473));
#5903 = CARTESIAN_POINT('',(0.721584953049,0.846597544114));
#5904 = CARTESIAN_POINT('',(0.736392234137,0.875098996155));
#5905 = CARTESIAN_POINT('',(0.749956055674,0.903600448081));
#5906 = ( GEOMETRIC_REPRESENTATION_CONTEXT(2) 
PARAMETRIC_REPRESENTATION_CONTEXT() REPRESENTATION_CONTEXT('2D SPACE',''
  ) );
#5907 = PCURVE('',#3800,#5908);
#5908 = DEFINITIONAL_REPRESENTATION('',(#5909),#5919);
#5909 = B_SPLINE_CURVE_WITH_KNOTS('',8,(#5910,#5911,#5912,#5913,#5914,
    #5915,#5916,#5917,#5918),.UNSPECIFIED.,.F.,.F.,(9,9),(0.,
    0.770755597824),.PIECEWISE_BEZIER_KNOTS.);
#5910 = CARTESIAN_POINT('',(0.611069657445,0.675588832559));
#5911 = CARTESIAN_POINT('',(0.632180311763,0.704090284515));
#5912 = CARTESIAN_POINT('',(0.651890786912,0.732591736318));
#5913 = CARTESIAN_POINT('',(0.670667884096,0.761093188579));
#5914 = CARTESIAN_POINT('',(0.688592411687,0.789594639762));
#5915 = CARTESIAN_POINT('',(0.705614553612,0.818096092473));
#5916 = CARTESIAN_POINT('',(0.721584953049,0.846597544114));
#5917 = CARTESIAN_POINT('',(0.736392234137,0.875098996155));
#5918 = CARTESIAN_POINT('',(0.749956055674,0.903600448081));
#5919 = ( GEOMETRIC_REPRESENTATION_CONTEXT(2) 
PARAMETRIC_REPRESENTATION_CONTEXT() REPRESENTATION_CONTEXT('2D SPACE',''
  ) );
#5920 = ORIENTED_EDGE('',*,*,#4432,.T.);
#5921 = ORIENTED_EDGE('',*,*,#5922,.T.);
#5922 = EDGE_CURVE('',#4405,#4147,#5923,.T.);
#5923 = SURFACE_CURVE('',#5924,(#5933,#5940),.PCURVE_S1.);
#5924 = B_SPLINE_CURVE_WITH_KNOTS('',3,(#5925,#5926,#5927,#5928,#5929,
    #5930,#5931,#5932),.UNSPECIFIED.,.F.,.F.,(4,1,1,2,4),(0.,
    0.227836592573,0.442835594821,0.514097810881,1.),.UNSPECIFIED.);
#5925 = CARTESIAN_POINT('',(0.,-8.5,0.));
#5926 = CARTESIAN_POINT('',(10.666666666667,-9.833333333333,
    0.575661375661));
#5927 = CARTESIAN_POINT('',(31.495301292007,-12.69461581217,
    1.686271744388));
#5928 = CARTESIAN_POINT('',(55.24104822318,-14.79902822226,
    3.012954569949));
#5929 = CARTESIAN_POINT('',(68.675715949556,-17.5,3.684581133082));
#5930 = CARTESIAN_POINT('',(94.666666666667,-17.5,5.257142857143));
#5931 = CARTESIAN_POINT('',(117.33333333333,-17.5,6.628571428571));
#5932 = CARTESIAN_POINT('',(140.,-17.5,8.));
#5933 = PCURVE('',#4165,#5934);
#5934 = DEFINITIONAL_REPRESENTATION('',(#5935),#5939);
#5935 = LINE('',#5936,#5937);
#5936 = CARTESIAN_POINT('',(1.,0.));
#5937 = VECTOR('',#5938,1.);
#5938 = DIRECTION('',(0.,1.));
#5939 = ( GEOMETRIC_REPRESENTATION_CONTEXT(2) 
PARAMETRIC_REPRESENTATION_CONTEXT() REPRESENTATION_CONTEXT('2D SPACE',''
  ) );
#5940 = PCURVE('',#5941,#5962);
#5941 = B_SPLINE_SURFACE_WITH_KNOTS('',3,3,(
    (#5942,#5943,#5944,#5945)
    ,(#5946,#5947,#5948,#5949)
    ,(#5950,#5951,#5952,#5953)
    ,(#5954,#5955,#5956,#5957)
    ,(#5958,#5959,#5960,#5961
  )),.UNSPECIFIED.,.F.,.F.,.F.,(4,1,4),(4,4),(0.,0.5,1.),(0.,1.),
  .UNSPECIFIED.);
#5942 = CARTESIAN_POINT('',(94.6,-17.5,6.));
#5943 = CARTESIAN_POINT('',(98.,-17.5,5.));
#5944 = CARTESIAN_POINT('',(101.4,-17.5,4.));
#5945 = CARTESIAN_POINT('',(104.8,-17.5,3.));
#5946 = CARTESIAN_POINT('',(101.5,-17.5,6.4));
#5947 = CARTESIAN_POINT('',(102.81111111111,-17.5,5.266666666667));
#5948 = CARTESIAN_POINT('',(104.12222222222,-17.5,4.133333333333));
#5949 = CARTESIAN_POINT('',(105.43333333333,-17.5,3.));
#5950 = CARTESIAN_POINT('',(115.3,-17.5,7.2));
#5951 = CARTESIAN_POINT('',(112.43333332822,-17.5,5.799999997504));
#5952 = CARTESIAN_POINT('',(109.56666667177,-17.5,4.400000002496));
#5953 = CARTESIAN_POINT('',(106.7,-17.5,3.));
#5954 = CARTESIAN_POINT('',(129.1,-17.5,8.));
#5955 = CARTESIAN_POINT('',(122.05555555555,-17.5,6.333333333333));
#5956 = CARTESIAN_POINT('',(115.01111111111,-17.5,4.666666666667));
#5957 = CARTESIAN_POINT('',(107.96666666666,-17.5,3.));
#5958 = CARTESIAN_POINT('',(136.,-17.5,8.4));
#5959 = CARTESIAN_POINT('',(126.86666666666,-17.5,6.6));
#5960 = CARTESIAN_POINT('',(117.73333333333,-17.5,4.8));
#5961 = CARTESIAN_POINT('',(108.6,-17.5,3.));
#5962 = DEFINITIONAL_REPRESENTATION('',(#5963),#5971);
#5963 = B_SPLINE_CURVE_WITH_KNOTS('',6,(#5964,#5965,#5966,#5967,#5968,
    #5969,#5970),.UNSPECIFIED.,.F.,.F.,(7,7),(0.690638661189,
    0.937827389749),.PIECEWISE_BEZIER_KNOTS.);
#5964 = CARTESIAN_POINT('',(2.444662216903E-09,0.206486385935));
#5965 = CARTESIAN_POINT('',(0.173307119833,0.200224509892));
#5966 = CARTESIAN_POINT('',(0.343642920612,0.194160028955));
#5967 = CARTESIAN_POINT('',(0.511278419598,0.188274938616));
#5968 = CARTESIAN_POINT('',(0.676431149321,0.182554787784));
#5969 = CARTESIAN_POINT('',(0.83928552622,0.176987324609));
#5970 = CARTESIAN_POINT('',(0.999999999464,0.171562022833));
#5971 = ( GEOMETRIC_REPRESENTATION_CONTEXT(2) 
PARAMETRIC_REPRESENTATION_CONTEXT() REPRESENTATION_CONTEXT('2D SPACE',''
  ) );
#5972 = ORIENTED_EDGE('',*,*,#4146,.F.);
#5973 = ORIENTED_EDGE('',*,*,#5974,.T.);
#5974 = EDGE_CURVE('',#4034,#5885,#5975,.T.);
#5975 = SURFACE_CURVE('',#5976,(#6003,#6033),.PCURVE_S1.);
#5976 = B_SPLINE_CURVE_WITH_KNOTS('',4,(#5977,#5978,#5979,#5980,#5981,
    #5982,#5983,#5984,#5985,#5986,#5987,#5988,#5989,#5990,#5991,#5992,
    #5993,#5994,#5995,#5996,#5997,#5998,#5999,#6000,#6001,#6002),
  .UNSPECIFIED.,.F.,.F.,(5,3,3,3,3,3,3,3,5),(0.,0.124209868995,
    0.249404489701,0.37460118232,0.499400082678,0.624601193597,
    0.749804441079,0.875009722246,1.),.UNSPECIFIED.);
#5977 = CARTESIAN_POINT('',(139.83333333333,-17.5,8.));
#5978 = CARTESIAN_POINT('',(139.14457170026,-17.5,7.992236389633));
#5979 = CARTESIAN_POINT('',(138.45581268056,-17.5,7.984472808723));
#5980 = CARTESIAN_POINT('',(137.76705666838,-17.5,7.976709261714));
#5981 = CARTESIAN_POINT('',(136.38409073366,-17.5,7.961120692095));
#5982 = CARTESIAN_POINT('',(135.68988086302,-17.5,7.95329567007));
#5983 = CARTESIAN_POINT('',(134.99567465344,-17.5,7.945470689312));
#5984 = CARTESIAN_POINT('',(133.60725844595,-17.5,7.929820685095));
#5985 = CARTESIAN_POINT('',(132.91304844774,-17.5,7.921995661632));
#5986 = CARTESIAN_POINT('',(132.21884248728,-17.5,7.914170683682));
#5987 = CARTESIAN_POINT('',(130.83264448177,-17.5,7.89854568268));
#5988 = CARTESIAN_POINT('',(130.14065241149,-17.5,7.890745659344));
#5989 = CARTESIAN_POINT('',(129.44866447627,-17.5,7.882945682618));
#5990 = CARTESIAN_POINT('',(128.06246660501,-17.5,7.86732068313));
#5991 = CARTESIAN_POINT('',(127.3682566978,-17.5,7.859495660693));
#5992 = CARTESIAN_POINT('',(126.67405085384,-17.5,7.851670684056));
#5993 = CARTESIAN_POINT('',(125.28563522118,-17.5,7.836020686318));
#5994 = CARTESIAN_POINT('',(124.59142543654,-17.5,7.828195665262));
#5995 = CARTESIAN_POINT('',(123.89721949265,-17.5,7.820370687499));
#5996 = CARTESIAN_POINT('',(122.50880381967,-17.5,7.804720689306));
#5997 = CARTESIAN_POINT('',(121.81459409545,-17.5,7.796895668932));
#5998 = CARTESIAN_POINT('',(121.12038802534,-17.5,7.789070689746));
#5999 = CARTESIAN_POINT('',(119.73317531895,-17.5,7.7734342512));
#6000 = CARTESIAN_POINT('',(119.04016867517,-17.5,7.765622791755));
#6001 = CARTESIAN_POINT('',(118.34716571361,-17.5,7.757811373815));
#6002 = CARTESIAN_POINT('',(117.65416666666,-17.5,7.75));
#6003 = PCURVE('',#4165,#6004);
#6004 = DEFINITIONAL_REPRESENTATION('',(#6005),#6032);
#6005 = B_SPLINE_CURVE_WITH_KNOTS('',4,(#6006,#6007,#6008,#6009,#6010,
    #6011,#6012,#6013,#6014,#6015,#6016,#6017,#6018,#6019,#6020,#6021,
    #6022,#6023,#6024,#6025,#6026,#6027,#6028,#6029,#6030,#6031),
  .UNSPECIFIED.,.F.,.F.,(5,3,3,3,3,3,3,3,5),(0.,0.124209868995,
    0.249404489701,0.37460118232,0.499400082678,0.624601193597,
    0.749804441079,0.875009722246,1.),.UNSPECIFIED.);
#6006 = CARTESIAN_POINT('',(0.99663440973,0.998809063262));
#6007 = CARTESIAN_POINT('',(0.985299374053,0.993887434067));
#6008 = CARTESIAN_POINT('',(0.973805163221,0.988965823545));
#6009 = CARTESIAN_POINT('',(0.962131234708,0.984044234515));
#6010 = CARTESIAN_POINT('',(0.93830489125,0.97416208488));
#6011 = CARTESIAN_POINT('',(0.926149393382,0.969201524647));
#6012 = CARTESIAN_POINT('',(0.913785830595,0.964240990574));
#6013 = CARTESIAN_POINT('',(0.888632584513,0.954319895359));
#6014 = CARTESIAN_POINT('',(0.875842846184,0.949359334214));
#6015 = CARTESIAN_POINT('',(0.862835269301,0.944398801922));
#6016 = CARTESIAN_POINT('',(0.836430702352,0.934493557136));
#6017 = CARTESIAN_POINT('',(0.823034983521,0.929548844463));
#6018 = CARTESIAN_POINT('',(0.809427011585,0.924604161337));
#6019 = CARTESIAN_POINT('',(0.781756268863,0.91469891751));
#6020 = CARTESIAN_POINT('',(0.767692022386,0.909738357016));
#6021 = CARTESIAN_POINT('',(0.753428415401,0.904777825556));
#6022 = CARTESIAN_POINT('',(0.724520611458,0.894856734448));
#6023 = CARTESIAN_POINT('',(0.709876222264,0.88989617483));
#6024 = CARTESIAN_POINT('',(0.695050688146,0.884935642655));
#6025 = CARTESIAN_POINT('',(0.665051902807,0.87501455126));
#6026 = CARTESIAN_POINT('',(0.649878454247,0.870053992073));
#6027 = CARTESIAN_POINT('',(0.634538469424,0.865093458997));
#6028 = CARTESIAN_POINT('',(0.603555523526,0.855180963544));
#6029 = CARTESIAN_POINT('',(0.587912947629,0.850229001113));
#6030 = CARTESIAN_POINT('',(0.572107663437,0.845277064994));
#6031 = CARTESIAN_POINT('',(0.556132163401,0.840325156848));
#6032 = ( GEOMETRIC_REPRESENTATION_CONTEXT(2) 
PARAMETRIC_REPRESENTATION_CONTEXT() REPRESENTATION_CONTEXT('2D SPACE',''
  ) );
#6033 = PCURVE('',#4095,#6034);
#6034 = DEFINITIONAL_REPRESENTATION('',(#6035),#6062);
#6035 = B_SPLINE_CURVE_WITH_KNOTS('',4,(#6036,#6037,#6038,#6039,#6040,
    #6041,#6042,#6043,#6044,#6045,#6046,#6047,#6048,#6049,#6050,#6051,
    #6052,#6053,#6054,#6055,#6056,#6057,#6058,#6059,#6060,#6061),
  .UNSPECIFIED.,.F.,.F.,(5,3,3,3,3,3,3,3,5),(0.,0.124209868995,
    0.249404489701,0.37460118232,0.499400082678,0.624601193597,
    0.749804441079,0.875009722246,1.),.UNSPECIFIED.);
#6036 = CARTESIAN_POINT('',(0.,0.416666666667));
#6037 = CARTESIAN_POINT('',(3.10544414684E-02,0.416666666667));
#6038 = CARTESIAN_POINT('',(6.210876510656E-02,0.416666666666));
#6039 = CARTESIAN_POINT('',(9.316295314401E-02,0.416666666666));
#6040 = CARTESIAN_POINT('',(0.15551723162,0.416666666664));
#6041 = CARTESIAN_POINT('',(0.186817319719,0.416666666664));
#6042 = CARTESIAN_POINT('',(0.218117242751,0.416666666663));
#6043 = CARTESIAN_POINT('',(0.28071725962,0.416666666661));
#6044 = CARTESIAN_POINT('',(0.312017353472,0.41666666666));
#6045 = CARTESIAN_POINT('',(0.343317265272,0.416666666659));
#6046 = CARTESIAN_POINT('',(0.405817269278,0.416666666657));
#6047 = CARTESIAN_POINT('',(0.437017362622,0.416666666657));
#6048 = CARTESIAN_POINT('',(0.468217269527,0.416666666657));
#6049 = CARTESIAN_POINT('',(0.530717267481,0.416666666657));
#6050 = CARTESIAN_POINT('',(0.56201735723,0.416666666657));
#6051 = CARTESIAN_POINT('',(0.593317263777,0.416666666657));
#6052 = CARTESIAN_POINT('',(0.65591725473,0.416666666659));
#6053 = CARTESIAN_POINT('',(0.687217338952,0.41666666666));
#6054 = CARTESIAN_POINT('',(0.718517250004,0.416666666661));
#6055 = CARTESIAN_POINT('',(0.781117242774,0.416666666663));
#6056 = CARTESIAN_POINT('',(0.812417324272,0.416666666664));
#6057 = CARTESIAN_POINT('',(0.843717241015,0.416666666664));
#6058 = CARTESIAN_POINT('',(0.906262995201,0.416666666666));
#6059 = CARTESIAN_POINT('',(0.937508832981,0.416666666666));
#6060 = CARTESIAN_POINT('',(0.96875450474,0.416666666667));
#6061 = CARTESIAN_POINT('',(1.,0.416666666667));
#6062 = ( GEOMETRIC_REPRESENTATION_CONTEXT(2) 
PARAMETRIC_REPRESENTATION_CONTEXT() REPRESENTATION_CONTEXT('2D SPACE',''
  ) );
#6063 = ADVANCED_FACE('',(#6064),#4095,.T.);
#6064 = FACE_BOUND('',#6065,.T.);
#6065 = EDGE_LOOP('',(#6066,#6090,#6122,#6167,#6257,#6258));
#6066 = ORIENTED_EDGE('',*,*,#6067,.F.);
#6067 = EDGE_CURVE('',#6068,#3921,#6070,.T.);
#6068 = VERTEX_POINT('',#6069);
#6069 = CARTESIAN_POINT('',(144.,-30.,8.));
#6070 = SURFACE_CURVE('',#6071,(#6076,#6083),.PCURVE_S1.);
#6071 = B_SPLINE_CURVE_WITH_KNOTS('',3,(#6072,#6073,#6074,#6075),
  .UNSPECIFIED.,.F.,.F.,(4,4),(0.,1.),.PIECEWISE_BEZIER_KNOTS.);
#6072 = CARTESIAN_POINT('',(144.,-30.,8.));
#6073 = CARTESIAN_POINT('',(140.66666666666,-20.,8.));
#6074 = CARTESIAN_POINT('',(137.33333333333,-10.,8.));
#6075 = CARTESIAN_POINT('',(134.,0.,8.));
#6076 = PCURVE('',#4095,#6077);
#6077 = DEFINITIONAL_REPRESENTATION('',(#6078),#6082);
#6078 = LINE('',#6079,#6080);
#6079 = CARTESIAN_POINT('',(0.,0.));
#6080 = VECTOR('',#6081,1.);
#6081 = DIRECTION('',(0.,1.));
#6082 = ( GEOMETRIC_REPRESENTATION_CONTEXT(2) 
PARAMETRIC_REPRESENTATION_CONTEXT() REPRESENTATION_CONTEXT('2D SPACE',''
  ) );
#6083 = PCURVE('',#3982,#6084);
#6084 = DEFINITIONAL_REPRESENTATION('',(#6085),#6089);
#6085 = LINE('',#6086,#6087);
#6086 = CARTESIAN_POINT('',(1.,0.));
#6087 = VECTOR('',#6088,1.);
#6088 = DIRECTION('',(0.,1.));
#6089 = ( GEOMETRIC_REPRESENTATION_CONTEXT(2) 
PARAMETRIC_REPRESENTATION_CONTEXT() REPRESENTATION_CONTEXT('2D SPACE',''
  ) );
#6090 = ORIENTED_EDGE('',*,*,#6091,.T.);
#6091 = EDGE_CURVE('',#6068,#6092,#6094,.T.);
#6092 = VERTEX_POINT('',#6093);
#6093 = CARTESIAN_POINT('',(135.5,-30.,7.75));
#6094 = SURFACE_CURVE('',#6095,(#6101,#6108),.PCURVE_S1.);
#6095 = B_SPLINE_CURVE_WITH_KNOTS('',3,(#6096,#6097,#6098,#6099,#6100),
  .UNSPECIFIED.,.F.,.F.,(4,1,4),(0.,0.5,1.),.QUASI_UNIFORM_KNOTS.);
#6096 = CARTESIAN_POINT('',(144.,-30.,8.));
#6097 = CARTESIAN_POINT('',(142.58333333333,-30.,7.958333333333));
#6098 = CARTESIAN_POINT('',(139.75,-30.,7.875));
#6099 = CARTESIAN_POINT('',(136.91666666666,-30.,7.791666666667));
#6100 = CARTESIAN_POINT('',(135.5,-30.,7.75));
#6101 = PCURVE('',#4095,#6102);
#6102 = DEFINITIONAL_REPRESENTATION('',(#6103),#6107);
#6103 = LINE('',#6104,#6105);
#6104 = CARTESIAN_POINT('',(0.,0.));
#6105 = VECTOR('',#6106,1.);
#6106 = DIRECTION('',(1.,0.));
#6107 = ( GEOMETRIC_REPRESENTATION_CONTEXT(2) 
PARAMETRIC_REPRESENTATION_CONTEXT() REPRESENTATION_CONTEXT('2D SPACE',''
  ) );
#6108 = PCURVE('',#6109,#6114);
#6109 = PLANE('',#6110);
#6110 = AXIS2_PLACEMENT_3D('',#6111,#6112,#6113);
#6111 = CARTESIAN_POINT('',(129.4,-30.,8.));
#6112 = DIRECTION('',(0.,-1.,0.));
#6113 = DIRECTION('',(1.,0.,0.));
#6114 = DEFINITIONAL_REPRESENTATION('',(#6115),#6121);
#6115 = B_SPLINE_CURVE_WITH_KNOTS('',3,(#6116,#6117,#6118,#6119,#6120),
  .UNSPECIFIED.,.F.,.F.,(4,1,4),(0.,0.5,1.),.QUASI_UNIFORM_KNOTS.);
#6116 = CARTESIAN_POINT('',(14.6,0.));
#6117 = CARTESIAN_POINT('',(13.183333333333,-4.166666666667E-02));
#6118 = CARTESIAN_POINT('',(10.35,-0.125));
#6119 = CARTESIAN_POINT('',(7.516666666667,-0.208333333333));
#6120 = CARTESIAN_POINT('',(6.1,-0.25));
#6121 = ( GEOMETRIC_REPRESENTATION_CONTEXT(2) 
PARAMETRIC_REPRESENTATION_CONTEXT() REPRESENTATION_CONTEXT('2D SPACE',''
  ) );
#6122 = ORIENTED_EDGE('',*,*,#6123,.T.);
#6123 = EDGE_CURVE('',#6092,#6124,#6126,.T.);
#6124 = VERTEX_POINT('',#6125);
#6125 = CARTESIAN_POINT('',(117.65416666666,-17.5,7.75));
#6126 = SURFACE_CURVE('',#6127,(#6132,#6139),.PCURVE_S1.);
#6127 = B_SPLINE_CURVE_WITH_KNOTS('',3,(#6128,#6129,#6130,#6131),
  .UNSPECIFIED.,.F.,.F.,(4,4),(0.,1.),.PIECEWISE_BEZIER_KNOTS.);
#6128 = CARTESIAN_POINT('',(135.5,-30.,7.75));
#6129 = CARTESIAN_POINT('',(121.22333333333,-20.,7.75));
#6130 = CARTESIAN_POINT('',(106.94666666666,-10.,7.75));
#6131 = CARTESIAN_POINT('',(92.67,0.,7.75));
#6132 = PCURVE('',#4095,#6133);
#6133 = DEFINITIONAL_REPRESENTATION('',(#6134),#6138);
#6134 = LINE('',#6135,#6136);
#6135 = CARTESIAN_POINT('',(1.,0.));
#6136 = VECTOR('',#6137,1.);
#6137 = DIRECTION('',(0.,1.));
#6138 = ( GEOMETRIC_REPRESENTATION_CONTEXT(2) 
PARAMETRIC_REPRESENTATION_CONTEXT() REPRESENTATION_CONTEXT('2D SPACE',''
  ) );
#6139 = PCURVE('',#6140,#6161);
#6140 = B_SPLINE_SURFACE_WITH_KNOTS('',3,3,(
    (#6141,#6142,#6143,#6144)
    ,(#6145,#6146,#6147,#6148)
    ,(#6149,#6150,#6151,#6152)
    ,(#6153,#6154,#6155,#6156)
    ,(#6157,#6158,#6159,#6160
  )),.UNSPECIFIED.,.F.,.F.,.F.,(4,1,4),(4,4),(0.,0.5,1.),(0.,1.),
  .UNSPECIFIED.);
#6141 = CARTESIAN_POINT('',(135.5,-30.,7.75));
#6142 = CARTESIAN_POINT('',(121.22333333333,-20.,7.75));
#6143 = CARTESIAN_POINT('',(106.94666666666,-10.,7.75));
#6144 = CARTESIAN_POINT('',(92.67,0.,7.75));
#6145 = CARTESIAN_POINT('',(134.48333333333,-30.,7.791666666667));
#6146 = CARTESIAN_POINT('',(119.84166666666,-20.,7.791666666667));
#6147 = CARTESIAN_POINT('',(105.2,-10.,7.791666666667));
#6148 = CARTESIAN_POINT('',(90.558333333333,0.,7.791666666667));
#6149 = CARTESIAN_POINT('',(132.45,-30.,7.875));
#6150 = CARTESIAN_POINT('',(117.07833332873,-19.999999997,7.875));
#6151 = CARTESIAN_POINT('',(101.70666667126,-10.00000000299,7.875));
#6152 = CARTESIAN_POINT('',(86.335,0.,7.875));
#6153 = CARTESIAN_POINT('',(130.41666666666,-30.,7.958333333333));
#6154 = CARTESIAN_POINT('',(114.315,-20.,7.958333333333));
#6155 = CARTESIAN_POINT('',(98.213333333333,-10.,7.958333333333));
#6156 = CARTESIAN_POINT('',(82.111666666667,0.,7.958333333333));
#6157 = CARTESIAN_POINT('',(129.4,-30.,8.));
#6158 = CARTESIAN_POINT('',(112.93333333333,-20.,8.));
#6159 = CARTESIAN_POINT('',(96.466666666667,-10.,8.));
#6160 = CARTESIAN_POINT('',(80.,0.,8.));
#6161 = DEFINITIONAL_REPRESENTATION('',(#6162),#6166);
#6162 = LINE('',#6163,#6164);
#6163 = CARTESIAN_POINT('',(0.,0.));
#6164 = VECTOR('',#6165,1.);
#6165 = DIRECTION('',(0.,1.));
#6166 = ( GEOMETRIC_REPRESENTATION_CONTEXT(2) 
PARAMETRIC_REPRESENTATION_CONTEXT() REPRESENTATION_CONTEXT('2D SPACE',''
  ) );
#6167 = ORIENTED_EDGE('',*,*,#6168,.F.);
#6168 = EDGE_CURVE('',#5885,#6124,#6169,.T.);
#6169 = SURFACE_CURVE('',#6170,(#6197,#6227),.PCURVE_S1.);
#6170 = B_SPLINE_CURVE_WITH_KNOTS('',4,(#6171,#6172,#6173,#6174,#6175,
    #6176,#6177,#6178,#6179,#6180,#6181,#6182,#6183,#6184,#6185,#6186,
    #6187,#6188,#6189,#6190,#6191,#6192,#6193,#6194,#6195,#6196),
  .UNSPECIFIED.,.F.,.F.,(5,3,3,3,3,3,3,3,5),(0.,0.124209868995,
    0.249404489701,0.37460118232,0.499400082678,0.624601193597,
    0.749804441079,0.875009722246,1.),.UNSPECIFIED.);
#6171 = CARTESIAN_POINT('',(139.83333333333,-17.5,8.));
#6172 = CARTESIAN_POINT('',(139.14457170026,-17.5,7.992236389633));
#6173 = CARTESIAN_POINT('',(138.45581268056,-17.5,7.984472808723));
#6174 = CARTESIAN_POINT('',(137.76705666838,-17.5,7.976709261714));
#6175 = CARTESIAN_POINT('',(136.38409073366,-17.5,7.961120692095));
#6176 = CARTESIAN_POINT('',(135.68988086302,-17.5,7.95329567007));
#6177 = CARTESIAN_POINT('',(134.99567465344,-17.5,7.945470689312));
#6178 = CARTESIAN_POINT('',(133.60725844595,-17.5,7.929820685095));
#6179 = CARTESIAN_POINT('',(132.91304844774,-17.5,7.921995661632));
#6180 = CARTESIAN_POINT('',(132.21884248728,-17.5,7.914170683682));
#6181 = CARTESIAN_POINT('',(130.83264448177,-17.5,7.89854568268));
#6182 = CARTESIAN_POINT('',(130.14065241149,-17.5,7.890745659344));
#6183 = CARTESIAN_POINT('',(129.44866447627,-17.5,7.882945682618));
#6184 = CARTESIAN_POINT('',(128.06246660501,-17.5,7.86732068313));
#6185 = CARTESIAN_POINT('',(127.3682566978,-17.5,7.859495660693));
#6186 = CARTESIAN_POINT('',(126.67405085384,-17.5,7.851670684056));
#6187 = CARTESIAN_POINT('',(125.28563522118,-17.5,7.836020686318));
#6188 = CARTESIAN_POINT('',(124.59142543654,-17.5,7.828195665262));
#6189 = CARTESIAN_POINT('',(123.89721949265,-17.5,7.820370687499));
#6190 = CARTESIAN_POINT('',(122.50880381967,-17.5,7.804720689306));
#6191 = CARTESIAN_POINT('',(121.81459409545,-17.5,7.796895668932));
#6192 = CARTESIAN_POINT('',(121.12038802534,-17.5,7.789070689746));
#6193 = CARTESIAN_POINT('',(119.73317531895,-17.5,7.7734342512));
#6194 = CARTESIAN_POINT('',(119.04016867517,-17.5,7.765622791755));
#6195 = CARTESIAN_POINT('',(118.34716571361,-17.5,7.757811373815));
#6196 = CARTESIAN_POINT('',(117.65416666666,-17.5,7.75));
#6197 = PCURVE('',#4095,#6198);
#6198 = DEFINITIONAL_REPRESENTATION('',(#6199),#6226);
#6199 = B_SPLINE_CURVE_WITH_KNOTS('',4,(#6200,#6201,#6202,#6203,#6204,
    #6205,#6206,#6207,#6208,#6209,#6210,#6211,#6212,#6213,#6214,#6215,
    #6216,#6217,#6218,#6219,#6220,#6221,#6222,#6223,#6224,#6225),
  .UNSPECIFIED.,.F.,.F.,(5,3,3,3,3,3,3,3,5),(0.,0.124209868995,
    0.249404489701,0.37460118232,0.499400082678,0.624601193597,
    0.749804441079,0.875009722246,1.),.UNSPECIFIED.);
#6200 = CARTESIAN_POINT('',(0.,0.416666666667));
#6201 = CARTESIAN_POINT('',(3.10544414684E-02,0.416666666667));
#6202 = CARTESIAN_POINT('',(6.210876510656E-02,0.416666666666));
#6203 = CARTESIAN_POINT('',(9.316295314401E-02,0.416666666666));
#6204 = CARTESIAN_POINT('',(0.15551723162,0.416666666664));
#6205 = CARTESIAN_POINT('',(0.186817319719,0.416666666664));
#6206 = CARTESIAN_POINT('',(0.218117242751,0.416666666663));
#6207 = CARTESIAN_POINT('',(0.28071725962,0.416666666661));
#6208 = CARTESIAN_POINT('',(0.312017353472,0.41666666666));
#6209 = CARTESIAN_POINT('',(0.343317265272,0.416666666659));
#6210 = CARTESIAN_POINT('',(0.405817269278,0.416666666657));
#6211 = CARTESIAN_POINT('',(0.437017362622,0.416666666657));
#6212 = CARTESIAN_POINT('',(0.468217269527,0.416666666657));
#6213 = CARTESIAN_POINT('',(0.530717267481,0.416666666657));
#6214 = CARTESIAN_POINT('',(0.56201735723,0.416666666657));
#6215 = CARTESIAN_POINT('',(0.593317263777,0.416666666657));
#6216 = CARTESIAN_POINT('',(0.65591725473,0.416666666659));
#6217 = CARTESIAN_POINT('',(0.687217338952,0.41666666666));
#6218 = CARTESIAN_POINT('',(0.718517250004,0.416666666661));
#6219 = CARTESIAN_POINT('',(0.781117242774,0.416666666663));
#6220 = CARTESIAN_POINT('',(0.812417324272,0.416666666664));
#6221 = CARTESIAN_POINT('',(0.843717241015,0.416666666664));
#6222 = CARTESIAN_POINT('',(0.906262995201,0.416666666666));
#6223 = CARTESIAN_POINT('',(0.937508832981,0.416666666666));
#6224 = CARTESIAN_POINT('',(0.96875450474,0.416666666667));
#6225 = CARTESIAN_POINT('',(1.,0.416666666667));
#6226 = ( GEOMETRIC_REPRESENTATION_CONTEXT(2) 
PARAMETRIC_REPRESENTATION_CONTEXT() REPRESENTATION_CONTEXT('2D SPACE',''
  ) );
#6227 = PCURVE('',#3800,#6228);
#6228 = DEFINITIONAL_REPRESENTATION('',(#6229),#6256);
#6229 = B_SPLINE_CURVE_WITH_KNOTS('',4,(#6230,#6231,#6232,#6233,#6234,
    #6235,#6236,#6237,#6238,#6239,#6240,#6241,#6242,#6243,#6244,#6245,
    #6246,#6247,#6248,#6249,#6250,#6251,#6252,#6253,#6254,#6255),
  .UNSPECIFIED.,.F.,.F.,(5,3,3,3,3,3,3,3,5),(0.,0.124209868995,
    0.249404489701,0.37460118232,0.499400082678,0.624601193597,
    0.749804441079,0.875009722246,1.),.UNSPECIFIED.);
#6230 = CARTESIAN_POINT('',(0.99663440973,0.998809063262));
#6231 = CARTESIAN_POINT('',(0.985299374053,0.993887434067));
#6232 = CARTESIAN_POINT('',(0.973805163221,0.988965823545));
#6233 = CARTESIAN_POINT('',(0.962131234708,0.984044234515));
#6234 = CARTESIAN_POINT('',(0.93830489125,0.97416208488));
#6235 = CARTESIAN_POINT('',(0.926149393382,0.969201524647));
#6236 = CARTESIAN_POINT('',(0.913785830595,0.964240990574));
#6237 = CARTESIAN_POINT('',(0.888632584513,0.954319895359));
#6238 = CARTESIAN_POINT('',(0.875842846184,0.949359334214));
#6239 = CARTESIAN_POINT('',(0.862835269301,0.944398801922));
#6240 = CARTESIAN_POINT('',(0.836430702352,0.934493557136));
#6241 = CARTESIAN_POINT('',(0.823034983521,0.929548844463));
#6242 = CARTESIAN_POINT('',(0.809427011585,0.924604161337));
#6243 = CARTESIAN_POINT('',(0.781756268863,0.91469891751));
#6244 = CARTESIAN_POINT('',(0.767692022386,0.909738357016));
#6245 = CARTESIAN_POINT('',(0.753428415401,0.904777825556));
#6246 = CARTESIAN_POINT('',(0.724520611458,0.894856734448));
#6247 = CARTESIAN_POINT('',(0.709876222264,0.88989617483));
#6248 = CARTESIAN_POINT('',(0.695050688146,0.884935642655));
#6249 = CARTESIAN_POINT('',(0.665051902807,0.87501455126));
#6250 = CARTESIAN_POINT('',(0.649878454247,0.870053992073));
#6251 = CARTESIAN_POINT('',(0.634538469424,0.865093458997));
#6252 = CARTESIAN_POINT('',(0.603555523526,0.855180963544));
#6253 = CARTESIAN_POINT('',(0.587912947629,0.850229001113));
#6254 = CARTESIAN_POINT('',(0.572107663437,0.845277064994));
#6255 = CARTESIAN_POINT('',(0.556132163401,0.840325156848));
#6256 = ( GEOMETRIC_REPRESENTATION_CONTEXT(2) 
PARAMETRIC_REPRESENTATION_CONTEXT() REPRESENTATION_CONTEXT('2D SPACE',''
  ) );
#6257 = ORIENTED_EDGE('',*,*,#5974,.F.);
#6258 = ORIENTED_EDGE('',*,*,#4033,.F.);
#6259 = ADVANCED_FACE('',(#6260),#3982,.T.);
#6260 = FACE_BOUND('',#6261,.T.);
#6261 = EDGE_LOOP('',(#6262,#6309,#6334,#6335,#6336,#6428));
#6262 = ORIENTED_EDGE('',*,*,#6263,.F.);
#6263 = EDGE_CURVE('',#6264,#6266,#6268,.T.);
#6264 = VERTEX_POINT('',#6265);
#6265 = CARTESIAN_POINT('',(135.5,-30.,8.25));
#6266 = VERTEX_POINT('',#6267);
#6267 = CARTESIAN_POINT('',(117.65416666666,-17.5,8.25));
#6268 = SURFACE_CURVE('',#6269,(#6274,#6281),.PCURVE_S1.);
#6269 = B_SPLINE_CURVE_WITH_KNOTS('',3,(#6270,#6271,#6272,#6273),
  .UNSPECIFIED.,.F.,.F.,(4,4),(0.,1.),.PIECEWISE_BEZIER_KNOTS.);
#6270 = CARTESIAN_POINT('',(135.5,-30.,8.25));
#6271 = CARTESIAN_POINT('',(121.22333333333,-20.,8.25));
#6272 = CARTESIAN_POINT('',(106.94666666666,-10.,8.25));
#6273 = CARTESIAN_POINT('',(92.67,0.,8.25));
#6274 = PCURVE('',#3982,#6275);
#6275 = DEFINITIONAL_REPRESENTATION('',(#6276),#6280);
#6276 = LINE('',#6277,#6278);
#6277 = CARTESIAN_POINT('',(0.,0.));
#6278 = VECTOR('',#6279,1.);
#6279 = DIRECTION('',(0.,1.));
#6280 = ( GEOMETRIC_REPRESENTATION_CONTEXT(2) 
PARAMETRIC_REPRESENTATION_CONTEXT() REPRESENTATION_CONTEXT('2D SPACE',''
  ) );
#6281 = PCURVE('',#6282,#6303);
#6282 = B_SPLINE_SURFACE_WITH_KNOTS('',3,3,(
    (#6283,#6284,#6285,#6286)
    ,(#6287,#6288,#6289,#6290)
    ,(#6291,#6292,#6293,#6294)
    ,(#6295,#6296,#6297,#6298)
    ,(#6299,#6300,#6301,#6302
  )),.UNSPECIFIED.,.F.,.F.,.F.,(4,1,4),(4,4),(0.,0.5,1.),(0.,1.),
  .UNSPECIFIED.);
#6283 = CARTESIAN_POINT('',(129.4,-30.,8.));
#6284 = CARTESIAN_POINT('',(112.93333333333,-20.,8.));
#6285 = CARTESIAN_POINT('',(96.466666666667,-10.,8.));
#6286 = CARTESIAN_POINT('',(80.,0.,8.));
#6287 = CARTESIAN_POINT('',(130.41666666666,-30.,8.041666666667));
#6288 = CARTESIAN_POINT('',(114.315,-20.,8.041666666667));
#6289 = CARTESIAN_POINT('',(98.213333333333,-10.,8.041666666667));
#6290 = CARTESIAN_POINT('',(82.111666666667,0.,8.041666666667));
#6291 = CARTESIAN_POINT('',(132.45,-30.,8.125));
#6292 = CARTESIAN_POINT('',(117.07833332873,-19.999999997,8.125));
#6293 = CARTESIAN_POINT('',(101.70666667126,-10.00000000299,8.125));
#6294 = CARTESIAN_POINT('',(86.335,0.,8.125));
#6295 = CARTESIAN_POINT('',(134.48333333333,-30.,8.208333333333));
#6296 = CARTESIAN_POINT('',(119.84166666666,-20.,8.208333333333));
#6297 = CARTESIAN_POINT('',(105.2,-10.,8.208333333333));
#6298 = CARTESIAN_POINT('',(90.558333333333,0.,8.208333333333));
#6299 = CARTESIAN_POINT('',(135.5,-30.,8.25));
#6300 = CARTESIAN_POINT('',(121.22333333333,-20.,8.25));
#6301 = CARTESIAN_POINT('',(106.94666666666,-10.,8.25));
#6302 = CARTESIAN_POINT('',(92.67,0.,8.25));
#6303 = DEFINITIONAL_REPRESENTATION('',(#6304),#6308);
#6304 = LINE('',#6305,#6306);
#6305 = CARTESIAN_POINT('',(1.,0.));
#6306 = VECTOR('',#6307,1.);
#6307 = DIRECTION('',(0.,1.));
#6308 = ( GEOMETRIC_REPRESENTATION_CONTEXT(2) 
PARAMETRIC_REPRESENTATION_CONTEXT() REPRESENTATION_CONTEXT('2D SPACE',''
  ) );
#6309 = ORIENTED_EDGE('',*,*,#6310,.T.);
#6310 = EDGE_CURVE('',#6264,#6068,#6311,.T.);
#6311 = SURFACE_CURVE('',#6312,(#6318,#6325),.PCURVE_S1.);
#6312 = B_SPLINE_CURVE_WITH_KNOTS('',3,(#6313,#6314,#6315,#6316,#6317),
  .UNSPECIFIED.,.F.,.F.,(4,1,4),(0.,0.5,1.),.QUASI_UNIFORM_KNOTS.);
#6313 = CARTESIAN_POINT('',(135.5,-30.,8.25));
#6314 = CARTESIAN_POINT('',(136.91666666666,-30.,8.208333333333));
#6315 = CARTESIAN_POINT('',(139.75,-30.,8.125));
#6316 = CARTESIAN_POINT('',(142.58333333333,-30.,8.041666666667));
#6317 = CARTESIAN_POINT('',(144.,-30.,8.));
#6318 = PCURVE('',#3982,#6319);
#6319 = DEFINITIONAL_REPRESENTATION('',(#6320),#6324);
#6320 = LINE('',#6321,#6322);
#6321 = CARTESIAN_POINT('',(0.,0.));
#6322 = VECTOR('',#6323,1.);
#6323 = DIRECTION('',(1.,0.));
#6324 = ( GEOMETRIC_REPRESENTATION_CONTEXT(2) 
PARAMETRIC_REPRESENTATION_CONTEXT() REPRESENTATION_CONTEXT('2D SPACE',''
  ) );
#6325 = PCURVE('',#6109,#6326);
#6326 = DEFINITIONAL_REPRESENTATION('',(#6327),#6333);
#6327 = B_SPLINE_CURVE_WITH_KNOTS('',3,(#6328,#6329,#6330,#6331,#6332),
  .UNSPECIFIED.,.F.,.F.,(4,1,4),(0.,0.5,1.),.QUASI_UNIFORM_KNOTS.);
#6328 = CARTESIAN_POINT('',(6.1,0.25));
#6329 = CARTESIAN_POINT('',(7.516666666667,0.208333333333));
#6330 = CARTESIAN_POINT('',(10.35,0.125));
#6331 = CARTESIAN_POINT('',(13.183333333333,4.166666666667E-02));
#6332 = CARTESIAN_POINT('',(14.6,0.));
#6333 = ( GEOMETRIC_REPRESENTATION_CONTEXT(2) 
PARAMETRIC_REPRESENTATION_CONTEXT() REPRESENTATION_CONTEXT('2D SPACE',''
  ) );
#6334 = ORIENTED_EDGE('',*,*,#6067,.T.);
#6335 = ORIENTED_EDGE('',*,*,#3920,.F.);
#6336 = ORIENTED_EDGE('',*,*,#6337,.F.);
#6337 = EDGE_CURVE('',#6338,#3852,#6340,.T.);
#6338 = VERTEX_POINT('',#6339);
#6339 = CARTESIAN_POINT('',(130.84724756664,-17.5,8.101289713919));
#6340 = SURFACE_CURVE('',#6341,(#6368,#6398),.PCURVE_S1.);
#6341 = B_SPLINE_CURVE_WITH_KNOTS('',4,(#6342,#6343,#6344,#6345,#6346,
    #6347,#6348,#6349,#6350,#6351,#6352,#6353,#6354,#6355,#6356,#6357,
    #6358,#6359,#6360,#6361,#6362,#6363,#6364,#6365,#6366,#6367),
  .UNSPECIFIED.,.F.,.F.,(5,3,3,3,3,3,3,3,5),(0.,0.124231430727,
    0.249441149176,0.374646911933,0.499448905682,0.624646987992,
    0.749840958316,0.875030832861,1.),.UNSPECIFIED.);
#6342 = CARTESIAN_POINT('',(117.65416666666,-17.5,8.25));
#6343 = CARTESIAN_POINT('',(118.34290765879,-17.5,8.242236622294));
#6344 = CARTESIAN_POINT('',(119.03166101009,-17.5,8.234473105278));
#6345 = CARTESIAN_POINT('',(119.72042418695,-17.5,8.22670947751));
#6346 = CARTESIAN_POINT('',(121.10339177695,-17.5,8.211120889232));
#6347 = CARTESIAN_POINT('',(121.79759629736,-17.5,8.203295927515));
#6348 = CARTESIAN_POINT('',(122.49180839479,-17.5,8.19547088039));
#6349 = CARTESIAN_POINT('',(123.88022508492,-17.5,8.179820870732));
#6350 = CARTESIAN_POINT('',(124.57442965827,-17.5,8.171995908417));
#6351 = CARTESIAN_POINT('',(125.26864105446,-17.5,8.164170869197));
#6352 = CARTESIAN_POINT('',(126.65483894519,-17.5,8.148545869489));
#6353 = CARTESIAN_POINT('',(127.34682537977,-17.5,8.140745909678));
#6354 = CARTESIAN_POINT('',(128.03881877127,-17.5,8.132945871449));
#6355 = CARTESIAN_POINT('',(129.42501620095,-17.5,8.117320876938));
#6356 = CARTESIAN_POINT('',(130.11922027195,-17.5,8.109495920286));
#6357 = CARTESIAN_POINT('',(130.81343183574,-17.5,8.101670879176));
#6358 = CARTESIAN_POINT('',(132.2018474418,-17.5,8.086020881738));
#6359 = CARTESIAN_POINT('',(132.89605147482,-17.5,8.078195925513));
#6360 = CARTESIAN_POINT('',(133.59026327654,-17.5,8.070370881722));
#6361 = CARTESIAN_POINT('',(134.97867942345,-17.5,8.054720878187));
#6362 = CARTESIAN_POINT('',(135.67288376458,-17.5,8.04689591849));
#6363 = CARTESIAN_POINT('',(136.36709558026,-17.5,8.039070874541));
#6364 = CARTESIAN_POINT('',(137.75430927006,-17.5,8.02343442491));
#6365 = CARTESIAN_POINT('',(138.44731111933,-17.5,8.015623019508));
#6366 = CARTESIAN_POINT('',(139.14031942245,-17.5,8.007811541359));
#6367 = CARTESIAN_POINT('',(139.83333333333,-17.5,8.));
#6368 = PCURVE('',#3982,#6369);
#6369 = DEFINITIONAL_REPRESENTATION('',(#6370),#6397);
#6370 = B_SPLINE_CURVE_WITH_KNOTS('',4,(#6371,#6372,#6373,#6374,#6375,
    #6376,#6377,#6378,#6379,#6380,#6381,#6382,#6383,#6384,#6385,#6386,
    #6387,#6388,#6389,#6390,#6391,#6392,#6393,#6394,#6395,#6396),
  .UNSPECIFIED.,.F.,.F.,(5,3,3,3,3,3,3,3,5),(0.,0.124231430727,
    0.249441149176,0.374646911933,0.499448905682,0.624646987992,
    0.749840958316,0.875030832861,1.),.UNSPECIFIED.);
#6371 = CARTESIAN_POINT('',(0.,0.416666666667));
#6372 = CARTESIAN_POINT('',(3.10535108228E-02,0.416666666667));
#6373 = CARTESIAN_POINT('',(6.21075788879E-02,0.416666666666));
#6374 = CARTESIAN_POINT('',(9.31620899618E-02,0.416666666666));
#6375 = CARTESIAN_POINT('',(0.15551644307,0.416666666664));
#6376 = CARTESIAN_POINT('',(0.186816289942,0.416666666664));
#6377 = CARTESIAN_POINT('',(0.218116478441,0.416666666663));
#6378 = CARTESIAN_POINT('',(0.280716517071,0.416666666661));
#6379 = CARTESIAN_POINT('',(0.31201636633,0.41666666666));
#6380 = CARTESIAN_POINT('',(0.343316523213,0.416666666659));
#6381 = CARTESIAN_POINT('',(0.405816522044,0.416666666657));
#6382 = CARTESIAN_POINT('',(0.437016361289,0.416666666657));
#6383 = CARTESIAN_POINT('',(0.468216514203,0.416666666657));
#6384 = CARTESIAN_POINT('',(0.530716492247,0.416666666657));
#6385 = CARTESIAN_POINT('',(0.562016318857,0.416666666657));
#6386 = CARTESIAN_POINT('',(0.593316483296,0.416666666657));
#6387 = CARTESIAN_POINT('',(0.65591647305,0.416666666659));
#6388 = CARTESIAN_POINT('',(0.687216297946,0.41666666666));
#6389 = CARTESIAN_POINT('',(0.718516473113,0.416666666661));
#6390 = CARTESIAN_POINT('',(0.781116487251,0.416666666663));
#6391 = CARTESIAN_POINT('',(0.812416326039,0.416666666664));
#6392 = CARTESIAN_POINT('',(0.843716501835,0.416666666664));
#6393 = CARTESIAN_POINT('',(0.906262300361,0.416666666666));
#6394 = CARTESIAN_POINT('',(0.937507921969,0.416666666666));
#6395 = CARTESIAN_POINT('',(0.968753834565,0.416666666667));
#6396 = CARTESIAN_POINT('',(1.,0.416666666667));
#6397 = ( GEOMETRIC_REPRESENTATION_CONTEXT(2) 
PARAMETRIC_REPRESENTATION_CONTEXT() REPRESENTATION_CONTEXT('2D SPACE',''
  ) );
#6398 = PCURVE('',#3870,#6399);
#6399 = DEFINITIONAL_REPRESENTATION('',(#6400),#6427);
#6400 = B_SPLINE_CURVE_WITH_KNOTS('',4,(#6401,#6402,#6403,#6404,#6405,
    #6406,#6407,#6408,#6409,#6410,#6411,#6412,#6413,#6414,#6415,#6416,
    #6417,#6418,#6419,#6420,#6421,#6422,#6423,#6424,#6425,#6426),
  .UNSPECIFIED.,.F.,.F.,(5,3,3,3,3,3,3,3,5),(0.,0.124231430727,
    0.249441149176,0.374646911933,0.499448905682,0.624646987992,
    0.749840958316,0.875030832861,1.),.UNSPECIFIED.);
#6401 = CARTESIAN_POINT('',(0.362687755558,0.840325156848));
#6402 = CARTESIAN_POINT('',(0.38557843604,0.845246638551));
#6403 = CARTESIAN_POINT('',(0.408096220996,0.850168208568));
#6404 = CARTESIAN_POINT('',(0.430309318847,0.855089848795));
#6405 = CARTESIAN_POINT('',(0.474362814127,0.864972010257));
#6406 = CARTESIAN_POINT('',(0.496199540337,0.86993253226));
#6407 = CARTESIAN_POINT('',(0.517793015182,0.874893108405));
#6408 = CARTESIAN_POINT('',(0.560509513894,0.884814207068));
#6409 = CARTESIAN_POINT('',(0.581633023501,0.889774729449));
#6410 = CARTESIAN_POINT('',(0.602530583768,0.894735300583));
#6411 = CARTESIAN_POINT('',(0.643793063131,0.904640544549));
#6412 = CARTESIAN_POINT('',(0.664159924702,0.909585216952));
#6413 = CARTESIAN_POINT('',(0.684288741682,0.914529939066));
#6414 = CARTESIAN_POINT('',(0.724106411949,0.924435179737));
#6415 = CARTESIAN_POINT('',(0.743794098498,0.929395698529));
#6416 = CARTESIAN_POINT('',(0.763215531504,0.93435627086));
#6417 = CARTESIAN_POINT('',(0.801502463216,0.944277361778));
#6418 = CARTESIAN_POINT('',(0.820368344904,0.949237880297));
#6419 = CARTESIAN_POINT('',(0.838945717299,0.954198454329));
#6420 = CARTESIAN_POINT('',(0.875519387539,0.964119549112));
#6421 = CARTESIAN_POINT('',(0.893515951537,0.969080069833));
#6422 = CARTESIAN_POINT('',(0.911221007733,0.974040643965));
#6423 = CARTESIAN_POINT('',(0.946043181804,0.983953146445));
#6424 = CARTESIAN_POINT('',(0.963161429019,0.988905074616));
#6425 = CARTESIAN_POINT('',(0.980015130001,0.993857048903));
#6426 = CARTESIAN_POINT('',(0.99663440973,0.998809063262));
#6427 = ( GEOMETRIC_REPRESENTATION_CONTEXT(2) 
PARAMETRIC_REPRESENTATION_CONTEXT() REPRESENTATION_CONTEXT('2D SPACE',''
  ) );
#6428 = ORIENTED_EDGE('',*,*,#6429,.F.);
#6429 = EDGE_CURVE('',#6266,#6338,#6430,.T.);
#6430 = SURFACE_CURVE('',#6431,(#6458,#6488),.PCURVE_S1.);
#6431 = B_SPLINE_CURVE_WITH_KNOTS('',4,(#6432,#6433,#6434,#6435,#6436,
    #6437,#6438,#6439,#6440,#6441,#6442,#6443,#6444,#6445,#6446,#6447,
    #6448,#6449,#6450,#6451,#6452,#6453,#6454,#6455,#6456,#6457),
  .UNSPECIFIED.,.F.,.F.,(5,3,3,3,3,3,3,3,5),(0.,0.124231430727,
    0.249441149176,0.374646911933,0.499448905682,0.624646987992,
    0.749840958316,0.875030832861,1.),.UNSPECIFIED.);
#6432 = CARTESIAN_POINT('',(117.65416666666,-17.5,8.25));
#6433 = CARTESIAN_POINT('',(118.34290765879,-17.5,8.242236622294));
#6434 = CARTESIAN_POINT('',(119.03166101009,-17.5,8.234473105278));
#6435 = CARTESIAN_POINT('',(119.72042418695,-17.5,8.22670947751));
#6436 = CARTESIAN_POINT('',(121.10339177695,-17.5,8.211120889232));
#6437 = CARTESIAN_POINT('',(121.79759629736,-17.5,8.203295927515));
#6438 = CARTESIAN_POINT('',(122.49180839479,-17.5,8.19547088039));
#6439 = CARTESIAN_POINT('',(123.88022508492,-17.5,8.179820870732));
#6440 = CARTESIAN_POINT('',(124.57442965827,-17.5,8.171995908417));
#6441 = CARTESIAN_POINT('',(125.26864105446,-17.5,8.164170869197));
#6442 = CARTESIAN_POINT('',(126.65483894519,-17.5,8.148545869489));
#6443 = CARTESIAN_POINT('',(127.34682537977,-17.5,8.140745909678));
#6444 = CARTESIAN_POINT('',(128.03881877127,-17.5,8.132945871449));
#6445 = CARTESIAN_POINT('',(129.42501620095,-17.5,8.117320876938));
#6446 = CARTESIAN_POINT('',(130.11922027195,-17.5,8.109495920286));
#6447 = CARTESIAN_POINT('',(130.81343183574,-17.5,8.101670879176));
#6448 = CARTESIAN_POINT('',(132.2018474418,-17.5,8.086020881738));
#6449 = CARTESIAN_POINT('',(132.89605147482,-17.5,8.078195925513));
#6450 = CARTESIAN_POINT('',(133.59026327654,-17.5,8.070370881722));
#6451 = CARTESIAN_POINT('',(134.97867942345,-17.5,8.054720878187));
#6452 = CARTESIAN_POINT('',(135.67288376458,-17.5,8.04689591849));
#6453 = CARTESIAN_POINT('',(136.36709558026,-17.5,8.039070874541));
#6454 = CARTESIAN_POINT('',(137.75430927006,-17.5,8.02343442491));
#6455 = CARTESIAN_POINT('',(138.44731111933,-17.5,8.015623019508));
#6456 = CARTESIAN_POINT('',(139.14031942245,-17.5,8.007811541359));
#6457 = CARTESIAN_POINT('',(139.83333333333,-17.5,8.));
#6458 = PCURVE('',#3982,#6459);
#6459 = DEFINITIONAL_REPRESENTATION('',(#6460),#6487);
#6460 = B_SPLINE_CURVE_WITH_KNOTS('',4,(#6461,#6462,#6463,#6464,#6465,
    #6466,#6467,#6468,#6469,#6470,#6471,#6472,#6473,#6474,#6475,#6476,
    #6477,#6478,#6479,#6480,#6481,#6482,#6483,#6484,#6485,#6486),
  .UNSPECIFIED.,.F.,.F.,(5,3,3,3,3,3,3,3,5),(0.,0.124231430727,
    0.249441149176,0.374646911933,0.499448905682,0.624646987992,
    0.749840958316,0.875030832861,1.),.UNSPECIFIED.);
#6461 = CARTESIAN_POINT('',(0.,0.416666666667));
#6462 = CARTESIAN_POINT('',(3.10535108228E-02,0.416666666667));
#6463 = CARTESIAN_POINT('',(6.21075788879E-02,0.416666666666));
#6464 = CARTESIAN_POINT('',(9.31620899618E-02,0.416666666666));
#6465 = CARTESIAN_POINT('',(0.15551644307,0.416666666664));
#6466 = CARTESIAN_POINT('',(0.186816289942,0.416666666664));
#6467 = CARTESIAN_POINT('',(0.218116478441,0.416666666663));
#6468 = CARTESIAN_POINT('',(0.280716517071,0.416666666661));
#6469 = CARTESIAN_POINT('',(0.31201636633,0.41666666666));
#6470 = CARTESIAN_POINT('',(0.343316523213,0.416666666659));
#6471 = CARTESIAN_POINT('',(0.405816522044,0.416666666657));
#6472 = CARTESIAN_POINT('',(0.437016361289,0.416666666657));
#6473 = CARTESIAN_POINT('',(0.468216514203,0.416666666657));
#6474 = CARTESIAN_POINT('',(0.530716492247,0.416666666657));
#6475 = CARTESIAN_POINT('',(0.562016318857,0.416666666657));
#6476 = CARTESIAN_POINT('',(0.593316483296,0.416666666657));
#6477 = CARTESIAN_POINT('',(0.65591647305,0.416666666659));
#6478 = CARTESIAN_POINT('',(0.687216297946,0.41666666666));
#6479 = CARTESIAN_POINT('',(0.718516473113,0.416666666661));
#6480 = CARTESIAN_POINT('',(0.781116487251,0.416666666663));
#6481 = CARTESIAN_POINT('',(0.812416326039,0.416666666664));
#6482 = CARTESIAN_POINT('',(0.843716501835,0.416666666664));
#6483 = CARTESIAN_POINT('',(0.906262300361,0.416666666666));
#6484 = CARTESIAN_POINT('',(0.937507921969,0.416666666666));
#6485 = CARTESIAN_POINT('',(0.968753834565,0.416666666667));
#6486 = CARTESIAN_POINT('',(1.,0.416666666667));
#6487 = ( GEOMETRIC_REPRESENTATION_CONTEXT(2) 
PARAMETRIC_REPRESENTATION_CONTEXT() REPRESENTATION_CONTEXT('2D SPACE',''
  ) );
#6488 = PCURVE('',#3800,#6489);
#6489 = DEFINITIONAL_REPRESENTATION('',(#6490),#6517);
#6490 = B_SPLINE_CURVE_WITH_KNOTS('',4,(#6491,#6492,#6493,#6494,#6495,
    #6496,#6497,#6498,#6499,#6500,#6501,#6502,#6503,#6504,#6505,#6506,
    #6507,#6508,#6509,#6510,#6511,#6512,#6513,#6514,#6515,#6516),
  .UNSPECIFIED.,.F.,.F.,(5,3,3,3,3,3,3,3,5),(0.,0.124231430727,
    0.249441149176,0.374646911933,0.499448905682,0.624646987992,
    0.749840958316,0.875030832861,1.),.UNSPECIFIED.);
#6491 = CARTESIAN_POINT('',(0.362687755558,0.840325156848));
#6492 = CARTESIAN_POINT('',(0.38557843604,0.845246638551));
#6493 = CARTESIAN_POINT('',(0.408096220996,0.850168208568));
#6494 = CARTESIAN_POINT('',(0.430309318847,0.855089848795));
#6495 = CARTESIAN_POINT('',(0.474362814127,0.864972010257));
#6496 = CARTESIAN_POINT('',(0.496199540337,0.86993253226));
#6497 = CARTESIAN_POINT('',(0.517793015182,0.874893108405));
#6498 = CARTESIAN_POINT('',(0.560509513894,0.884814207068));
#6499 = CARTESIAN_POINT('',(0.581633023501,0.889774729449));
#6500 = CARTESIAN_POINT('',(0.602530583768,0.894735300583));
#6501 = CARTESIAN_POINT('',(0.643793063131,0.904640544549));
#6502 = CARTESIAN_POINT('',(0.664159924702,0.909585216952));
#6503 = CARTESIAN_POINT('',(0.684288741682,0.914529939066));
#6504 = CARTESIAN_POINT('',(0.724106411949,0.924435179737));
#6505 = CARTESIAN_POINT('',(0.743794098498,0.929395698529));
#6506 = CARTESIAN_POINT('',(0.763215531504,0.93435627086));
#6507 = CARTESIAN_POINT('',(0.801502463216,0.944277361778));
#6508 = CARTESIAN_POINT('',(0.820368344904,0.949237880297));
#6509 = CARTESIAN_POINT('',(0.838945717299,0.954198454329));
#6510 = CARTESIAN_POINT('',(0.875519387539,0.964119549112));
#6511 = CARTESIAN_POINT('',(0.893515951537,0.969080069833));
#6512 = CARTESIAN_POINT('',(0.911221007733,0.974040643965));
#6513 = CARTESIAN_POINT('',(0.946043181804,0.983953146445));
#6514 = CARTESIAN_POINT('',(0.963161429019,0.988905074616));
#6515 = CARTESIAN_POINT('',(0.980015130001,0.993857048903));
#6516 = CARTESIAN_POINT('',(0.99663440973,0.998809063262));
#6517 = ( GEOMETRIC_REPRESENTATION_CONTEXT(2) 
PARAMETRIC_REPRESENTATION_CONTEXT() REPRESENTATION_CONTEXT('2D SPACE',''
  ) );
#6518 = ADVANCED_FACE('',(#6519),#3870,.T.);
#6519 = FACE_BOUND('',#6520,.T.);
#6520 = EDGE_LOOP('',(#6521,#6522,#6547));
#6521 = ORIENTED_EDGE('',*,*,#3851,.F.);
#6522 = ORIENTED_EDGE('',*,*,#6523,.F.);
#6523 = EDGE_CURVE('',#6338,#3781,#6524,.T.);
#6524 = SURFACE_CURVE('',#6525,(#6531,#6539),.PCURVE_S1.);
#6525 = B_SPLINE_CURVE_WITH_KNOTS('',3,(#6526,#6527,#6528,#6529,#6530),
  .UNSPECIFIED.,.F.,.F.,(4,1,4),(0.,0.5,1.),.QUASI_UNIFORM_KNOTS.);
#6526 = CARTESIAN_POINT('',(94.6,-17.5,6.));
#6527 = CARTESIAN_POINT('',(101.5,-17.5,6.4));
#6528 = CARTESIAN_POINT('',(115.3,-17.5,7.2));
#6529 = CARTESIAN_POINT('',(129.1,-17.5,8.));
#6530 = CARTESIAN_POINT('',(136.,-17.5,8.4));
#6531 = PCURVE('',#3870,#6532);
#6532 = DEFINITIONAL_REPRESENTATION('',(#6533),#6538);
#6533 = B_SPLINE_CURVE_WITH_KNOTS('',3,(#6534,#6535,#6536,#6537),
  .UNSPECIFIED.,.F.,.F.,(4,4),(0.875537380837,1.),
  .PIECEWISE_BEZIER_KNOTS.);
#6534 = CARTESIAN_POINT('',(0.764054358268,0.934597905238));
#6535 = CARTESIAN_POINT('',(0.769374302922,0.946871109587));
#6536 = CARTESIAN_POINT('',(0.774378062628,0.959144313937));
#6537 = CARTESIAN_POINT('',(0.779057984424,0.971417518287));
#6538 = ( GEOMETRIC_REPRESENTATION_CONTEXT(2) 
PARAMETRIC_REPRESENTATION_CONTEXT() REPRESENTATION_CONTEXT('2D SPACE',''
  ) );
#6539 = PCURVE('',#3800,#6540);
#6540 = DEFINITIONAL_REPRESENTATION('',(#6541),#6546);
#6541 = B_SPLINE_CURVE_WITH_KNOTS('',3,(#6542,#6543,#6544,#6545),
  .UNSPECIFIED.,.F.,.F.,(4,4),(0.875537380837,1.),
  .PIECEWISE_BEZIER_KNOTS.);
#6542 = CARTESIAN_POINT('',(0.764054358268,0.934597905238));
#6543 = CARTESIAN_POINT('',(0.769374302922,0.946871109587));
#6544 = CARTESIAN_POINT('',(0.774378062628,0.959144313937));
#6545 = CARTESIAN_POINT('',(0.779057984424,0.971417518287));
#6546 = ( GEOMETRIC_REPRESENTATION_CONTEXT(2) 
PARAMETRIC_REPRESENTATION_CONTEXT() REPRESENTATION_CONTEXT('2D SPACE',''
  ) );
#6547 = ORIENTED_EDGE('',*,*,#6337,.T.);
#6548 = ADVANCED_FACE('',(#6549),#3800,.T.);
#6549 = FACE_BOUND('',#6550,.T.);
#6550 = EDGE_LOOP('',(#6551,#6582,#6583,#6584,#6585,#6641,#6695,#6696,
    #6697));
#6551 = ORIENTED_EDGE('',*,*,#6552,.F.);
#6552 = EDGE_CURVE('',#1768,#1914,#6553,.T.);
#6553 = SURFACE_CURVE('',#6554,(#6563,#6570),.PCURVE_S1.);
#6554 = B_SPLINE_CURVE_WITH_KNOTS('',3,(#6555,#6556,#6557,#6558,#6559,
    #6560,#6561,#6562),.UNSPECIFIED.,.F.,.F.,(4,1,1,2,4),(0.,
    0.227836592573,0.442835594821,0.514097810881,1.),.UNSPECIFIED.);
#6555 = CARTESIAN_POINT('',(0.,-8.5,1.E-02));
#6556 = CARTESIAN_POINT('',(10.666666666667,-9.833333333333,
    0.800814814815));
#6557 = CARTESIAN_POINT('',(31.495301292007,-12.69461581217,
    2.326515808854));
#6558 = CARTESIAN_POINT('',(55.24104822318,-14.79902822226,
    4.149046340467));
#6559 = CARTESIAN_POINT('',(68.675715949556,-17.5,5.071693331572));
#6560 = CARTESIAN_POINT('',(94.666666666667,-17.5,7.232));
#6561 = CARTESIAN_POINT('',(117.33333333333,-17.5,9.116));
#6562 = CARTESIAN_POINT('',(140.,-17.5,11.));
#6563 = PCURVE('',#3800,#6564);
#6564 = DEFINITIONAL_REPRESENTATION('',(#6565),#6569);
#6565 = LINE('',#6566,#6567);
#6566 = CARTESIAN_POINT('',(0.,0.));
#6567 = VECTOR('',#6568,1.);
#6568 = DIRECTION('',(0.,1.));
#6569 = ( GEOMETRIC_REPRESENTATION_CONTEXT(2) 
PARAMETRIC_REPRESENTATION_CONTEXT() REPRESENTATION_CONTEXT('2D SPACE',''
  ) );
#6570 = PCURVE('',#4262,#6571);
#6571 = DEFINITIONAL_REPRESENTATION('',(#6572),#6581);
#6572 = B_SPLINE_CURVE_WITH_KNOTS('',7,(#6573,#6574,#6575,#6576,#6577,
    #6578,#6579,#6580),.UNSPECIFIED.,.F.,.F.,(8,8),(0.697489938029,
    0.974523377954),.PIECEWISE_BEZIER_KNOTS.);
#6573 = CARTESIAN_POINT('',(0.,0.886060629824));
#6574 = CARTESIAN_POINT('',(0.134239122926,0.872608025393));
#6575 = CARTESIAN_POINT('',(0.270936954693,0.858779771704));
#6576 = CARTESIAN_POINT('',(0.410298117587,0.844544378593));
#6577 = CARTESIAN_POINT('',(0.552562352406,0.829865542512));
#6578 = CARTESIAN_POINT('',(0.698016499389,0.814699097456));
#6579 = CARTESIAN_POINT('',(0.847010077129,0.798991855595));
#6580 = CARTESIAN_POINT('',(1.,0.782673898091));
#6581 = ( GEOMETRIC_REPRESENTATION_CONTEXT(2) 
PARAMETRIC_REPRESENTATION_CONTEXT() REPRESENTATION_CONTEXT('2D SPACE',''
  ) );
#6582 = ORIENTED_EDGE('',*,*,#4478,.T.);
#6583 = ORIENTED_EDGE('',*,*,#5884,.T.);
#6584 = ORIENTED_EDGE('',*,*,#6168,.T.);
#6585 = ORIENTED_EDGE('',*,*,#6586,.T.);
#6586 = EDGE_CURVE('',#6124,#6587,#6589,.T.);
#6587 = VERTEX_POINT('',#6588);
#6588 = CARTESIAN_POINT('',(108.81666666666,-17.5,8.));
#6589 = SURFACE_CURVE('',#6590,(#6605,#6623),.PCURVE_S1.);
#6590 = B_SPLINE_CURVE_WITH_KNOTS('',5,(#6591,#6592,#6593,#6594,#6595,
    #6596,#6597,#6598,#6599,#6600,#6601,#6602,#6603,#6604),
  .UNSPECIFIED.,.F.,.F.,(6,4,4,6),(0.,0.397394265593,0.744114618001,1.),
  .UNSPECIFIED.);
#6591 = CARTESIAN_POINT('',(117.65416666666,-17.5,7.75));
#6592 = CARTESIAN_POINT('',(116.95168639591,-17.5,7.769872143444));
#6593 = CARTESIAN_POINT('',(116.24921582027,-17.5,7.789744012628));
#6594 = CARTESIAN_POINT('',(115.54675597497,-17.5,7.809615578266));
#6595 = CARTESIAN_POINT('',(114.8443091803,-17.5,7.82948677472));
#6596 = CARTESIAN_POINT('',(113.52901960633,-17.5,7.866694400575));
#6597 = CARTESIAN_POINT('',(112.91617293464,-17.5,7.884030940086));
#6598 = CARTESIAN_POINT('',(112.30334149441,-17.5,7.90136704872));
#6599 = CARTESIAN_POINT('',(111.69052892818,-17.5,7.918702623437));
#6600 = CARTESIAN_POINT('',(110.6254933979,-17.5,7.948830926981));
#6601 = CARTESIAN_POINT('',(110.17325931901,-17.5,7.961623970231));
#6602 = CARTESIAN_POINT('',(109.72104097449,-17.5,7.974416568378));
#6603 = CARTESIAN_POINT('',(109.26884183385,-17.5,7.987208623276));
#6604 = CARTESIAN_POINT('',(108.81666666666,-17.5,8.));
#6605 = PCURVE('',#3800,#6606);
#6606 = DEFINITIONAL_REPRESENTATION('',(#6607),#6622);
#6607 = B_SPLINE_CURVE_WITH_KNOTS('',5,(#6608,#6609,#6610,#6611,#6612,
    #6613,#6614,#6615,#6616,#6617,#6618,#6619,#6620,#6621),
  .UNSPECIFIED.,.F.,.F.,(6,4,4,6),(0.,0.397394265593,0.744114618001,1.),
  .UNSPECIFIED.);
#6608 = CARTESIAN_POINT('',(0.556132163401,0.840325156848));
#6609 = CARTESIAN_POINT('',(0.529194243036,0.835305499475));
#6610 = CARTESIAN_POINT('',(0.502000607602,0.830285911379));
#6611 = CARTESIAN_POINT('',(0.474525610837,0.825266399958));
#6612 = CARTESIAN_POINT('',(0.446714279575,0.820246981793));
#6613 = CARTESIAN_POINT('',(0.393850107664,0.810848421744));
#6614 = CARTESIAN_POINT('',(0.368896956254,0.806469252047));
#6615 = CARTESIAN_POINT('',(0.343563640233,0.802090191189));
#6616 = CARTESIAN_POINT('',(0.317771053784,0.797711265197));
#6617 = CARTESIAN_POINT('',(0.271931214567,0.790100925555));
#6618 = CARTESIAN_POINT('',(0.252147754342,0.786869432483));
#6619 = CARTESIAN_POINT('',(0.231999210183,0.783638051842));
#6620 = CARTESIAN_POINT('',(0.211417956787,0.780406808425));
#6621 = CARTESIAN_POINT('',(0.190315247447,0.777175736313));
#6622 = ( GEOMETRIC_REPRESENTATION_CONTEXT(2) 
PARAMETRIC_REPRESENTATION_CONTEXT() REPRESENTATION_CONTEXT('2D SPACE',''
  ) );
#6623 = PCURVE('',#6140,#6624);
#6624 = DEFINITIONAL_REPRESENTATION('',(#6625),#6640);
#6625 = B_SPLINE_CURVE_WITH_KNOTS('',5,(#6626,#6627,#6628,#6629,#6630,
    #6631,#6632,#6633,#6634,#6635,#6636,#6637,#6638,#6639),
  .UNSPECIFIED.,.F.,.F.,(6,4,4,6),(0.,0.397394265593,0.744114618001,1.),
  .UNSPECIFIED.);
#6626 = CARTESIAN_POINT('',(0.,0.416666666667));
#6627 = CARTESIAN_POINT('',(7.948857377647E-02,0.416666666667));
#6628 = CARTESIAN_POINT('',(0.15897605051,0.416666666666));
#6629 = CARTESIAN_POINT('',(0.238462313062,0.416666666664));
#6630 = CARTESIAN_POINT('',(0.31794709888,0.416666666662));
#6631 = CARTESIAN_POINT('',(0.4667776023,0.41666666666));
#6632 = CARTESIAN_POINT('',(0.536123760343,0.41666666666));
#6633 = CARTESIAN_POINT('',(0.605468194881,0.416666666661));
#6634 = CARTESIAN_POINT('',(0.674810493747,0.416666666662));
#6635 = CARTESIAN_POINT('',(0.795323707923,0.416666666664));
#6636 = CARTESIAN_POINT('',(0.846495880923,0.416666666665));
#6637 = CARTESIAN_POINT('',(0.897666273514,0.416666666666));
#6638 = CARTESIAN_POINT('',(0.948834493104,0.416666666667));
#6639 = CARTESIAN_POINT('',(1.,0.416666666667));
#6640 = ( GEOMETRIC_REPRESENTATION_CONTEXT(2) 
PARAMETRIC_REPRESENTATION_CONTEXT() REPRESENTATION_CONTEXT('2D SPACE',''
  ) );
#6641 = ORIENTED_EDGE('',*,*,#6642,.T.);
#6642 = EDGE_CURVE('',#6587,#6266,#6643,.T.);
#6643 = SURFACE_CURVE('',#6644,(#6659,#6677),.PCURVE_S1.);
#6644 = B_SPLINE_CURVE_WITH_KNOTS('',4,(#6645,#6646,#6647,#6648,#6649,
    #6650,#6651,#6652,#6653,#6654,#6655,#6656,#6657,#6658),
  .UNSPECIFIED.,.F.,.F.,(5,3,3,3,5),(0.,0.248224614534,0.498626257705,
    0.749023376089,1.),.UNSPECIFIED.);
#6645 = CARTESIAN_POINT('',(108.81666666666,-17.5,8.));
#6646 = CARTESIAN_POINT('',(109.36506297804,-17.5,8.015513332712));
#6647 = CARTESIAN_POINT('',(109.91346530844,-17.5,8.031026835694));
#6648 = CARTESIAN_POINT('',(110.46187264396,-17.5,8.046540480263));
#6649 = CARTESIAN_POINT('',(111.56350581503,-17.5,8.077704077747));
#6650 = CARTESIAN_POINT('',(112.11673171977,-17.5,8.09335403262));
#6651 = CARTESIAN_POINT('',(112.66996137522,-17.5,8.109004093594));
#6652 = CARTESIAN_POINT('',(113.77641729804,-17.5,8.140304119699));
#6653 = CARTESIAN_POINT('',(114.32964356117,-17.5,8.15595408471));
#6654 = CARTESIAN_POINT('',(114.88287267456,-17.5,8.171604130351));
#6655 = CARTESIAN_POINT('',(115.99061636506,-17.5,8.202940585528));
#6656 = CARTESIAN_POINT('',(116.54513095156,-17.5,8.21862699533));
#6657 = CARTESIAN_POINT('',(117.09964778751,-17.5,8.234313468765));
#6658 = CARTESIAN_POINT('',(117.65416666666,-17.5,8.25));
#6659 = PCURVE('',#3800,#6660);
#6660 = DEFINITIONAL_REPRESENTATION('',(#6661),#6676);
#6661 = B_SPLINE_CURVE_WITH_KNOTS('',4,(#6662,#6663,#6664,#6665,#6666,
    #6667,#6668,#6669,#6670,#6671,#6672,#6673,#6674,#6675),
  .UNSPECIFIED.,.F.,.F.,(5,3,3,3,5),(0.,0.248224614534,0.498626257705,
    0.749023376089,1.),.UNSPECIFIED.);
#6662 = CARTESIAN_POINT('',(0.190315247447,0.777175736313));
#6663 = CARTESIAN_POINT('',(0.202254013513,0.781094368199));
#6664 = CARTESIAN_POINT('',(0.213912414595,0.785013043094));
#6665 = CARTESIAN_POINT('',(0.225328275091,0.788931753753));
#6666 = CARTESIAN_POINT('',(0.247826073312,0.796803606245));
#6667 = CARTESIAN_POINT('',(0.258904399253,0.800756748571));
#6668 = CARTESIAN_POINT('',(0.269790369119,0.804709917699));
#6669 = CARTESIAN_POINT('',(0.291216297222,0.812616231744));
#6670 = CARTESIAN_POINT('',(0.301756376026,0.816569376631));
#6671 = CARTESIAN_POINT('',(0.312143199353,0.820522541885));
#6672 = CARTESIAN_POINT('',(0.332661855577,0.828438057829));
#6673 = CARTESIAN_POINT('',(0.342793113933,0.832400408586));
#6674 = CARTESIAN_POINT('',(0.352798489743,0.836362775417));
#6675 = CARTESIAN_POINT('',(0.362687755558,0.840325156848));
#6676 = ( GEOMETRIC_REPRESENTATION_CONTEXT(2) 
PARAMETRIC_REPRESENTATION_CONTEXT() REPRESENTATION_CONTEXT('2D SPACE',''
  ) );
#6677 = PCURVE('',#6282,#6678);
#6678 = DEFINITIONAL_REPRESENTATION('',(#6679),#6694);
#6679 = B_SPLINE_CURVE_WITH_KNOTS('',4,(#6680,#6681,#6682,#6683,#6684,
    #6685,#6686,#6687,#6688,#6689,#6690,#6691,#6692,#6693),
  .UNSPECIFIED.,.F.,.F.,(5,3,3,3,5),(0.,0.248224614534,0.498626257705,
    0.749023376089,1.),.UNSPECIFIED.);
#6680 = CARTESIAN_POINT('',(0.,0.416666666667));
#6681 = CARTESIAN_POINT('',(6.205333084953E-02,0.416666666667));
#6682 = CARTESIAN_POINT('',(0.124107342775,0.416666666666));
#6683 = CARTESIAN_POINT('',(0.186161921051,0.416666666665));
#6684 = CARTESIAN_POINT('',(0.310816310989,0.416666666663));
#6685 = CARTESIAN_POINT('',(0.373416130479,0.416666666661));
#6686 = CARTESIAN_POINT('',(0.436016374377,0.416666666661));
#6687 = CARTESIAN_POINT('',(0.561216478798,0.416666666661));
#6688 = CARTESIAN_POINT('',(0.623816338841,0.416666666661));
#6689 = CARTESIAN_POINT('',(0.686416521404,0.416666666662));
#6690 = CARTESIAN_POINT('',(0.81176234211,0.416666666665));
#6691 = CARTESIAN_POINT('',(0.874507981319,0.416666666666));
#6692 = CARTESIAN_POINT('',(0.937253875061,0.416666666667));
#6693 = CARTESIAN_POINT('',(1.,0.416666666667));
#6694 = ( GEOMETRIC_REPRESENTATION_CONTEXT(2) 
PARAMETRIC_REPRESENTATION_CONTEXT() REPRESENTATION_CONTEXT('2D SPACE',''
  ) );
#6695 = ORIENTED_EDGE('',*,*,#6429,.T.);
#6696 = ORIENTED_EDGE('',*,*,#6523,.T.);
#6697 = ORIENTED_EDGE('',*,*,#3780,.F.);
#6698 = ADVANCED_FACE('',(#6699),#4262,.F.);
#6699 = FACE_BOUND('',#6700,.F.);
#6700 = EDGE_LOOP('',(#6701,#6702,#6727,#6728));
#6701 = ORIENTED_EDGE('',*,*,#4376,.F.);
#6702 = ORIENTED_EDGE('',*,*,#6703,.T.);
#6703 = EDGE_CURVE('',#4350,#4246,#6704,.T.);
#6704 = SURFACE_CURVE('',#6705,(#6711,#6718),.PCURVE_S1.);
#6705 = B_SPLINE_CURVE_WITH_KNOTS('',3,(#6706,#6707,#6708,#6709,#6710),
  .UNSPECIFIED.,.F.,.F.,(4,1,4),(0.,0.5,1.),.QUASI_UNIFORM_KNOTS.);
#6706 = CARTESIAN_POINT('',(121.5,-17.5,19.));
#6707 = CARTESIAN_POINT('',(124.25,-17.5,19.));
#6708 = CARTESIAN_POINT('',(129.75,-17.5,19.));
#6709 = CARTESIAN_POINT('',(135.25,-17.5,19.));
#6710 = CARTESIAN_POINT('',(138.,-17.5,19.));
#6711 = PCURVE('',#4262,#6712);
#6712 = DEFINITIONAL_REPRESENTATION('',(#6713),#6717);
#6713 = LINE('',#6714,#6715);
#6714 = CARTESIAN_POINT('',(0.,0.));
#6715 = VECTOR('',#6716,1.);
#6716 = DIRECTION('',(1.,0.));
#6717 = ( GEOMETRIC_REPRESENTATION_CONTEXT(2) 
PARAMETRIC_REPRESENTATION_CONTEXT() REPRESENTATION_CONTEXT('2D SPACE',''
  ) );
#6718 = PCURVE('',#4308,#6719);
#6719 = DEFINITIONAL_REPRESENTATION('',(#6720),#6726);
#6720 = B_SPLINE_CURVE_WITH_KNOTS('',3,(#6721,#6722,#6723,#6724,#6725),
  .UNSPECIFIED.,.F.,.F.,(4,1,4),(0.,0.5,1.),.QUASI_UNIFORM_KNOTS.);
#6721 = CARTESIAN_POINT('',(0.,0.));
#6722 = CARTESIAN_POINT('',(2.75,0.));
#6723 = CARTESIAN_POINT('',(8.25,0.));
#6724 = CARTESIAN_POINT('',(13.75,0.));
#6725 = CARTESIAN_POINT('',(16.5,0.));
#6726 = ( GEOMETRIC_REPRESENTATION_CONTEXT(2) 
PARAMETRIC_REPRESENTATION_CONTEXT() REPRESENTATION_CONTEXT('2D SPACE',''
  ) );
#6727 = ORIENTED_EDGE('',*,*,#4245,.T.);
#6728 = ORIENTED_EDGE('',*,*,#6552,.F.);
#6729 = ADVANCED_FACE('',(#6730),#4308,.T.);
#6730 = FACE_BOUND('',#6731,.T.);
#6731 = EDGE_LOOP('',(#6732,#6733,#6734));
#6732 = ORIENTED_EDGE('',*,*,#6703,.T.);
#6733 = ORIENTED_EDGE('',*,*,#4290,.T.);
#6734 = ORIENTED_EDGE('',*,*,#4349,.T.);
#6735 = ADVANCED_FACE('',(#6736),#4784,.F.);
#6736 = FACE_BOUND('',#6737,.F.);
#6737 = EDGE_LOOP('',(#6738,#6762,#6763,#6787));
#6738 = ORIENTED_EDGE('',*,*,#6739,.F.);
#6739 = EDGE_CURVE('',#4560,#6740,#6742,.T.);
#6740 = VERTEX_POINT('',#6741);
#6741 = CARTESIAN_POINT('',(106.1,-17.,3.));
#6742 = SURFACE_CURVE('',#6743,(#6748,#6755),.PCURVE_S1.);
#6743 = B_SPLINE_CURVE_WITH_KNOTS('',3,(#6744,#6745,#6746,#6747),
  .UNSPECIFIED.,.F.,.F.,(4,4),(0.,1.),.PIECEWISE_BEZIER_KNOTS.);
#6744 = CARTESIAN_POINT('',(108.6,-15.5,6.));
#6745 = CARTESIAN_POINT('',(107.76666666666,-16.,5.));
#6746 = CARTESIAN_POINT('',(106.93333333333,-16.5,4.));
#6747 = CARTESIAN_POINT('',(106.1,-17.,3.));
#6748 = PCURVE('',#4784,#6749);
#6749 = DEFINITIONAL_REPRESENTATION('',(#6750),#6754);
#6750 = LINE('',#6751,#6752);
#6751 = CARTESIAN_POINT('',(0.,0.));
#6752 = VECTOR('',#6753,1.);
#6753 = DIRECTION('',(0.,1.));
#6754 = ( GEOMETRIC_REPRESENTATION_CONTEXT(2) 
PARAMETRIC_REPRESENTATION_CONTEXT() REPRESENTATION_CONTEXT('2D SPACE',''
  ) );
#6755 = PCURVE('',#4645,#6756);
#6756 = DEFINITIONAL_REPRESENTATION('',(#6757),#6761);
#6757 = LINE('',#6758,#6759);
#6758 = CARTESIAN_POINT('',(1.,0.));
#6759 = VECTOR('',#6760,1.);
#6760 = DIRECTION('',(0.,1.));
#6761 = ( GEOMETRIC_REPRESENTATION_CONTEXT(2) 
PARAMETRIC_REPRESENTATION_CONTEXT() REPRESENTATION_CONTEXT('2D SPACE',''
  ) );
#6762 = ORIENTED_EDGE('',*,*,#4708,.F.);
#6763 = ORIENTED_EDGE('',*,*,#6764,.T.);
#6764 = EDGE_CURVE('',#4405,#6765,#6767,.T.);
#6765 = VERTEX_POINT('',#6766);
#6766 = CARTESIAN_POINT('',(104.8,-17.5,3.));
#6767 = SURFACE_CURVE('',#6768,(#6773,#6780),.PCURVE_S1.);
#6768 = B_SPLINE_CURVE_WITH_KNOTS('',3,(#6769,#6770,#6771,#6772),
  .UNSPECIFIED.,.F.,.F.,(4,4),(0.,1.),.PIECEWISE_BEZIER_KNOTS.);
#6769 = CARTESIAN_POINT('',(94.6,-17.5,6.));
#6770 = CARTESIAN_POINT('',(98.,-17.5,5.));
#6771 = CARTESIAN_POINT('',(101.4,-17.5,4.));
#6772 = CARTESIAN_POINT('',(104.8,-17.5,3.));
#6773 = PCURVE('',#4784,#6774);
#6774 = DEFINITIONAL_REPRESENTATION('',(#6775),#6779);
#6775 = LINE('',#6776,#6777);
#6776 = CARTESIAN_POINT('',(1.,0.));
#6777 = VECTOR('',#6778,1.);
#6778 = DIRECTION('',(0.,1.));
#6779 = ( GEOMETRIC_REPRESENTATION_CONTEXT(2) 
PARAMETRIC_REPRESENTATION_CONTEXT() REPRESENTATION_CONTEXT('2D SPACE',''
  ) );
#6780 = PCURVE('',#5941,#6781);
#6781 = DEFINITIONAL_REPRESENTATION('',(#6782),#6786);
#6782 = LINE('',#6783,#6784);
#6783 = CARTESIAN_POINT('',(0.,0.));
#6784 = VECTOR('',#6785,1.);
#6785 = DIRECTION('',(0.,1.));
#6786 = ( GEOMETRIC_REPRESENTATION_CONTEXT(2) 
PARAMETRIC_REPRESENTATION_CONTEXT() REPRESENTATION_CONTEXT('2D SPACE',''
  ) );
#6787 = ORIENTED_EDGE('',*,*,#6788,.F.);
#6788 = EDGE_CURVE('',#6740,#6765,#6789,.T.);
#6789 = SURFACE_CURVE('',#6790,(#6796,#6803),.PCURVE_S1.);
#6790 = B_SPLINE_CURVE_WITH_KNOTS('',3,(#6791,#6792,#6793,#6794,#6795),
  .UNSPECIFIED.,.F.,.F.,(4,1,4),(0.,0.5,1.),.QUASI_UNIFORM_KNOTS.);
#6791 = CARTESIAN_POINT('',(106.1,-17.,3.));
#6792 = CARTESIAN_POINT('',(105.88333333333,-17.08333333333,3.));
#6793 = CARTESIAN_POINT('',(105.45,-17.25,3.));
#6794 = CARTESIAN_POINT('',(105.01666666666,-17.41666666666,3.));
#6795 = CARTESIAN_POINT('',(104.8,-17.5,3.));
#6796 = PCURVE('',#4784,#6797);
#6797 = DEFINITIONAL_REPRESENTATION('',(#6798),#6802);
#6798 = LINE('',#6799,#6800);
#6799 = CARTESIAN_POINT('',(0.,1.));
#6800 = VECTOR('',#6801,1.);
#6801 = DIRECTION('',(1.,0.));
#6802 = ( GEOMETRIC_REPRESENTATION_CONTEXT(2) 
PARAMETRIC_REPRESENTATION_CONTEXT() REPRESENTATION_CONTEXT('2D SPACE',''
  ) );
#6803 = PCURVE('',#6804,#6809);
#6804 = PLANE('',#6805);
#6805 = AXIS2_PLACEMENT_3D('',#6806,#6807,#6808);
#6806 = CARTESIAN_POINT('',(104.8,-17.5,3.));
#6807 = DIRECTION('',(0.,0.,1.));
#6808 = DIRECTION('',(1.,0.,-0.));
#6809 = DEFINITIONAL_REPRESENTATION('',(#6810),#6816);
#6810 = B_SPLINE_CURVE_WITH_KNOTS('',3,(#6811,#6812,#6813,#6814,#6815),
  .UNSPECIFIED.,.F.,.F.,(4,1,4),(0.,0.5,1.),.QUASI_UNIFORM_KNOTS.);
#6811 = CARTESIAN_POINT('',(1.3,0.5));
#6812 = CARTESIAN_POINT('',(1.083333333333,0.416666666667));
#6813 = CARTESIAN_POINT('',(0.65,0.25));
#6814 = CARTESIAN_POINT('',(0.216666666667,8.333333333333E-02));
#6815 = CARTESIAN_POINT('',(0.,0.));
#6816 = ( GEOMETRIC_REPRESENTATION_CONTEXT(2) 
PARAMETRIC_REPRESENTATION_CONTEXT() REPRESENTATION_CONTEXT('2D SPACE',''
  ) );
#6817 = ADVANCED_FACE('',(#6818),#4645,.F.);
#6818 = FACE_BOUND('',#6819,.F.);
#6819 = EDGE_LOOP('',(#6820,#6821,#6822,#6849));
#6820 = ORIENTED_EDGE('',*,*,#4559,.F.);
#6821 = ORIENTED_EDGE('',*,*,#6739,.T.);
#6822 = ORIENTED_EDGE('',*,*,#6823,.F.);
#6823 = EDGE_CURVE('',#6824,#6740,#6826,.T.);
#6824 = VERTEX_POINT('',#6825);
#6825 = CARTESIAN_POINT('',(108.6,-17.5,3.));
#6826 = SURFACE_CURVE('',#6827,(#6833,#6840),.PCURVE_S1.);
#6827 = B_SPLINE_CURVE_WITH_KNOTS('',3,(#6828,#6829,#6830,#6831,#6832),
  .UNSPECIFIED.,.F.,.F.,(4,1,4),(0.,0.5,1.),.QUASI_UNIFORM_KNOTS.);
#6828 = CARTESIAN_POINT('',(108.6,-17.5,3.));
#6829 = CARTESIAN_POINT('',(108.18333333333,-17.41666666666,3.));
#6830 = CARTESIAN_POINT('',(107.35,-17.25,3.));
#6831 = CARTESIAN_POINT('',(106.51666666666,-17.08333333333,3.));
#6832 = CARTESIAN_POINT('',(106.1,-17.,3.));
#6833 = PCURVE('',#4645,#6834);
#6834 = DEFINITIONAL_REPRESENTATION('',(#6835),#6839);
#6835 = LINE('',#6836,#6837);
#6836 = CARTESIAN_POINT('',(0.,1.));
#6837 = VECTOR('',#6838,1.);
#6838 = DIRECTION('',(1.,0.));
#6839 = ( GEOMETRIC_REPRESENTATION_CONTEXT(2) 
PARAMETRIC_REPRESENTATION_CONTEXT() REPRESENTATION_CONTEXT('2D SPACE',''
  ) );
#6840 = PCURVE('',#6804,#6841);
#6841 = DEFINITIONAL_REPRESENTATION('',(#6842),#6848);
#6842 = B_SPLINE_CURVE_WITH_KNOTS('',3,(#6843,#6844,#6845,#6846,#6847),
  .UNSPECIFIED.,.F.,.F.,(4,1,4),(0.,0.5,1.),.QUASI_UNIFORM_KNOTS.);
#6843 = CARTESIAN_POINT('',(3.8,0.));
#6844 = CARTESIAN_POINT('',(3.383333333333,8.333333333333E-02));
#6845 = CARTESIAN_POINT('',(2.55,0.25));
#6846 = CARTESIAN_POINT('',(1.716666666667,0.416666666667));
#6847 = CARTESIAN_POINT('',(1.3,0.5));
#6848 = ( GEOMETRIC_REPRESENTATION_CONTEXT(2) 
PARAMETRIC_REPRESENTATION_CONTEXT() REPRESENTATION_CONTEXT('2D SPACE',''
  ) );
#6849 = ORIENTED_EDGE('',*,*,#6850,.F.);
#6850 = EDGE_CURVE('',#4147,#6824,#6851,.T.);
#6851 = SURFACE_CURVE('',#6852,(#6857,#6864),.PCURVE_S1.);
#6852 = B_SPLINE_CURVE_WITH_KNOTS('',3,(#6853,#6854,#6855,#6856),
  .UNSPECIFIED.,.F.,.F.,(4,4),(0.,1.),.PIECEWISE_BEZIER_KNOTS.);
#6853 = CARTESIAN_POINT('',(136.,-17.5,8.4));
#6854 = CARTESIAN_POINT('',(126.86666666666,-17.5,6.6));
#6855 = CARTESIAN_POINT('',(117.73333333333,-17.5,4.8));
#6856 = CARTESIAN_POINT('',(108.6,-17.5,3.));
#6857 = PCURVE('',#4645,#6858);
#6858 = DEFINITIONAL_REPRESENTATION('',(#6859),#6863);
#6859 = LINE('',#6860,#6861);
#6860 = CARTESIAN_POINT('',(0.,0.));
#6861 = VECTOR('',#6862,1.);
#6862 = DIRECTION('',(0.,1.));
#6863 = ( GEOMETRIC_REPRESENTATION_CONTEXT(2) 
PARAMETRIC_REPRESENTATION_CONTEXT() REPRESENTATION_CONTEXT('2D SPACE',''
  ) );
#6864 = PCURVE('',#5941,#6865);
#6865 = DEFINITIONAL_REPRESENTATION('',(#6866),#6870);
#6866 = LINE('',#6867,#6868);
#6867 = CARTESIAN_POINT('',(1.,0.));
#6868 = VECTOR('',#6869,1.);
#6869 = DIRECTION('',(0.,1.));
#6870 = ( GEOMETRIC_REPRESENTATION_CONTEXT(2) 
PARAMETRIC_REPRESENTATION_CONTEXT() REPRESENTATION_CONTEXT('2D SPACE',''
  ) );
#6871 = ADVANCED_FACE('',(#6872),#4936,.F.);
#6872 = FACE_BOUND('',#6873,.F.);
#6873 = EDGE_LOOP('',(#6874,#6875,#6876,#6877,#6904,#6931,#6958));
#6874 = ORIENTED_EDGE('',*,*,#5316,.T.);
#6875 = ORIENTED_EDGE('',*,*,#4908,.T.);
#6876 = ORIENTED_EDGE('',*,*,#5710,.F.);
#6877 = ORIENTED_EDGE('',*,*,#6878,.T.);
#6878 = EDGE_CURVE('',#5711,#6879,#6881,.T.);
#6879 = VERTEX_POINT('',#6880);
#6880 = CARTESIAN_POINT('',(90.,-8.5,-8.3));
#6881 = SURFACE_CURVE('',#6882,(#6888,#6897),.PCURVE_S1.);
#6882 = B_SPLINE_CURVE_WITH_KNOTS('',3,(#6883,#6884,#6885,#6886,#6887),
  .UNSPECIFIED.,.F.,.F.,(4,1,4),(0.,0.5,1.),.QUASI_UNIFORM_KNOTS.);
#6883 = CARTESIAN_POINT('',(90.,-8.5,-4.));
#6884 = CARTESIAN_POINT('',(90.,-8.5,-4.716666666667));
#6885 = CARTESIAN_POINT('',(90.,-8.5,-6.15));
#6886 = CARTESIAN_POINT('',(90.,-8.5,-7.583333333333));
#6887 = CARTESIAN_POINT('',(90.,-8.5,-8.3));
#6888 = PCURVE('',#4936,#6889);
#6889 = DEFINITIONAL_REPRESENTATION('',(#6890),#6896);
#6890 = B_SPLINE_CURVE_WITH_KNOTS('',3,(#6891,#6892,#6893,#6894,#6895),
  .UNSPECIFIED.,.F.,.F.,(4,1,4),(0.,0.5,1.),.QUASI_UNIFORM_KNOTS.);
#6891 = CARTESIAN_POINT('',(24.88151924622,1.7763568394E-15));
#6892 = CARTESIAN_POINT('',(24.795109731643,0.711438336683));
#6893 = CARTESIAN_POINT('',(24.622290702489,2.134315010048));
#6894 = CARTESIAN_POINT('',(24.449471673336,3.557191683413));
#6895 = CARTESIAN_POINT('',(24.363062158759,4.268630020096));
#6896 = ( GEOMETRIC_REPRESENTATION_CONTEXT(2) 
PARAMETRIC_REPRESENTATION_CONTEXT() REPRESENTATION_CONTEXT('2D SPACE',''
  ) );
#6897 = PCURVE('',#5557,#6898);
#6898 = DEFINITIONAL_REPRESENTATION('',(#6899),#6903);
#6899 = LINE('',#6900,#6901);
#6900 = CARTESIAN_POINT('',(0.,0.));
#6901 = VECTOR('',#6902,1.);
#6902 = DIRECTION('',(1.,0.));
#6903 = ( GEOMETRIC_REPRESENTATION_CONTEXT(2) 
PARAMETRIC_REPRESENTATION_CONTEXT() REPRESENTATION_CONTEXT('2D SPACE',''
  ) );
#6904 = ORIENTED_EDGE('',*,*,#6905,.T.);
#6905 = EDGE_CURVE('',#6879,#6906,#6908,.T.);
#6906 = VERTEX_POINT('',#6907);
#6907 = CARTESIAN_POINT('',(85.5,-8.5,-9.8));
#6908 = SURFACE_CURVE('',#6909,(#6915,#6924),.PCURVE_S1.);
#6909 = B_SPLINE_CURVE_WITH_KNOTS('',3,(#6910,#6911,#6912,#6913,#6914),
  .UNSPECIFIED.,.F.,.F.,(4,1,4),(0.,0.5,1.),.QUASI_UNIFORM_KNOTS.);
#6910 = CARTESIAN_POINT('',(90.,-8.5,-8.3));
#6911 = CARTESIAN_POINT('',(89.25,-8.5,-8.55));
#6912 = CARTESIAN_POINT('',(87.75,-8.5,-9.05));
#6913 = CARTESIAN_POINT('',(86.25,-8.5,-9.55));
#6914 = CARTESIAN_POINT('',(85.5,-8.5,-9.8));
#6915 = PCURVE('',#4936,#6916);
#6916 = DEFINITIONAL_REPRESENTATION('',(#6917),#6923);
#6917 = B_SPLINE_CURVE_WITH_KNOTS('',3,(#6918,#6919,#6920,#6921,#6922),
  .UNSPECIFIED.,.F.,.F.,(4,1,4),(0.,0.5,1.),.QUASI_UNIFORM_KNOTS.);
#6918 = CARTESIAN_POINT('',(24.363062158759,4.268630020096));
#6919 = CARTESIAN_POINT('',(23.588390812959,4.426377622288));
#6920 = CARTESIAN_POINT('',(22.039048121361,4.741872826673));
#6921 = CARTESIAN_POINT('',(20.489705429762,5.057368031059));
#6922 = CARTESIAN_POINT('',(19.715034083963,5.215115633251));
#6923 = ( GEOMETRIC_REPRESENTATION_CONTEXT(2) 
PARAMETRIC_REPRESENTATION_CONTEXT() REPRESENTATION_CONTEXT('2D SPACE',''
  ) );
#6924 = PCURVE('',#5605,#6925);
#6925 = DEFINITIONAL_REPRESENTATION('',(#6926),#6930);
#6926 = LINE('',#6927,#6928);
#6927 = CARTESIAN_POINT('',(0.,0.));
#6928 = VECTOR('',#6929,1.);
#6929 = DIRECTION('',(1.,0.));
#6930 = ( GEOMETRIC_REPRESENTATION_CONTEXT(2) 
PARAMETRIC_REPRESENTATION_CONTEXT() REPRESENTATION_CONTEXT('2D SPACE',''
  ) );
#6931 = ORIENTED_EDGE('',*,*,#6932,.T.);
#6932 = EDGE_CURVE('',#6906,#6933,#6935,.T.);
#6933 = VERTEX_POINT('',#6934);
#6934 = CARTESIAN_POINT('',(72.,-8.5,-10.3));
#6935 = SURFACE_CURVE('',#6936,(#6942,#6951),.PCURVE_S1.);
#6936 = B_SPLINE_CURVE_WITH_KNOTS('',3,(#6937,#6938,#6939,#6940,#6941),
  .UNSPECIFIED.,.F.,.F.,(4,1,4),(0.,0.5,1.),.QUASI_UNIFORM_KNOTS.);
#6937 = CARTESIAN_POINT('',(85.5,-8.5,-9.8));
#6938 = CARTESIAN_POINT('',(83.25,-8.5,-9.883333333333));
#6939 = CARTESIAN_POINT('',(78.75,-8.5,-10.05));
#6940 = CARTESIAN_POINT('',(74.25,-8.5,-10.21666666666));
#6941 = CARTESIAN_POINT('',(72.,-8.5,-10.3));
#6942 = PCURVE('',#4936,#6943);
#6943 = DEFINITIONAL_REPRESENTATION('',(#6944),#6950);
#6944 = B_SPLINE_CURVE_WITH_KNOTS('',3,(#6945,#6946,#6947,#6948,#6949),
  .UNSPECIFIED.,.F.,.F.,(4,1,4),(0.,0.5,1.),.QUASI_UNIFORM_KNOTS.);
#6945 = CARTESIAN_POINT('',(19.715034083963,5.215115633251));
#6946 = CARTESIAN_POINT('',(17.471400990357,5.026555335938));
#6947 = CARTESIAN_POINT('',(12.984134803147,4.649434741312));
#6948 = CARTESIAN_POINT('',(8.496868615936,4.272314146686));
#6949 = CARTESIAN_POINT('',(6.25323552233,4.083753849373));
#6950 = ( GEOMETRIC_REPRESENTATION_CONTEXT(2) 
PARAMETRIC_REPRESENTATION_CONTEXT() REPRESENTATION_CONTEXT('2D SPACE',''
  ) );
#6951 = PCURVE('',#5653,#6952);
#6952 = DEFINITIONAL_REPRESENTATION('',(#6953),#6957);
#6953 = LINE('',#6954,#6955);
#6954 = CARTESIAN_POINT('',(0.,0.));
#6955 = VECTOR('',#6956,1.);
#6956 = DIRECTION('',(1.,0.));
#6957 = ( GEOMETRIC_REPRESENTATION_CONTEXT(2) 
PARAMETRIC_REPRESENTATION_CONTEXT() REPRESENTATION_CONTEXT('2D SPACE',''
  ) );
#6958 = ORIENTED_EDGE('',*,*,#6959,.T.);
#6959 = EDGE_CURVE('',#6933,#5270,#6960,.T.);
#6960 = SURFACE_CURVE('',#6961,(#6967,#6976),.PCURVE_S1.);
#6961 = B_SPLINE_CURVE_WITH_KNOTS('',3,(#6962,#6963,#6964,#6965,#6966),
  .UNSPECIFIED.,.F.,.F.,(4,1,4),(0.,0.5,1.),.QUASI_UNIFORM_KNOTS.);
#6962 = CARTESIAN_POINT('',(72.,-8.5,-10.3));
#6963 = CARTESIAN_POINT('',(71.083333333333,-8.5,-10.13333333333));
#6964 = CARTESIAN_POINT('',(69.25,-8.5,-9.8));
#6965 = CARTESIAN_POINT('',(67.416666666667,-8.5,-9.466666666667));
#6966 = CARTESIAN_POINT('',(66.5,-8.5,-9.3));
#6967 = PCURVE('',#4936,#6968);
#6968 = DEFINITIONAL_REPRESENTATION('',(#6969),#6975);
#6969 = B_SPLINE_CURVE_WITH_KNOTS('',3,(#6970,#6971,#6972,#6973,#6974),
  .UNSPECIFIED.,.F.,.F.,(4,1,4),(0.,0.5,1.),.QUASI_UNIFORM_KNOTS.);
#6970 = CARTESIAN_POINT('',(6.25323552233,4.083753849373));
#6971 = CARTESIAN_POINT('',(5.363351490428,3.807779275686));
#6972 = CARTESIAN_POINT('',(3.583583426625,3.255830128311));
#6973 = CARTESIAN_POINT('',(1.803815362821,2.703880980937));
#6974 = CARTESIAN_POINT('',(0.91393133092,2.42790640725));
#6975 = ( GEOMETRIC_REPRESENTATION_CONTEXT(2) 
PARAMETRIC_REPRESENTATION_CONTEXT() REPRESENTATION_CONTEXT('2D SPACE',''
  ) );
#6976 = PCURVE('',#5288,#6977);
#6977 = DEFINITIONAL_REPRESENTATION('',(#6978),#6982);
#6978 = LINE('',#6979,#6980);
#6979 = CARTESIAN_POINT('',(0.,0.));
#6980 = VECTOR('',#6981,1.);
#6981 = DIRECTION('',(1.,0.));
#6982 = ( GEOMETRIC_REPRESENTATION_CONTEXT(2) 
PARAMETRIC_REPRESENTATION_CONTEXT() REPRESENTATION_CONTEXT('2D SPACE',''
  ) );
#6983 = ADVANCED_FACE('',(#6984),#5186,.T.);
#6984 = FACE_BOUND('',#6985,.T.);
#6985 = EDGE_LOOP('',(#6986,#7013,#7061,#7109,#7157,#7184,#7232,#7280,
    #7328,#7353,#7354));
#6986 = ORIENTED_EDGE('',*,*,#6987,.T.);
#6987 = EDGE_CURVE('',#5090,#6988,#6990,.T.);
#6988 = VERTEX_POINT('',#6989);
#6989 = CARTESIAN_POINT('',(65.3,-7.5,-7.5));
#6990 = SURFACE_CURVE('',#6991,(#6997,#7006),.PCURVE_S1.);
#6991 = B_SPLINE_CURVE_WITH_KNOTS('',3,(#6992,#6993,#6994,#6995,#6996),
  .UNSPECIFIED.,.F.,.F.,(4,1,4),(0.,0.5,1.),.QUASI_UNIFORM_KNOTS.);
#6992 = CARTESIAN_POINT('',(66.5,-7.5,-9.05));
#6993 = CARTESIAN_POINT('',(66.3,-7.5,-8.791666666667));
#6994 = CARTESIAN_POINT('',(65.9,-7.5,-8.275));
#6995 = CARTESIAN_POINT('',(65.5,-7.5,-7.758333333333));
#6996 = CARTESIAN_POINT('',(65.3,-7.5,-7.5));
#6997 = PCURVE('',#5186,#6998);
#6998 = DEFINITIONAL_REPRESENTATION('',(#6999),#7005);
#6999 = B_SPLINE_CURVE_WITH_KNOTS('',3,(#7000,#7001,#7002,#7003,#7004),
  .UNSPECIFIED.,.F.,.F.,(4,1,4),(0.,0.5,1.),.QUASI_UNIFORM_KNOTS.);
#7000 = CARTESIAN_POINT('',(1.037815062915,1.662961182706));
#7001 = CARTESIAN_POINT('',(0.864845885762,1.385800985589));
#7002 = CARTESIAN_POINT('',(0.518907531457,0.831480591353));
#7003 = CARTESIAN_POINT('',(0.172969177152,0.277160197118));
#7004 = CARTESIAN_POINT('',(0.,0.));
#7005 = ( GEOMETRIC_REPRESENTATION_CONTEXT(2) 
PARAMETRIC_REPRESENTATION_CONTEXT() REPRESENTATION_CONTEXT('2D SPACE',''
  ) );
#7006 = PCURVE('',#5127,#7007);
#7007 = DEFINITIONAL_REPRESENTATION('',(#7008),#7012);
#7008 = LINE('',#7009,#7010);
#7009 = CARTESIAN_POINT('',(0.,0.));
#7010 = VECTOR('',#7011,1.);
#7011 = DIRECTION('',(1.,0.));
#7012 = ( GEOMETRIC_REPRESENTATION_CONTEXT(2) 
PARAMETRIC_REPRESENTATION_CONTEXT() REPRESENTATION_CONTEXT('2D SPACE',''
  ) );
#7013 = ORIENTED_EDGE('',*,*,#7014,.T.);
#7014 = EDGE_CURVE('',#6988,#7015,#7017,.T.);
#7015 = VERTEX_POINT('',#7016);
#7016 = CARTESIAN_POINT('',(69.5,-7.5,-6.5));
#7017 = SURFACE_CURVE('',#7018,(#7024,#7033),.PCURVE_S1.);
#7018 = B_SPLINE_CURVE_WITH_KNOTS('',3,(#7019,#7020,#7021,#7022,#7023),
  .UNSPECIFIED.,.F.,.F.,(4,1,4),(0.,0.5,1.),.QUASI_UNIFORM_KNOTS.);
#7019 = CARTESIAN_POINT('',(65.3,-7.5,-7.5));
#7020 = CARTESIAN_POINT('',(66.,-7.5,-7.333333333333));
#7021 = CARTESIAN_POINT('',(67.4,-7.5,-7.));
#7022 = CARTESIAN_POINT('',(68.8,-7.5,-6.666666666667));
#7023 = CARTESIAN_POINT('',(69.5,-7.5,-6.5));
#7024 = PCURVE('',#5186,#7025);
#7025 = DEFINITIONAL_REPRESENTATION('',(#7026),#7032);
#7026 = B_SPLINE_CURVE_WITH_KNOTS('',3,(#7027,#7028,#7029,#7030,#7031),
  .UNSPECIFIED.,.F.,.F.,(4,1,4),(0.,0.5,1.),.QUASI_UNIFORM_KNOTS.);
#7027 = CARTESIAN_POINT('',(0.,0.));
#7028 = CARTESIAN_POINT('',(0.71322512636,-9.53294125971E-02));
#7029 = CARTESIAN_POINT('',(2.139675379081,-0.285988237791));
#7030 = CARTESIAN_POINT('',(3.566125631802,-0.476647062986));
#7031 = CARTESIAN_POINT('',(4.279350758162,-0.571976475583));
#7032 = ( GEOMETRIC_REPRESENTATION_CONTEXT(2) 
PARAMETRIC_REPRESENTATION_CONTEXT() REPRESENTATION_CONTEXT('2D SPACE',''
  ) );
#7033 = PCURVE('',#7034,#7055);
#7034 = B_SPLINE_SURFACE_WITH_KNOTS('',3,3,(
    (#7035,#7036,#7037,#7038)
    ,(#7039,#7040,#7041,#7042)
    ,(#7043,#7044,#7045,#7046)
    ,(#7047,#7048,#7049,#7050)
    ,(#7051,#7052,#7053,#7054
  )),.UNSPECIFIED.,.F.,.F.,.F.,(4,1,4),(4,4),(0.,0.5,1.),(0.,1.),
  .UNSPECIFIED.);
#7035 = CARTESIAN_POINT('',(65.3,-7.5,-7.5));
#7036 = CARTESIAN_POINT('',(65.3,-2.5,-7.5));
#7037 = CARTESIAN_POINT('',(65.3,2.5,-7.5));
#7038 = CARTESIAN_POINT('',(65.3,7.5,-7.5));
#7039 = CARTESIAN_POINT('',(66.,-7.5,-7.333333333333));
#7040 = CARTESIAN_POINT('',(66.,-2.5,-7.333333333333));
#7041 = CARTESIAN_POINT('',(66.,2.5,-7.333333333333));
#7042 = CARTESIAN_POINT('',(66.,7.5,-7.333333333333));
#7043 = CARTESIAN_POINT('',(67.4,-7.5,-7.));
#7044 = CARTESIAN_POINT('',(67.4,-2.499999995851,-7.));
#7045 = CARTESIAN_POINT('',(67.4,2.499999995851,-7.));
#7046 = CARTESIAN_POINT('',(67.4,7.5,-7.));
#7047 = CARTESIAN_POINT('',(68.8,-7.5,-6.666666666667));
#7048 = CARTESIAN_POINT('',(68.8,-2.5,-6.666666666667));
#7049 = CARTESIAN_POINT('',(68.8,2.5,-6.666666666667));
#7050 = CARTESIAN_POINT('',(68.8,7.5,-6.666666666667));
#7051 = CARTESIAN_POINT('',(69.5,-7.5,-6.5));
#7052 = CARTESIAN_POINT('',(69.5,-2.5,-6.5));
#7053 = CARTESIAN_POINT('',(69.5,2.5,-6.5));
#7054 = CARTESIAN_POINT('',(69.5,7.5,-6.5));
#7055 = DEFINITIONAL_REPRESENTATION('',(#7056),#7060);
#7056 = LINE('',#7057,#7058);
#7057 = CARTESIAN_POINT('',(0.,0.));
#7058 = VECTOR('',#7059,1.);
#7059 = DIRECTION('',(1.,0.));
#7060 = ( GEOMETRIC_REPRESENTATION_CONTEXT(2) 
PARAMETRIC_REPRESENTATION_CONTEXT() REPRESENTATION_CONTEXT('2D SPACE',''
  ) );
#7061 = ORIENTED_EDGE('',*,*,#7062,.T.);
#7062 = EDGE_CURVE('',#7015,#7063,#7065,.T.);
#7063 = VERTEX_POINT('',#7064);
#7064 = CARTESIAN_POINT('',(85.,-7.5,-6.));
#7065 = SURFACE_CURVE('',#7066,(#7072,#7081),.PCURVE_S1.);
#7066 = B_SPLINE_CURVE_WITH_KNOTS('',3,(#7067,#7068,#7069,#7070,#7071),
  .UNSPECIFIED.,.F.,.F.,(4,1,4),(0.,0.5,1.),.QUASI_UNIFORM_KNOTS.);
#7067 = CARTESIAN_POINT('',(69.5,-7.5,-6.5));
#7068 = CARTESIAN_POINT('',(72.083333333333,-7.5,-6.416666666667));
#7069 = CARTESIAN_POINT('',(77.25,-7.5,-6.25));
#7070 = CARTESIAN_POINT('',(82.416666666667,-7.5,-6.083333333333));
#7071 = CARTESIAN_POINT('',(85.,-7.5,-6.));
#7072 = PCURVE('',#5186,#7073);
#7073 = DEFINITIONAL_REPRESENTATION('',(#7074),#7080);
#7074 = B_SPLINE_CURVE_WITH_KNOTS('',3,(#7075,#7076,#7077,#7078,#7079),
  .UNSPECIFIED.,.F.,.F.,(4,1,4),(0.,0.5,1.),.QUASI_UNIFORM_KNOTS.);
#7075 = CARTESIAN_POINT('',(4.279350758162,-0.571976475583));
#7076 = CARTESIAN_POINT('',(6.857944235524,-0.394744328219));
#7077 = CARTESIAN_POINT('',(12.015131190249,-4.028003349173E-02));
#7078 = CARTESIAN_POINT('',(17.172318144974,0.314184261236));
#7079 = CARTESIAN_POINT('',(19.750911622337,0.491416408599));
#7080 = ( GEOMETRIC_REPRESENTATION_CONTEXT(2) 
PARAMETRIC_REPRESENTATION_CONTEXT() REPRESENTATION_CONTEXT('2D SPACE',''
  ) );
#7081 = PCURVE('',#7082,#7103);
#7082 = B_SPLINE_SURFACE_WITH_KNOTS('',3,3,(
    (#7083,#7084,#7085,#7086)
    ,(#7087,#7088,#7089,#7090)
    ,(#7091,#7092,#7093,#7094)
    ,(#7095,#7096,#7097,#7098)
    ,(#7099,#7100,#7101,#7102
  )),.UNSPECIFIED.,.F.,.F.,.F.,(4,1,4),(4,4),(0.,0.5,1.),(0.,1.),
  .UNSPECIFIED.);
#7083 = CARTESIAN_POINT('',(69.5,-7.5,-6.5));
#7084 = CARTESIAN_POINT('',(69.5,-2.5,-6.5));
#7085 = CARTESIAN_POINT('',(69.5,2.5,-6.5));
#7086 = CARTESIAN_POINT('',(69.5,7.5,-6.5));
#7087 = CARTESIAN_POINT('',(72.083333333333,-7.5,-6.416666666667));
#7088 = CARTESIAN_POINT('',(72.083333333333,-2.5,-6.416666666667));
#7089 = CARTESIAN_POINT('',(72.083333333333,2.5,-6.416666666667));
#7090 = CARTESIAN_POINT('',(72.083333333333,7.5,-6.416666666667));
#7091 = CARTESIAN_POINT('',(77.25,-7.5,-6.25));
#7092 = CARTESIAN_POINT('',(77.25,-2.499999995851,-6.25));
#7093 = CARTESIAN_POINT('',(77.25,2.499999995851,-6.25));
#7094 = CARTESIAN_POINT('',(77.25,7.5,-6.25));
#7095 = CARTESIAN_POINT('',(82.416666666667,-7.5,-6.083333333333));
#7096 = CARTESIAN_POINT('',(82.416666666667,-2.5,-6.083333333333));
#7097 = CARTESIAN_POINT('',(82.416666666667,2.5,-6.083333333333));
#7098 = CARTESIAN_POINT('',(82.416666666667,7.5,-6.083333333333));
#7099 = CARTESIAN_POINT('',(85.,-7.5,-6.));
#7100 = CARTESIAN_POINT('',(85.,-2.5,-6.));
#7101 = CARTESIAN_POINT('',(85.,2.5,-6.));
#7102 = CARTESIAN_POINT('',(85.,7.5,-6.));
#7103 = DEFINITIONAL_REPRESENTATION('',(#7104),#7108);
#7104 = LINE('',#7105,#7106);
#7105 = CARTESIAN_POINT('',(0.,0.));
#7106 = VECTOR('',#7107,1.);
#7107 = DIRECTION('',(1.,0.));
#7108 = ( GEOMETRIC_REPRESENTATION_CONTEXT(2) 
PARAMETRIC_REPRESENTATION_CONTEXT() REPRESENTATION_CONTEXT('2D SPACE',''
  ) );
#7109 = ORIENTED_EDGE('',*,*,#7110,.T.);
#7110 = EDGE_CURVE('',#7063,#7111,#7113,.T.);
#7111 = VERTEX_POINT('',#7112);
#7112 = CARTESIAN_POINT('',(90.,-7.5,-5.));
#7113 = SURFACE_CURVE('',#7114,(#7120,#7129),.PCURVE_S1.);
#7114 = B_SPLINE_CURVE_WITH_KNOTS('',3,(#7115,#7116,#7117,#7118,#7119),
  .UNSPECIFIED.,.F.,.F.,(4,1,4),(0.,0.5,1.),.QUASI_UNIFORM_KNOTS.);
#7115 = CARTESIAN_POINT('',(85.,-7.5,-6.));
#7116 = CARTESIAN_POINT('',(85.833333333333,-7.5,-5.833333333333));
#7117 = CARTESIAN_POINT('',(87.5,-7.5,-5.5));
#7118 = CARTESIAN_POINT('',(89.166666666667,-7.5,-5.166666666667));
#7119 = CARTESIAN_POINT('',(90.,-7.5,-5.));
#7120 = PCURVE('',#5186,#7121);
#7121 = DEFINITIONAL_REPRESENTATION('',(#7122),#7128);
#7122 = B_SPLINE_CURVE_WITH_KNOTS('',3,(#7123,#7124,#7125,#7126,#7127),
  .UNSPECIFIED.,.F.,.F.,(4,1,4),(0.,0.5,1.),.QUASI_UNIFORM_KNOTS.);
#7123 = CARTESIAN_POINT('',(19.750911622337,0.491416408599));
#7124 = CARTESIAN_POINT('',(20.596792325663,0.409513673833));
#7125 = CARTESIAN_POINT('',(22.288553732316,0.2457082043));
#7126 = CARTESIAN_POINT('',(23.980315138969,8.190273476652E-02));
#7127 = CARTESIAN_POINT('',(24.826195842295,-1.7763568394E-15));
#7128 = ( GEOMETRIC_REPRESENTATION_CONTEXT(2) 
PARAMETRIC_REPRESENTATION_CONTEXT() REPRESENTATION_CONTEXT('2D SPACE',''
  ) );
#7129 = PCURVE('',#7130,#7151);
#7130 = B_SPLINE_SURFACE_WITH_KNOTS('',3,3,(
    (#7131,#7132,#7133,#7134)
    ,(#7135,#7136,#7137,#7138)
    ,(#7139,#7140,#7141,#7142)
    ,(#7143,#7144,#7145,#7146)
    ,(#7147,#7148,#7149,#7150
  )),.UNSPECIFIED.,.F.,.F.,.F.,(4,1,4),(4,4),(0.,0.5,1.),(0.,1.),
  .UNSPECIFIED.);
#7131 = CARTESIAN_POINT('',(85.,-7.5,-6.));
#7132 = CARTESIAN_POINT('',(85.,-2.5,-6.));
#7133 = CARTESIAN_POINT('',(85.,2.5,-6.));
#7134 = CARTESIAN_POINT('',(85.,7.5,-6.));
#7135 = CARTESIAN_POINT('',(85.833333333333,-7.5,-5.833333333333));
#7136 = CARTESIAN_POINT('',(85.833333333333,-2.5,-5.833333333333));
#7137 = CARTESIAN_POINT('',(85.833333333333,2.5,-5.833333333333));
#7138 = CARTESIAN_POINT('',(85.833333333333,7.5,-5.833333333333));
#7139 = CARTESIAN_POINT('',(87.5,-7.5,-5.5));
#7140 = CARTESIAN_POINT('',(87.5,-2.499999995851,-5.5));
#7141 = CARTESIAN_POINT('',(87.5,2.499999995851,-5.5));
#7142 = CARTESIAN_POINT('',(87.5,7.5,-5.5));
#7143 = CARTESIAN_POINT('',(89.166666666667,-7.5,-5.166666666667));
#7144 = CARTESIAN_POINT('',(89.166666666667,-2.5,-5.166666666667));
#7145 = CARTESIAN_POINT('',(89.166666666667,2.5,-5.166666666667));
#7146 = CARTESIAN_POINT('',(89.166666666667,7.5,-5.166666666667));
#7147 = CARTESIAN_POINT('',(90.,-7.5,-5.));
#7148 = CARTESIAN_POINT('',(90.,-2.5,-5.));
#7149 = CARTESIAN_POINT('',(90.,2.5,-5.));
#7150 = CARTESIAN_POINT('',(90.,7.5,-5.));
#7151 = DEFINITIONAL_REPRESENTATION('',(#7152),#7156);
#7152 = LINE('',#7153,#7154);
#7153 = CARTESIAN_POINT('',(0.,0.));
#7154 = VECTOR('',#7155,1.);
#7155 = DIRECTION('',(1.,0.));
#7156 = ( GEOMETRIC_REPRESENTATION_CONTEXT(2) 
PARAMETRIC_REPRESENTATION_CONTEXT() REPRESENTATION_CONTEXT('2D SPACE',''
  ) );
#7157 = ORIENTED_EDGE('',*,*,#7158,.T.);
#7158 = EDGE_CURVE('',#7111,#7159,#7161,.T.);
#7159 = VERTEX_POINT('',#7160);
#7160 = CARTESIAN_POINT('',(90.,-7.5,-7.3));
#7161 = SURFACE_CURVE('',#7162,(#7168,#7177),.PCURVE_S1.);
#7162 = B_SPLINE_CURVE_WITH_KNOTS('',3,(#7163,#7164,#7165,#7166,#7167),
  .UNSPECIFIED.,.F.,.F.,(4,1,4),(0.,0.5,1.),.QUASI_UNIFORM_KNOTS.);
#7163 = CARTESIAN_POINT('',(90.,-7.5,-5.));
#7164 = CARTESIAN_POINT('',(90.,-7.5,-5.383333333333));
#7165 = CARTESIAN_POINT('',(90.,-7.5,-6.15));
#7166 = CARTESIAN_POINT('',(90.,-7.5,-6.916666666667));
#7167 = CARTESIAN_POINT('',(90.,-7.5,-7.3));
#7168 = PCURVE('',#5186,#7169);
#7169 = DEFINITIONAL_REPRESENTATION('',(#7170),#7176);
#7170 = B_SPLINE_CURVE_WITH_KNOTS('',3,(#7171,#7172,#7173,#7174,#7175),
  .UNSPECIFIED.,.F.,.F.,(4,1,4),(0.,0.5,1.),.QUASI_UNIFORM_KNOTS.);
#7171 = CARTESIAN_POINT('',(24.826195842295,-1.7763568394E-15));
#7172 = CARTESIAN_POINT('',(24.787594143532,0.381384783778));
#7173 = CARTESIAN_POINT('',(24.710390746007,1.144154351333));
#7174 = CARTESIAN_POINT('',(24.633187348481,1.906923918888));
#7175 = CARTESIAN_POINT('',(24.594585649718,2.288308702665));
#7176 = ( GEOMETRIC_REPRESENTATION_CONTEXT(2) 
PARAMETRIC_REPRESENTATION_CONTEXT() REPRESENTATION_CONTEXT('2D SPACE',''
  ) );
#7177 = PCURVE('',#5557,#7178);
#7178 = DEFINITIONAL_REPRESENTATION('',(#7179),#7183);
#7179 = B_SPLINE_CURVE_WITH_KNOTS('',2,(#7180,#7181,#7182),
  .UNSPECIFIED.,.F.,.F.,(3,3),(0.,1.),.PIECEWISE_BEZIER_KNOTS.);
#7180 = CARTESIAN_POINT('',(0.232558139535,5.882352940269E-02));
#7181 = CARTESIAN_POINT('',(0.5,5.882352938179E-02));
#7182 = CARTESIAN_POINT('',(0.767441860465,5.882352940269E-02));
#7183 = ( GEOMETRIC_REPRESENTATION_CONTEXT(2) 
PARAMETRIC_REPRESENTATION_CONTEXT() REPRESENTATION_CONTEXT('2D SPACE',''
  ) );
#7184 = ORIENTED_EDGE('',*,*,#7185,.T.);
#7185 = EDGE_CURVE('',#7159,#7186,#7188,.T.);
#7186 = VERTEX_POINT('',#7187);
#7187 = CARTESIAN_POINT('',(85.5,-7.5,-8.8));
#7188 = SURFACE_CURVE('',#7189,(#7195,#7204),.PCURVE_S1.);
#7189 = B_SPLINE_CURVE_WITH_KNOTS('',3,(#7190,#7191,#7192,#7193,#7194),
  .UNSPECIFIED.,.F.,.F.,(4,1,4),(0.,0.5,1.),.QUASI_UNIFORM_KNOTS.);
#7190 = CARTESIAN_POINT('',(90.,-7.5,-7.3));
#7191 = CARTESIAN_POINT('',(89.25,-7.5,-7.55));
#7192 = CARTESIAN_POINT('',(87.75,-7.5,-8.05));
#7193 = CARTESIAN_POINT('',(86.25,-7.5,-8.55));
#7194 = CARTESIAN_POINT('',(85.5,-7.5,-8.8));
#7195 = PCURVE('',#5186,#7196);
#7196 = DEFINITIONAL_REPRESENTATION('',(#7197),#7203);
#7197 = B_SPLINE_CURVE_WITH_KNOTS('',3,(#7198,#7199,#7200,#7201,#7202),
  .UNSPECIFIED.,.F.,.F.,(4,1,4),(0.,0.5,1.),.QUASI_UNIFORM_KNOTS.);
#7198 = CARTESIAN_POINT('',(24.594585649718,2.288308702665));
#7199 = CARTESIAN_POINT('',(23.823223008351,2.46151284668));
#7200 = CARTESIAN_POINT('',(22.280497725618,2.807921134709));
#7201 = CARTESIAN_POINT('',(20.737772442884,3.154329422738));
#7202 = CARTESIAN_POINT('',(19.966409801518,3.327533566752));
#7203 = ( GEOMETRIC_REPRESENTATION_CONTEXT(2) 
PARAMETRIC_REPRESENTATION_CONTEXT() REPRESENTATION_CONTEXT('2D SPACE',''
  ) );
#7204 = PCURVE('',#7205,#7226);
#7205 = B_SPLINE_SURFACE_WITH_KNOTS('',3,3,(
    (#7206,#7207,#7208,#7209)
    ,(#7210,#7211,#7212,#7213)
    ,(#7214,#7215,#7216,#7217)
    ,(#7218,#7219,#7220,#7221)
    ,(#7222,#7223,#7224,#7225
  )),.UNSPECIFIED.,.F.,.F.,.F.,(4,1,4),(4,4),(0.,0.5,1.),(0.,1.),
  .UNSPECIFIED.);
#7206 = CARTESIAN_POINT('',(90.,-7.5,-7.3));
#7207 = CARTESIAN_POINT('',(90.,-2.5,-7.3));
#7208 = CARTESIAN_POINT('',(90.,2.5,-7.3));
#7209 = CARTESIAN_POINT('',(90.,7.5,-7.3));
#7210 = CARTESIAN_POINT('',(89.25,-7.5,-7.55));
#7211 = CARTESIAN_POINT('',(89.25,-2.5,-7.55));
#7212 = CARTESIAN_POINT('',(89.25,2.5,-7.55));
#7213 = CARTESIAN_POINT('',(89.25,7.5,-7.55));
#7214 = CARTESIAN_POINT('',(87.75,-7.5,-8.05));
#7215 = CARTESIAN_POINT('',(87.75,-2.499999995851,-8.05));
#7216 = CARTESIAN_POINT('',(87.75,2.499999995851,-8.05));
#7217 = CARTESIAN_POINT('',(87.75,7.5,-8.05));
#7218 = CARTESIAN_POINT('',(86.25,-7.5,-8.55));
#7219 = CARTESIAN_POINT('',(86.25,-2.5,-8.55));
#7220 = CARTESIAN_POINT('',(86.25,2.5,-8.55));
#7221 = CARTESIAN_POINT('',(86.25,7.5,-8.55));
#7222 = CARTESIAN_POINT('',(85.5,-7.5,-8.8));
#7223 = CARTESIAN_POINT('',(85.5,-2.5,-8.8));
#7224 = CARTESIAN_POINT('',(85.5,2.5,-8.8));
#7225 = CARTESIAN_POINT('',(85.5,7.5,-8.8));
#7226 = DEFINITIONAL_REPRESENTATION('',(#7227),#7231);
#7227 = LINE('',#7228,#7229);
#7228 = CARTESIAN_POINT('',(0.,0.));
#7229 = VECTOR('',#7230,1.);
#7230 = DIRECTION('',(1.,0.));
#7231 = ( GEOMETRIC_REPRESENTATION_CONTEXT(2) 
PARAMETRIC_REPRESENTATION_CONTEXT() REPRESENTATION_CONTEXT('2D SPACE',''
  ) );
#7232 = ORIENTED_EDGE('',*,*,#7233,.T.);
#7233 = EDGE_CURVE('',#7186,#7234,#7236,.T.);
#7234 = VERTEX_POINT('',#7235);
#7235 = CARTESIAN_POINT('',(72.,-7.5,-9.3));
#7236 = SURFACE_CURVE('',#7237,(#7243,#7252),.PCURVE_S1.);
#7237 = B_SPLINE_CURVE_WITH_KNOTS('',3,(#7238,#7239,#7240,#7241,#7242),
  .UNSPECIFIED.,.F.,.F.,(4,1,4),(0.,0.5,1.),.QUASI_UNIFORM_KNOTS.);
#7238 = CARTESIAN_POINT('',(85.5,-7.5,-8.8));
#7239 = CARTESIAN_POINT('',(83.25,-7.5,-8.883333333333));
#7240 = CARTESIAN_POINT('',(78.75,-7.5,-9.05));
#7241 = CARTESIAN_POINT('',(74.25,-7.5,-9.216666666667));
#7242 = CARTESIAN_POINT('',(72.,-7.5,-9.3));
#7243 = PCURVE('',#5186,#7244);
#7244 = DEFINITIONAL_REPRESENTATION('',(#7245),#7251);
#7245 = B_SPLINE_CURVE_WITH_KNOTS('',3,(#7246,#7247,#7248,#7249,#7250),
  .UNSPECIFIED.,.F.,.F.,(4,1,4),(0.,0.5,1.),.QUASI_UNIFORM_KNOTS.);
#7246 = CARTESIAN_POINT('',(19.966409801518,3.327533566752));
#7247 = CARTESIAN_POINT('',(17.71945526657,3.183868113965));
#7248 = CARTESIAN_POINT('',(13.225546196676,2.896537208391));
#7249 = CARTESIAN_POINT('',(8.731637126781,2.609206302816));
#7250 = CARTESIAN_POINT('',(6.484682591834,2.465540850029));
#7251 = ( GEOMETRIC_REPRESENTATION_CONTEXT(2) 
PARAMETRIC_REPRESENTATION_CONTEXT() REPRESENTATION_CONTEXT('2D SPACE',''
  ) );
#7252 = PCURVE('',#7253,#7274);
#7253 = B_SPLINE_SURFACE_WITH_KNOTS('',3,3,(
    (#7254,#7255,#7256,#7257)
    ,(#7258,#7259,#7260,#7261)
    ,(#7262,#7263,#7264,#7265)
    ,(#7266,#7267,#7268,#7269)
    ,(#7270,#7271,#7272,#7273
  )),.UNSPECIFIED.,.F.,.F.,.F.,(4,1,4),(4,4),(0.,0.5,1.),(0.,1.),
  .UNSPECIFIED.);
#7254 = CARTESIAN_POINT('',(85.5,-7.5,-8.8));
#7255 = CARTESIAN_POINT('',(85.5,-2.5,-8.8));
#7256 = CARTESIAN_POINT('',(85.5,2.5,-8.8));
#7257 = CARTESIAN_POINT('',(85.5,7.5,-8.8));
#7258 = CARTESIAN_POINT('',(83.25,-7.5,-8.883333333333));
#7259 = CARTESIAN_POINT('',(83.25,-2.5,-8.883333333333));
#7260 = CARTESIAN_POINT('',(83.25,2.5,-8.883333333333));
#7261 = CARTESIAN_POINT('',(83.25,7.5,-8.883333333333));
#7262 = CARTESIAN_POINT('',(78.75,-7.5,-9.05));
#7263 = CARTESIAN_POINT('',(78.75,-2.499999995851,-9.05));
#7264 = CARTESIAN_POINT('',(78.75,2.499999995851,-9.05));
#7265 = CARTESIAN_POINT('',(78.75,7.5,-9.05));
#7266 = CARTESIAN_POINT('',(74.25,-7.5,-9.216666666667));
#7267 = CARTESIAN_POINT('',(74.25,-2.5,-9.216666666667));
#7268 = CARTESIAN_POINT('',(74.25,2.5,-9.216666666667));
#7269 = CARTESIAN_POINT('',(74.25,7.5,-9.216666666667));
#7270 = CARTESIAN_POINT('',(72.,-7.5,-9.3));
#7271 = CARTESIAN_POINT('',(72.,-2.5,-9.3));
#7272 = CARTESIAN_POINT('',(72.,2.5,-9.3));
#7273 = CARTESIAN_POINT('',(72.,7.5,-9.3));
#7274 = DEFINITIONAL_REPRESENTATION('',(#7275),#7279);
#7275 = LINE('',#7276,#7277);
#7276 = CARTESIAN_POINT('',(0.,0.));
#7277 = VECTOR('',#7278,1.);
#7278 = DIRECTION('',(1.,0.));
#7279 = ( GEOMETRIC_REPRESENTATION_CONTEXT(2) 
PARAMETRIC_REPRESENTATION_CONTEXT() REPRESENTATION_CONTEXT('2D SPACE',''
  ) );
#7280 = ORIENTED_EDGE('',*,*,#7281,.T.);
#7281 = EDGE_CURVE('',#7234,#7282,#7284,.T.);
#7282 = VERTEX_POINT('',#7283);
#7283 = CARTESIAN_POINT('',(66.5,-7.5,-9.05));
#7284 = SURFACE_CURVE('',#7285,(#7291,#7300),.PCURVE_S1.);
#7285 = B_SPLINE_CURVE_WITH_KNOTS('',3,(#7286,#7287,#7288,#7289,#7290),
  .UNSPECIFIED.,.F.,.F.,(4,1,4),(0.,0.5,1.),.QUASI_UNIFORM_KNOTS.);
#7286 = CARTESIAN_POINT('',(72.,-7.5,-9.3));
#7287 = CARTESIAN_POINT('',(71.083333333333,-7.5,-9.258333333333));
#7288 = CARTESIAN_POINT('',(69.25,-7.5,-9.175));
#7289 = CARTESIAN_POINT('',(67.416666666667,-7.5,-9.091666666667));
#7290 = CARTESIAN_POINT('',(66.5,-7.5,-9.05));
#7291 = PCURVE('',#5186,#7292);
#7292 = DEFINITIONAL_REPRESENTATION('',(#7293),#7299);
#7293 = B_SPLINE_CURVE_WITH_KNOTS('',3,(#7294,#7295,#7296,#7297,#7298),
  .UNSPECIFIED.,.F.,.F.,(4,1,4),(0.,0.5,1.),.QUASI_UNIFORM_KNOTS.);
#7294 = CARTESIAN_POINT('',(6.484682591834,2.465540850029));
#7295 = CARTESIAN_POINT('',(5.576871337014,2.331777572142));
#7296 = CARTESIAN_POINT('',(3.761248827374,2.064251016368));
#7297 = CARTESIAN_POINT('',(1.945626317734,1.796724460593));
#7298 = CARTESIAN_POINT('',(1.037815062915,1.662961182706));
#7299 = ( GEOMETRIC_REPRESENTATION_CONTEXT(2) 
PARAMETRIC_REPRESENTATION_CONTEXT() REPRESENTATION_CONTEXT('2D SPACE',''
  ) );
#7300 = PCURVE('',#7301,#7322);
#7301 = B_SPLINE_SURFACE_WITH_KNOTS('',3,3,(
    (#7302,#7303,#7304,#7305)
    ,(#7306,#7307,#7308,#7309)
    ,(#7310,#7311,#7312,#7313)
    ,(#7314,#7315,#7316,#7317)
    ,(#7318,#7319,#7320,#7321
  )),.UNSPECIFIED.,.F.,.F.,.F.,(4,1,4),(4,4),(0.,0.5,1.),(0.,1.),
  .UNSPECIFIED.);
#7302 = CARTESIAN_POINT('',(72.,-7.5,-9.3));
#7303 = CARTESIAN_POINT('',(72.,-2.5,-9.3));
#7304 = CARTESIAN_POINT('',(72.,2.5,-9.3));
#7305 = CARTESIAN_POINT('',(72.,7.5,-9.3));
#7306 = CARTESIAN_POINT('',(71.083333333333,-7.5,-9.258333333333));
#7307 = CARTESIAN_POINT('',(71.083333333333,-2.5,-9.258333333333));
#7308 = CARTESIAN_POINT('',(71.083333333333,2.5,-9.258333333333));
#7309 = CARTESIAN_POINT('',(71.083333333333,7.5,-9.258333333333));
#7310 = CARTESIAN_POINT('',(69.25,-7.5,-9.175));
#7311 = CARTESIAN_POINT('',(69.25,-2.499999995851,-9.175));
#7312 = CARTESIAN_POINT('',(69.25,2.499999995851,-9.175));
#7313 = CARTESIAN_POINT('',(69.25,7.5,-9.175));
#7314 = CARTESIAN_POINT('',(67.416666666667,-7.5,-9.091666666667));
#7315 = CARTESIAN_POINT('',(67.416666666667,-2.5,-9.091666666667));
#7316 = CARTESIAN_POINT('',(67.416666666667,2.5,-9.091666666667));
#7317 = CARTESIAN_POINT('',(67.416666666667,7.5,-9.091666666667));
#7318 = CARTESIAN_POINT('',(66.5,-7.5,-9.05));
#7319 = CARTESIAN_POINT('',(66.5,-2.5,-9.05));
#7320 = CARTESIAN_POINT('',(66.5,2.5,-9.05));
#7321 = CARTESIAN_POINT('',(66.5,7.5,-9.05));
#7322 = DEFINITIONAL_REPRESENTATION('',(#7323),#7327);
#7323 = LINE('',#7324,#7325);
#7324 = CARTESIAN_POINT('',(0.,0.));
#7325 = VECTOR('',#7326,1.);
#7326 = DIRECTION('',(1.,0.));
#7327 = ( GEOMETRIC_REPRESENTATION_CONTEXT(2) 
PARAMETRIC_REPRESENTATION_CONTEXT() REPRESENTATION_CONTEXT('2D SPACE',''
  ) );
#7328 = ORIENTED_EDGE('',*,*,#7329,.T.);
#7329 = EDGE_CURVE('',#7282,#5344,#7330,.T.);
#7330 = SURFACE_CURVE('',#7331,(#7337,#7346),.PCURVE_S1.);
#7331 = B_SPLINE_CURVE_WITH_KNOTS('',3,(#7332,#7333,#7334,#7335,#7336),
  .UNSPECIFIED.,.F.,.F.,(4,1,4),(0.,0.5,1.),.QUASI_UNIFORM_KNOTS.);
#7332 = CARTESIAN_POINT('',(66.5,-7.5,-9.05));
#7333 = CARTESIAN_POINT('',(66.3,-7.5,-8.791666666667));
#7334 = CARTESIAN_POINT('',(65.9,-7.5,-8.275));
#7335 = CARTESIAN_POINT('',(65.5,-7.5,-7.758333333333));
#7336 = CARTESIAN_POINT('',(65.3,-7.5,-7.5));
#7337 = PCURVE('',#5186,#7338);
#7338 = DEFINITIONAL_REPRESENTATION('',(#7339),#7345);
#7339 = B_SPLINE_CURVE_WITH_KNOTS('',3,(#7340,#7341,#7342,#7343,#7344),
  .UNSPECIFIED.,.F.,.F.,(4,1,4),(0.,0.5,1.),.QUASI_UNIFORM_KNOTS.);
#7340 = CARTESIAN_POINT('',(1.037815062915,1.662961182706));
#7341 = CARTESIAN_POINT('',(0.864845885762,1.385800985589));
#7342 = CARTESIAN_POINT('',(0.518907531457,0.831480591353));
#7343 = CARTESIAN_POINT('',(0.172969177152,0.277160197118));
#7344 = CARTESIAN_POINT('',(0.,0.));
#7345 = ( GEOMETRIC_REPRESENTATION_CONTEXT(2) 
PARAMETRIC_REPRESENTATION_CONTEXT() REPRESENTATION_CONTEXT('2D SPACE',''
  ) );
#7346 = PCURVE('',#5392,#7347);
#7347 = DEFINITIONAL_REPRESENTATION('',(#7348),#7352);
#7348 = LINE('',#7349,#7350);
#7349 = CARTESIAN_POINT('',(0.,0.));
#7350 = VECTOR('',#7351,1.);
#7351 = DIRECTION('',(1.,0.));
#7352 = ( GEOMETRIC_REPRESENTATION_CONTEXT(2) 
PARAMETRIC_REPRESENTATION_CONTEXT() REPRESENTATION_CONTEXT('2D SPACE',''
  ) );
#7353 = ORIENTED_EDGE('',*,*,#5343,.F.);
#7354 = ORIENTED_EDGE('',*,*,#5166,.T.);
#7355 = ADVANCED_FACE('',(#7356),#5127,.F.);
#7356 = FACE_BOUND('',#7357,.F.);
#7357 = EDGE_LOOP('',(#7358,#7359,#7360,#7384));
#7358 = ORIENTED_EDGE('',*,*,#5089,.T.);
#7359 = ORIENTED_EDGE('',*,*,#6987,.T.);
#7360 = ORIENTED_EDGE('',*,*,#7361,.T.);
#7361 = EDGE_CURVE('',#6988,#7362,#7364,.T.);
#7362 = VERTEX_POINT('',#7363);
#7363 = CARTESIAN_POINT('',(65.3,7.5,-7.5));
#7364 = SURFACE_CURVE('',#7365,(#7370,#7377),.PCURVE_S1.);
#7365 = B_SPLINE_CURVE_WITH_KNOTS('',3,(#7366,#7367,#7368,#7369),
  .UNSPECIFIED.,.F.,.F.,(4,4),(0.,1.),.PIECEWISE_BEZIER_KNOTS.);
#7366 = CARTESIAN_POINT('',(65.3,-7.5,-7.5));
#7367 = CARTESIAN_POINT('',(65.3,-2.5,-7.5));
#7368 = CARTESIAN_POINT('',(65.3,2.5,-7.5));
#7369 = CARTESIAN_POINT('',(65.3,7.5,-7.5));
#7370 = PCURVE('',#5127,#7371);
#7371 = DEFINITIONAL_REPRESENTATION('',(#7372),#7376);
#7372 = LINE('',#7373,#7374);
#7373 = CARTESIAN_POINT('',(1.,0.));
#7374 = VECTOR('',#7375,1.);
#7375 = DIRECTION('',(0.,1.));
#7376 = ( GEOMETRIC_REPRESENTATION_CONTEXT(2) 
PARAMETRIC_REPRESENTATION_CONTEXT() REPRESENTATION_CONTEXT('2D SPACE',''
  ) );
#7377 = PCURVE('',#7034,#7378);
#7378 = DEFINITIONAL_REPRESENTATION('',(#7379),#7383);
#7379 = LINE('',#7380,#7381);
#7380 = CARTESIAN_POINT('',(0.,0.));
#7381 = VECTOR('',#7382,1.);
#7382 = DIRECTION('',(0.,1.));
#7383 = ( GEOMETRIC_REPRESENTATION_CONTEXT(2) 
PARAMETRIC_REPRESENTATION_CONTEXT() REPRESENTATION_CONTEXT('2D SPACE',''
  ) );
#7384 = ORIENTED_EDGE('',*,*,#7385,.F.);
#7385 = EDGE_CURVE('',#5056,#7362,#7386,.T.);
#7386 = SURFACE_CURVE('',#7387,(#7393,#7400),.PCURVE_S1.);
#7387 = B_SPLINE_CURVE_WITH_KNOTS('',3,(#7388,#7389,#7390,#7391,#7392),
  .UNSPECIFIED.,.F.,.F.,(4,1,4),(0.,0.5,1.),.QUASI_UNIFORM_KNOTS.);
#7388 = CARTESIAN_POINT('',(66.5,7.5,-9.05));
#7389 = CARTESIAN_POINT('',(66.3,7.5,-8.791666666667));
#7390 = CARTESIAN_POINT('',(65.9,7.5,-8.275));
#7391 = CARTESIAN_POINT('',(65.5,7.5,-7.758333333333));
#7392 = CARTESIAN_POINT('',(65.3,7.5,-7.5));
#7393 = PCURVE('',#5127,#7394);
#7394 = DEFINITIONAL_REPRESENTATION('',(#7395),#7399);
#7395 = LINE('',#7396,#7397);
#7396 = CARTESIAN_POINT('',(0.,1.));
#7397 = VECTOR('',#7398,1.);
#7398 = DIRECTION('',(1.,0.));
#7399 = ( GEOMETRIC_REPRESENTATION_CONTEXT(2) 
PARAMETRIC_REPRESENTATION_CONTEXT() REPRESENTATION_CONTEXT('2D SPACE',''
  ) );
#7400 = PCURVE('',#5075,#7401);
#7401 = DEFINITIONAL_REPRESENTATION('',(#7402),#7408);
#7402 = B_SPLINE_CURVE_WITH_KNOTS('',3,(#7403,#7404,#7405,#7406,#7407),
  .UNSPECIFIED.,.F.,.F.,(4,1,4),(0.,0.5,1.),.QUASI_UNIFORM_KNOTS.);
#7403 = CARTESIAN_POINT('',(1.037815062915,1.662961182706));
#7404 = CARTESIAN_POINT('',(0.864845885762,1.385800985589));
#7405 = CARTESIAN_POINT('',(0.518907531457,0.831480591353));
#7406 = CARTESIAN_POINT('',(0.172969177152,0.277160197118));
#7407 = CARTESIAN_POINT('',(0.,0.));
#7408 = ( GEOMETRIC_REPRESENTATION_CONTEXT(2) 
PARAMETRIC_REPRESENTATION_CONTEXT() REPRESENTATION_CONTEXT('2D SPACE',''
  ) );
#7409 = ADVANCED_FACE('',(#7410),#5075,.F.);
#7410 = FACE_BOUND('',#7411,.F.);
#7411 = EDGE_LOOP('',(#7412,#7413,#7440,#7467,#7494,#7521,#7548,#7575,
    #7602,#7627,#7628));
#7412 = ORIENTED_EDGE('',*,*,#7385,.T.);
#7413 = ORIENTED_EDGE('',*,*,#7414,.T.);
#7414 = EDGE_CURVE('',#7362,#7415,#7417,.T.);
#7415 = VERTEX_POINT('',#7416);
#7416 = CARTESIAN_POINT('',(69.5,7.5,-6.5));
#7417 = SURFACE_CURVE('',#7418,(#7424,#7433),.PCURVE_S1.);
#7418 = B_SPLINE_CURVE_WITH_KNOTS('',3,(#7419,#7420,#7421,#7422,#7423),
  .UNSPECIFIED.,.F.,.F.,(4,1,4),(0.,0.5,1.),.QUASI_UNIFORM_KNOTS.);
#7419 = CARTESIAN_POINT('',(65.3,7.5,-7.5));
#7420 = CARTESIAN_POINT('',(66.,7.5,-7.333333333333));
#7421 = CARTESIAN_POINT('',(67.4,7.5,-7.));
#7422 = CARTESIAN_POINT('',(68.8,7.5,-6.666666666667));
#7423 = CARTESIAN_POINT('',(69.5,7.5,-6.5));
#7424 = PCURVE('',#5075,#7425);
#7425 = DEFINITIONAL_REPRESENTATION('',(#7426),#7432);
#7426 = B_SPLINE_CURVE_WITH_KNOTS('',3,(#7427,#7428,#7429,#7430,#7431),
  .UNSPECIFIED.,.F.,.F.,(4,1,4),(0.,0.5,1.),.QUASI_UNIFORM_KNOTS.);
#7427 = CARTESIAN_POINT('',(0.,0.));
#7428 = CARTESIAN_POINT('',(0.71322512636,-9.53294125971E-02));
#7429 = CARTESIAN_POINT('',(2.139675379081,-0.285988237791));
#7430 = CARTESIAN_POINT('',(3.566125631802,-0.476647062986));
#7431 = CARTESIAN_POINT('',(4.279350758162,-0.571976475583));
#7432 = ( GEOMETRIC_REPRESENTATION_CONTEXT(2) 
PARAMETRIC_REPRESENTATION_CONTEXT() REPRESENTATION_CONTEXT('2D SPACE',''
  ) );
#7433 = PCURVE('',#7034,#7434);
#7434 = DEFINITIONAL_REPRESENTATION('',(#7435),#7439);
#7435 = LINE('',#7436,#7437);
#7436 = CARTESIAN_POINT('',(0.,1.));
#7437 = VECTOR('',#7438,1.);
#7438 = DIRECTION('',(1.,0.));
#7439 = ( GEOMETRIC_REPRESENTATION_CONTEXT(2) 
PARAMETRIC_REPRESENTATION_CONTEXT() REPRESENTATION_CONTEXT('2D SPACE',''
  ) );
#7440 = ORIENTED_EDGE('',*,*,#7441,.T.);
#7441 = EDGE_CURVE('',#7415,#7442,#7444,.T.);
#7442 = VERTEX_POINT('',#7443);
#7443 = CARTESIAN_POINT('',(85.,7.5,-6.));
#7444 = SURFACE_CURVE('',#7445,(#7451,#7460),.PCURVE_S1.);
#7445 = B_SPLINE_CURVE_WITH_KNOTS('',3,(#7446,#7447,#7448,#7449,#7450),
  .UNSPECIFIED.,.F.,.F.,(4,1,4),(0.,0.5,1.),.QUASI_UNIFORM_KNOTS.);
#7446 = CARTESIAN_POINT('',(69.5,7.5,-6.5));
#7447 = CARTESIAN_POINT('',(72.083333333333,7.5,-6.416666666667));
#7448 = CARTESIAN_POINT('',(77.25,7.5,-6.25));
#7449 = CARTESIAN_POINT('',(82.416666666667,7.5,-6.083333333333));
#7450 = CARTESIAN_POINT('',(85.,7.5,-6.));
#7451 = PCURVE('',#5075,#7452);
#7452 = DEFINITIONAL_REPRESENTATION('',(#7453),#7459);
#7453 = B_SPLINE_CURVE_WITH_KNOTS('',3,(#7454,#7455,#7456,#7457,#7458),
  .UNSPECIFIED.,.F.,.F.,(4,1,4),(0.,0.5,1.),.QUASI_UNIFORM_KNOTS.);
#7454 = CARTESIAN_POINT('',(4.279350758162,-0.571976475583));
#7455 = CARTESIAN_POINT('',(6.857944235524,-0.394744328219));
#7456 = CARTESIAN_POINT('',(12.015131190249,-4.028003349173E-02));
#7457 = CARTESIAN_POINT('',(17.172318144974,0.314184261236));
#7458 = CARTESIAN_POINT('',(19.750911622337,0.491416408599));
#7459 = ( GEOMETRIC_REPRESENTATION_CONTEXT(2) 
PARAMETRIC_REPRESENTATION_CONTEXT() REPRESENTATION_CONTEXT('2D SPACE',''
  ) );
#7460 = PCURVE('',#7082,#7461);
#7461 = DEFINITIONAL_REPRESENTATION('',(#7462),#7466);
#7462 = LINE('',#7463,#7464);
#7463 = CARTESIAN_POINT('',(0.,1.));
#7464 = VECTOR('',#7465,1.);
#7465 = DIRECTION('',(1.,0.));
#7466 = ( GEOMETRIC_REPRESENTATION_CONTEXT(2) 
PARAMETRIC_REPRESENTATION_CONTEXT() REPRESENTATION_CONTEXT('2D SPACE',''
  ) );
#7467 = ORIENTED_EDGE('',*,*,#7468,.T.);
#7468 = EDGE_CURVE('',#7442,#7469,#7471,.T.);
#7469 = VERTEX_POINT('',#7470);
#7470 = CARTESIAN_POINT('',(90.,7.5,-5.));
#7471 = SURFACE_CURVE('',#7472,(#7478,#7487),.PCURVE_S1.);
#7472 = B_SPLINE_CURVE_WITH_KNOTS('',3,(#7473,#7474,#7475,#7476,#7477),
  .UNSPECIFIED.,.F.,.F.,(4,1,4),(0.,0.5,1.),.QUASI_UNIFORM_KNOTS.);
#7473 = CARTESIAN_POINT('',(85.,7.5,-6.));
#7474 = CARTESIAN_POINT('',(85.833333333333,7.5,-5.833333333333));
#7475 = CARTESIAN_POINT('',(87.5,7.5,-5.5));
#7476 = CARTESIAN_POINT('',(89.166666666667,7.5,-5.166666666667));
#7477 = CARTESIAN_POINT('',(90.,7.5,-5.));
#7478 = PCURVE('',#5075,#7479);
#7479 = DEFINITIONAL_REPRESENTATION('',(#7480),#7486);
#7480 = B_SPLINE_CURVE_WITH_KNOTS('',3,(#7481,#7482,#7483,#7484,#7485),
  .UNSPECIFIED.,.F.,.F.,(4,1,4),(0.,0.5,1.),.QUASI_UNIFORM_KNOTS.);
#7481 = CARTESIAN_POINT('',(19.750911622337,0.491416408599));
#7482 = CARTESIAN_POINT('',(20.596792325663,0.409513673833));
#7483 = CARTESIAN_POINT('',(22.288553732316,0.2457082043));
#7484 = CARTESIAN_POINT('',(23.980315138969,8.190273476652E-02));
#7485 = CARTESIAN_POINT('',(24.826195842295,-1.7763568394E-15));
#7486 = ( GEOMETRIC_REPRESENTATION_CONTEXT(2) 
PARAMETRIC_REPRESENTATION_CONTEXT() REPRESENTATION_CONTEXT('2D SPACE',''
  ) );
#7487 = PCURVE('',#7130,#7488);
#7488 = DEFINITIONAL_REPRESENTATION('',(#7489),#7493);
#7489 = LINE('',#7490,#7491);
#7490 = CARTESIAN_POINT('',(0.,1.));
#7491 = VECTOR('',#7492,1.);
#7492 = DIRECTION('',(1.,0.));
#7493 = ( GEOMETRIC_REPRESENTATION_CONTEXT(2) 
PARAMETRIC_REPRESENTATION_CONTEXT() REPRESENTATION_CONTEXT('2D SPACE',''
  ) );
#7494 = ORIENTED_EDGE('',*,*,#7495,.T.);
#7495 = EDGE_CURVE('',#7469,#7496,#7498,.T.);
#7496 = VERTEX_POINT('',#7497);
#7497 = CARTESIAN_POINT('',(90.,7.5,-7.3));
#7498 = SURFACE_CURVE('',#7499,(#7505,#7514),.PCURVE_S1.);
#7499 = B_SPLINE_CURVE_WITH_KNOTS('',3,(#7500,#7501,#7502,#7503,#7504),
  .UNSPECIFIED.,.F.,.F.,(4,1,4),(0.,0.5,1.),.QUASI_UNIFORM_KNOTS.);
#7500 = CARTESIAN_POINT('',(90.,7.5,-5.));
#7501 = CARTESIAN_POINT('',(90.,7.5,-5.383333333333));
#7502 = CARTESIAN_POINT('',(90.,7.5,-6.15));
#7503 = CARTESIAN_POINT('',(90.,7.5,-6.916666666667));
#7504 = CARTESIAN_POINT('',(90.,7.5,-7.3));
#7505 = PCURVE('',#5075,#7506);
#7506 = DEFINITIONAL_REPRESENTATION('',(#7507),#7513);
#7507 = B_SPLINE_CURVE_WITH_KNOTS('',3,(#7508,#7509,#7510,#7511,#7512),
  .UNSPECIFIED.,.F.,.F.,(4,1,4),(0.,0.5,1.),.QUASI_UNIFORM_KNOTS.);
#7508 = CARTESIAN_POINT('',(24.826195842295,-1.7763568394E-15));
#7509 = CARTESIAN_POINT('',(24.787594143532,0.381384783778));
#7510 = CARTESIAN_POINT('',(24.710390746007,1.144154351333));
#7511 = CARTESIAN_POINT('',(24.633187348481,1.906923918888));
#7512 = CARTESIAN_POINT('',(24.594585649718,2.288308702665));
#7513 = ( GEOMETRIC_REPRESENTATION_CONTEXT(2) 
PARAMETRIC_REPRESENTATION_CONTEXT() REPRESENTATION_CONTEXT('2D SPACE',''
  ) );
#7514 = PCURVE('',#5557,#7515);
#7515 = DEFINITIONAL_REPRESENTATION('',(#7516),#7520);
#7516 = B_SPLINE_CURVE_WITH_KNOTS('',2,(#7517,#7518,#7519),
  .UNSPECIFIED.,.F.,.F.,(3,3),(0.,1.),.PIECEWISE_BEZIER_KNOTS.);
#7517 = CARTESIAN_POINT('',(0.232558139535,0.941176470597));
#7518 = CARTESIAN_POINT('',(0.5,0.941176470618));
#7519 = CARTESIAN_POINT('',(0.767441860465,0.941176470597));
#7520 = ( GEOMETRIC_REPRESENTATION_CONTEXT(2) 
PARAMETRIC_REPRESENTATION_CONTEXT() REPRESENTATION_CONTEXT('2D SPACE',''
  ) );
#7521 = ORIENTED_EDGE('',*,*,#7522,.T.);
#7522 = EDGE_CURVE('',#7496,#7523,#7525,.T.);
#7523 = VERTEX_POINT('',#7524);
#7524 = CARTESIAN_POINT('',(85.5,7.5,-8.8));
#7525 = SURFACE_CURVE('',#7526,(#7532,#7541),.PCURVE_S1.);
#7526 = B_SPLINE_CURVE_WITH_KNOTS('',3,(#7527,#7528,#7529,#7530,#7531),
  .UNSPECIFIED.,.F.,.F.,(4,1,4),(0.,0.5,1.),.QUASI_UNIFORM_KNOTS.);
#7527 = CARTESIAN_POINT('',(90.,7.5,-7.3));
#7528 = CARTESIAN_POINT('',(89.25,7.5,-7.55));
#7529 = CARTESIAN_POINT('',(87.75,7.5,-8.05));
#7530 = CARTESIAN_POINT('',(86.25,7.5,-8.55));
#7531 = CARTESIAN_POINT('',(85.5,7.5,-8.8));
#7532 = PCURVE('',#5075,#7533);
#7533 = DEFINITIONAL_REPRESENTATION('',(#7534),#7540);
#7534 = B_SPLINE_CURVE_WITH_KNOTS('',3,(#7535,#7536,#7537,#7538,#7539),
  .UNSPECIFIED.,.F.,.F.,(4,1,4),(0.,0.5,1.),.QUASI_UNIFORM_KNOTS.);
#7535 = CARTESIAN_POINT('',(24.594585649718,2.288308702665));
#7536 = CARTESIAN_POINT('',(23.823223008351,2.46151284668));
#7537 = CARTESIAN_POINT('',(22.280497725618,2.807921134709));
#7538 = CARTESIAN_POINT('',(20.737772442884,3.154329422738));
#7539 = CARTESIAN_POINT('',(19.966409801518,3.327533566752));
#7540 = ( GEOMETRIC_REPRESENTATION_CONTEXT(2) 
PARAMETRIC_REPRESENTATION_CONTEXT() REPRESENTATION_CONTEXT('2D SPACE',''
  ) );
#7541 = PCURVE('',#7205,#7542);
#7542 = DEFINITIONAL_REPRESENTATION('',(#7543),#7547);
#7543 = LINE('',#7544,#7545);
#7544 = CARTESIAN_POINT('',(0.,1.));
#7545 = VECTOR('',#7546,1.);
#7546 = DIRECTION('',(1.,0.));
#7547 = ( GEOMETRIC_REPRESENTATION_CONTEXT(2) 
PARAMETRIC_REPRESENTATION_CONTEXT() REPRESENTATION_CONTEXT('2D SPACE',''
  ) );
#7548 = ORIENTED_EDGE('',*,*,#7549,.T.);
#7549 = EDGE_CURVE('',#7523,#7550,#7552,.T.);
#7550 = VERTEX_POINT('',#7551);
#7551 = CARTESIAN_POINT('',(72.,7.5,-9.3));
#7552 = SURFACE_CURVE('',#7553,(#7559,#7568),.PCURVE_S1.);
#7553 = B_SPLINE_CURVE_WITH_KNOTS('',3,(#7554,#7555,#7556,#7557,#7558),
  .UNSPECIFIED.,.F.,.F.,(4,1,4),(0.,0.5,1.),.QUASI_UNIFORM_KNOTS.);
#7554 = CARTESIAN_POINT('',(85.5,7.5,-8.8));
#7555 = CARTESIAN_POINT('',(83.25,7.5,-8.883333333333));
#7556 = CARTESIAN_POINT('',(78.75,7.5,-9.05));
#7557 = CARTESIAN_POINT('',(74.25,7.5,-9.216666666667));
#7558 = CARTESIAN_POINT('',(72.,7.5,-9.3));
#7559 = PCURVE('',#5075,#7560);
#7560 = DEFINITIONAL_REPRESENTATION('',(#7561),#7567);
#7561 = B_SPLINE_CURVE_WITH_KNOTS('',3,(#7562,#7563,#7564,#7565,#7566),
  .UNSPECIFIED.,.F.,.F.,(4,1,4),(0.,0.5,1.),.QUASI_UNIFORM_KNOTS.);
#7562 = CARTESIAN_POINT('',(19.966409801518,3.327533566752));
#7563 = CARTESIAN_POINT('',(17.71945526657,3.183868113965));
#7564 = CARTESIAN_POINT('',(13.225546196676,2.896537208391));
#7565 = CARTESIAN_POINT('',(8.731637126781,2.609206302816));
#7566 = CARTESIAN_POINT('',(6.484682591834,2.465540850029));
#7567 = ( GEOMETRIC_REPRESENTATION_CONTEXT(2) 
PARAMETRIC_REPRESENTATION_CONTEXT() REPRESENTATION_CONTEXT('2D SPACE',''
  ) );
#7568 = PCURVE('',#7253,#7569);
#7569 = DEFINITIONAL_REPRESENTATION('',(#7570),#7574);
#7570 = LINE('',#7571,#7572);
#7571 = CARTESIAN_POINT('',(0.,1.));
#7572 = VECTOR('',#7573,1.);
#7573 = DIRECTION('',(1.,0.));
#7574 = ( GEOMETRIC_REPRESENTATION_CONTEXT(2) 
PARAMETRIC_REPRESENTATION_CONTEXT() REPRESENTATION_CONTEXT('2D SPACE',''
  ) );
#7575 = ORIENTED_EDGE('',*,*,#7576,.T.);
#7576 = EDGE_CURVE('',#7550,#7577,#7579,.T.);
#7577 = VERTEX_POINT('',#7578);
#7578 = CARTESIAN_POINT('',(66.5,7.5,-9.05));
#7579 = SURFACE_CURVE('',#7580,(#7586,#7595),.PCURVE_S1.);
#7580 = B_SPLINE_CURVE_WITH_KNOTS('',3,(#7581,#7582,#7583,#7584,#7585),
  .UNSPECIFIED.,.F.,.F.,(4,1,4),(0.,0.5,1.),.QUASI_UNIFORM_KNOTS.);
#7581 = CARTESIAN_POINT('',(72.,7.5,-9.3));
#7582 = CARTESIAN_POINT('',(71.083333333333,7.5,-9.258333333333));
#7583 = CARTESIAN_POINT('',(69.25,7.5,-9.175));
#7584 = CARTESIAN_POINT('',(67.416666666667,7.5,-9.091666666667));
#7585 = CARTESIAN_POINT('',(66.5,7.5,-9.05));
#7586 = PCURVE('',#5075,#7587);
#7587 = DEFINITIONAL_REPRESENTATION('',(#7588),#7594);
#7588 = B_SPLINE_CURVE_WITH_KNOTS('',3,(#7589,#7590,#7591,#7592,#7593),
  .UNSPECIFIED.,.F.,.F.,(4,1,4),(0.,0.5,1.),.QUASI_UNIFORM_KNOTS.);
#7589 = CARTESIAN_POINT('',(6.484682591834,2.465540850029));
#7590 = CARTESIAN_POINT('',(5.576871337014,2.331777572142));
#7591 = CARTESIAN_POINT('',(3.761248827374,2.064251016368));
#7592 = CARTESIAN_POINT('',(1.945626317734,1.796724460593));
#7593 = CARTESIAN_POINT('',(1.037815062915,1.662961182706));
#7594 = ( GEOMETRIC_REPRESENTATION_CONTEXT(2) 
PARAMETRIC_REPRESENTATION_CONTEXT() REPRESENTATION_CONTEXT('2D SPACE',''
  ) );
#7595 = PCURVE('',#7301,#7596);
#7596 = DEFINITIONAL_REPRESENTATION('',(#7597),#7601);
#7597 = LINE('',#7598,#7599);
#7598 = CARTESIAN_POINT('',(0.,1.));
#7599 = VECTOR('',#7600,1.);
#7600 = DIRECTION('',(1.,0.));
#7601 = ( GEOMETRIC_REPRESENTATION_CONTEXT(2) 
PARAMETRIC_REPRESENTATION_CONTEXT() REPRESENTATION_CONTEXT('2D SPACE',''
  ) );
#7602 = ORIENTED_EDGE('',*,*,#7603,.T.);
#7603 = EDGE_CURVE('',#7577,#5373,#7604,.T.);
#7604 = SURFACE_CURVE('',#7605,(#7611,#7620),.PCURVE_S1.);
#7605 = B_SPLINE_CURVE_WITH_KNOTS('',3,(#7606,#7607,#7608,#7609,#7610),
  .UNSPECIFIED.,.F.,.F.,(4,1,4),(0.,0.5,1.),.QUASI_UNIFORM_KNOTS.);
#7606 = CARTESIAN_POINT('',(66.5,7.5,-9.05));
#7607 = CARTESIAN_POINT('',(66.3,7.5,-8.791666666667));
#7608 = CARTESIAN_POINT('',(65.9,7.5,-8.275));
#7609 = CARTESIAN_POINT('',(65.5,7.5,-7.758333333333));
#7610 = CARTESIAN_POINT('',(65.3,7.5,-7.5));
#7611 = PCURVE('',#5075,#7612);
#7612 = DEFINITIONAL_REPRESENTATION('',(#7613),#7619);
#7613 = B_SPLINE_CURVE_WITH_KNOTS('',3,(#7614,#7615,#7616,#7617,#7618),
  .UNSPECIFIED.,.F.,.F.,(4,1,4),(0.,0.5,1.),.QUASI_UNIFORM_KNOTS.);
#7614 = CARTESIAN_POINT('',(1.037815062915,1.662961182706));
#7615 = CARTESIAN_POINT('',(0.864845885762,1.385800985589));
#7616 = CARTESIAN_POINT('',(0.518907531457,0.831480591353));
#7617 = CARTESIAN_POINT('',(0.172969177152,0.277160197118));
#7618 = CARTESIAN_POINT('',(0.,0.));
#7619 = ( GEOMETRIC_REPRESENTATION_CONTEXT(2) 
PARAMETRIC_REPRESENTATION_CONTEXT() REPRESENTATION_CONTEXT('2D SPACE',''
  ) );
#7620 = PCURVE('',#5392,#7621);
#7621 = DEFINITIONAL_REPRESENTATION('',(#7622),#7626);
#7622 = LINE('',#7623,#7624);
#7623 = CARTESIAN_POINT('',(0.,1.));
#7624 = VECTOR('',#7625,1.);
#7625 = DIRECTION('',(1.,0.));
#7626 = ( GEOMETRIC_REPRESENTATION_CONTEXT(2) 
PARAMETRIC_REPRESENTATION_CONTEXT() REPRESENTATION_CONTEXT('2D SPACE',''
  ) );
#7627 = ORIENTED_EDGE('',*,*,#5422,.F.);
#7628 = ORIENTED_EDGE('',*,*,#5055,.F.);
#7629 = ADVANCED_FACE('',(#7630),#5288,.T.);
#7630 = FACE_BOUND('',#7631,.T.);
#7631 = EDGE_LOOP('',(#7632,#7654,#7655,#7656));
#7632 = ORIENTED_EDGE('',*,*,#7633,.F.);
#7633 = EDGE_CURVE('',#6933,#5634,#7634,.T.);
#7634 = SURFACE_CURVE('',#7635,(#7640,#7647),.PCURVE_S1.);
#7635 = B_SPLINE_CURVE_WITH_KNOTS('',3,(#7636,#7637,#7638,#7639),
  .UNSPECIFIED.,.F.,.F.,(4,4),(0.,1.),.PIECEWISE_BEZIER_KNOTS.);
#7636 = CARTESIAN_POINT('',(72.,-8.5,-10.3));
#7637 = CARTESIAN_POINT('',(72.,-2.833333333333,-10.3));
#7638 = CARTESIAN_POINT('',(72.,2.833333333333,-10.3));
#7639 = CARTESIAN_POINT('',(72.,8.5,-10.3));
#7640 = PCURVE('',#5288,#7641);
#7641 = DEFINITIONAL_REPRESENTATION('',(#7642),#7646);
#7642 = LINE('',#7643,#7644);
#7643 = CARTESIAN_POINT('',(0.,0.));
#7644 = VECTOR('',#7645,1.);
#7645 = DIRECTION('',(0.,1.));
#7646 = ( GEOMETRIC_REPRESENTATION_CONTEXT(2) 
PARAMETRIC_REPRESENTATION_CONTEXT() REPRESENTATION_CONTEXT('2D SPACE',''
  ) );
#7647 = PCURVE('',#5653,#7648);
#7648 = DEFINITIONAL_REPRESENTATION('',(#7649),#7653);
#7649 = LINE('',#7650,#7651);
#7650 = CARTESIAN_POINT('',(1.,0.));
#7651 = VECTOR('',#7652,1.);
#7652 = DIRECTION('',(0.,1.));
#7653 = ( GEOMETRIC_REPRESENTATION_CONTEXT(2) 
PARAMETRIC_REPRESENTATION_CONTEXT() REPRESENTATION_CONTEXT('2D SPACE',''
  ) );
#7654 = ORIENTED_EDGE('',*,*,#6959,.T.);
#7655 = ORIENTED_EDGE('',*,*,#5269,.T.);
#7656 = ORIENTED_EDGE('',*,*,#5681,.F.);
#7657 = ADVANCED_FACE('',(#7658),#5392,.F.);
#7658 = FACE_BOUND('',#7659,.F.);
#7659 = EDGE_LOOP('',(#7660,#7682,#7683,#7684));
#7660 = ORIENTED_EDGE('',*,*,#7661,.F.);
#7661 = EDGE_CURVE('',#7282,#7577,#7662,.T.);
#7662 = SURFACE_CURVE('',#7663,(#7668,#7675),.PCURVE_S1.);
#7663 = B_SPLINE_CURVE_WITH_KNOTS('',3,(#7664,#7665,#7666,#7667),
  .UNSPECIFIED.,.F.,.F.,(4,4),(0.,1.),.PIECEWISE_BEZIER_KNOTS.);
#7664 = CARTESIAN_POINT('',(66.5,-7.5,-9.05));
#7665 = CARTESIAN_POINT('',(66.5,-2.5,-9.05));
#7666 = CARTESIAN_POINT('',(66.5,2.5,-9.05));
#7667 = CARTESIAN_POINT('',(66.5,7.5,-9.05));
#7668 = PCURVE('',#5392,#7669);
#7669 = DEFINITIONAL_REPRESENTATION('',(#7670),#7674);
#7670 = LINE('',#7671,#7672);
#7671 = CARTESIAN_POINT('',(0.,0.));
#7672 = VECTOR('',#7673,1.);
#7673 = DIRECTION('',(0.,1.));
#7674 = ( GEOMETRIC_REPRESENTATION_CONTEXT(2) 
PARAMETRIC_REPRESENTATION_CONTEXT() REPRESENTATION_CONTEXT('2D SPACE',''
  ) );
#7675 = PCURVE('',#7301,#7676);
#7676 = DEFINITIONAL_REPRESENTATION('',(#7677),#7681);
#7677 = LINE('',#7678,#7679);
#7678 = CARTESIAN_POINT('',(1.,0.));
#7679 = VECTOR('',#7680,1.);
#7680 = DIRECTION('',(0.,1.));
#7681 = ( GEOMETRIC_REPRESENTATION_CONTEXT(2) 
PARAMETRIC_REPRESENTATION_CONTEXT() REPRESENTATION_CONTEXT('2D SPACE',''
  ) );
#7682 = ORIENTED_EDGE('',*,*,#7329,.T.);
#7683 = ORIENTED_EDGE('',*,*,#5372,.T.);
#7684 = ORIENTED_EDGE('',*,*,#7603,.F.);
#7685 = ADVANCED_FACE('',(#7686),#5653,.T.);
#7686 = FACE_BOUND('',#7687,.T.);
#7687 = EDGE_LOOP('',(#7688,#7710,#7711,#7712));
#7688 = ORIENTED_EDGE('',*,*,#7689,.F.);
#7689 = EDGE_CURVE('',#6906,#5586,#7690,.T.);
#7690 = SURFACE_CURVE('',#7691,(#7696,#7703),.PCURVE_S1.);
#7691 = B_SPLINE_CURVE_WITH_KNOTS('',3,(#7692,#7693,#7694,#7695),
  .UNSPECIFIED.,.F.,.F.,(4,4),(0.,1.),.PIECEWISE_BEZIER_KNOTS.);
#7692 = CARTESIAN_POINT('',(85.5,-8.5,-9.8));
#7693 = CARTESIAN_POINT('',(85.5,-2.833333333333,-9.8));
#7694 = CARTESIAN_POINT('',(85.5,2.833333333333,-9.8));
#7695 = CARTESIAN_POINT('',(85.5,8.5,-9.8));
#7696 = PCURVE('',#5653,#7697);
#7697 = DEFINITIONAL_REPRESENTATION('',(#7698),#7702);
#7698 = LINE('',#7699,#7700);
#7699 = CARTESIAN_POINT('',(0.,0.));
#7700 = VECTOR('',#7701,1.);
#7701 = DIRECTION('',(0.,1.));
#7702 = ( GEOMETRIC_REPRESENTATION_CONTEXT(2) 
PARAMETRIC_REPRESENTATION_CONTEXT() REPRESENTATION_CONTEXT('2D SPACE',''
  ) );
#7703 = PCURVE('',#5605,#7704);
#7704 = DEFINITIONAL_REPRESENTATION('',(#7705),#7709);
#7705 = LINE('',#7706,#7707);
#7706 = CARTESIAN_POINT('',(1.,0.));
#7707 = VECTOR('',#7708,1.);
#7708 = DIRECTION('',(0.,1.));
#7709 = ( GEOMETRIC_REPRESENTATION_CONTEXT(2) 
PARAMETRIC_REPRESENTATION_CONTEXT() REPRESENTATION_CONTEXT('2D SPACE',''
  ) );
#7710 = ORIENTED_EDGE('',*,*,#6932,.T.);
#7711 = ORIENTED_EDGE('',*,*,#7633,.T.);
#7712 = ORIENTED_EDGE('',*,*,#5633,.F.);
#7713 = ADVANCED_FACE('',(#7714),#5605,.T.);
#7714 = FACE_BOUND('',#7715,.T.);
#7715 = EDGE_LOOP('',(#7716,#7738,#7739,#7740));
#7716 = ORIENTED_EDGE('',*,*,#7717,.F.);
#7717 = EDGE_CURVE('',#6879,#5538,#7718,.T.);
#7718 = SURFACE_CURVE('',#7719,(#7724,#7731),.PCURVE_S1.);
#7719 = B_SPLINE_CURVE_WITH_KNOTS('',3,(#7720,#7721,#7722,#7723),
  .UNSPECIFIED.,.F.,.F.,(4,4),(0.,1.),.PIECEWISE_BEZIER_KNOTS.);
#7720 = CARTESIAN_POINT('',(90.,-8.5,-8.3));
#7721 = CARTESIAN_POINT('',(90.,-2.833333333333,-8.3));
#7722 = CARTESIAN_POINT('',(90.,2.833333333333,-8.3));
#7723 = CARTESIAN_POINT('',(90.,8.5,-8.3));
#7724 = PCURVE('',#5605,#7725);
#7725 = DEFINITIONAL_REPRESENTATION('',(#7726),#7730);
#7726 = LINE('',#7727,#7728);
#7727 = CARTESIAN_POINT('',(0.,0.));
#7728 = VECTOR('',#7729,1.);
#7729 = DIRECTION('',(0.,1.));
#7730 = ( GEOMETRIC_REPRESENTATION_CONTEXT(2) 
PARAMETRIC_REPRESENTATION_CONTEXT() REPRESENTATION_CONTEXT('2D SPACE',''
  ) );
#7731 = PCURVE('',#5557,#7732);
#7732 = DEFINITIONAL_REPRESENTATION('',(#7733),#7737);
#7733 = LINE('',#7734,#7735);
#7734 = CARTESIAN_POINT('',(1.,0.));
#7735 = VECTOR('',#7736,1.);
#7736 = DIRECTION('',(0.,1.));
#7737 = ( GEOMETRIC_REPRESENTATION_CONTEXT(2) 
PARAMETRIC_REPRESENTATION_CONTEXT() REPRESENTATION_CONTEXT('2D SPACE',''
  ) );
#7738 = ORIENTED_EDGE('',*,*,#6905,.T.);
#7739 = ORIENTED_EDGE('',*,*,#7689,.T.);
#7740 = ORIENTED_EDGE('',*,*,#5585,.F.);
#7741 = ADVANCED_FACE('',(#7742,#7748),#5557,.T.);
#7742 = FACE_BOUND('',#7743,.T.);
#7743 = EDGE_LOOP('',(#7744,#7745,#7746,#7747));
#7744 = ORIENTED_EDGE('',*,*,#5766,.F.);
#7745 = ORIENTED_EDGE('',*,*,#6878,.T.);
#7746 = ORIENTED_EDGE('',*,*,#7717,.T.);
#7747 = ORIENTED_EDGE('',*,*,#5537,.F.);
#7748 = FACE_BOUND('',#7749,.T.);
#7749 = EDGE_LOOP('',(#7750,#7751,#7773,#7774));
#7750 = ORIENTED_EDGE('',*,*,#7158,.F.);
#7751 = ORIENTED_EDGE('',*,*,#7752,.T.);
#7752 = EDGE_CURVE('',#7111,#7469,#7753,.T.);
#7753 = SURFACE_CURVE('',#7754,(#7759,#7766),.PCURVE_S1.);
#7754 = B_SPLINE_CURVE_WITH_KNOTS('',3,(#7755,#7756,#7757,#7758),
  .UNSPECIFIED.,.F.,.F.,(4,4),(0.,1.),.PIECEWISE_BEZIER_KNOTS.);
#7755 = CARTESIAN_POINT('',(90.,-7.5,-5.));
#7756 = CARTESIAN_POINT('',(90.,-2.5,-5.));
#7757 = CARTESIAN_POINT('',(90.,2.5,-5.));
#7758 = CARTESIAN_POINT('',(90.,7.5,-5.));
#7759 = PCURVE('',#5557,#7760);
#7760 = DEFINITIONAL_REPRESENTATION('',(#7761),#7765);
#7761 = B_SPLINE_CURVE_WITH_KNOTS('',2,(#7762,#7763,#7764),
  .UNSPECIFIED.,.F.,.F.,(3,3),(0.,1.),.PIECEWISE_BEZIER_KNOTS.);
#7762 = CARTESIAN_POINT('',(0.232558139535,5.882352940269E-02));
#7763 = CARTESIAN_POINT('',(0.232558139535,0.5));
#7764 = CARTESIAN_POINT('',(0.232558139535,0.941176470597));
#7765 = ( GEOMETRIC_REPRESENTATION_CONTEXT(2) 
PARAMETRIC_REPRESENTATION_CONTEXT() REPRESENTATION_CONTEXT('2D SPACE',''
  ) );
#7766 = PCURVE('',#7130,#7767);
#7767 = DEFINITIONAL_REPRESENTATION('',(#7768),#7772);
#7768 = LINE('',#7769,#7770);
#7769 = CARTESIAN_POINT('',(1.,0.));
#7770 = VECTOR('',#7771,1.);
#7771 = DIRECTION('',(0.,1.));
#7772 = ( GEOMETRIC_REPRESENTATION_CONTEXT(2) 
PARAMETRIC_REPRESENTATION_CONTEXT() REPRESENTATION_CONTEXT('2D SPACE',''
  ) );
#7773 = ORIENTED_EDGE('',*,*,#7495,.T.);
#7774 = ORIENTED_EDGE('',*,*,#7775,.F.);
#7775 = EDGE_CURVE('',#7159,#7496,#7776,.T.);
#7776 = SURFACE_CURVE('',#7777,(#7782,#7789),.PCURVE_S1.);
#7777 = B_SPLINE_CURVE_WITH_KNOTS('',3,(#7778,#7779,#7780,#7781),
  .UNSPECIFIED.,.F.,.F.,(4,4),(0.,1.),.PIECEWISE_BEZIER_KNOTS.);
#7778 = CARTESIAN_POINT('',(90.,-7.5,-7.3));
#7779 = CARTESIAN_POINT('',(90.,-2.5,-7.3));
#7780 = CARTESIAN_POINT('',(90.,2.5,-7.3));
#7781 = CARTESIAN_POINT('',(90.,7.5,-7.3));
#7782 = PCURVE('',#5557,#7783);
#7783 = DEFINITIONAL_REPRESENTATION('',(#7784),#7788);
#7784 = B_SPLINE_CURVE_WITH_KNOTS('',2,(#7785,#7786,#7787),
  .UNSPECIFIED.,.F.,.F.,(3,3),(0.,1.),.PIECEWISE_BEZIER_KNOTS.);
#7785 = CARTESIAN_POINT('',(0.767441860465,5.882352940269E-02));
#7786 = CARTESIAN_POINT('',(0.767441860465,0.5));
#7787 = CARTESIAN_POINT('',(0.767441860465,0.941176470597));
#7788 = ( GEOMETRIC_REPRESENTATION_CONTEXT(2) 
PARAMETRIC_REPRESENTATION_CONTEXT() REPRESENTATION_CONTEXT('2D SPACE',''
  ) );
#7789 = PCURVE('',#7205,#7790);
#7790 = DEFINITIONAL_REPRESENTATION('',(#7791),#7795);
#7791 = LINE('',#7792,#7793);
#7792 = CARTESIAN_POINT('',(0.,0.));
#7793 = VECTOR('',#7794,1.);
#7794 = DIRECTION('',(0.,1.));
#7795 = ( GEOMETRIC_REPRESENTATION_CONTEXT(2) 
PARAMETRIC_REPRESENTATION_CONTEXT() REPRESENTATION_CONTEXT('2D SPACE',''
  ) );
#7796 = ADVANCED_FACE('',(#7797),#5941,.F.);
#7797 = FACE_BOUND('',#7798,.F.);
#7798 = EDGE_LOOP('',(#7799,#7800,#7801,#7802));
#7799 = ORIENTED_EDGE('',*,*,#6764,.F.);
#7800 = ORIENTED_EDGE('',*,*,#5922,.T.);
#7801 = ORIENTED_EDGE('',*,*,#6850,.T.);
#7802 = ORIENTED_EDGE('',*,*,#7803,.F.);
#7803 = EDGE_CURVE('',#6765,#6824,#7804,.T.);
#7804 = SURFACE_CURVE('',#7805,(#7811,#7818),.PCURVE_S1.);
#7805 = B_SPLINE_CURVE_WITH_KNOTS('',3,(#7806,#7807,#7808,#7809,#7810),
  .UNSPECIFIED.,.F.,.F.,(4,1,4),(0.,0.5,1.),.QUASI_UNIFORM_KNOTS.);
#7806 = CARTESIAN_POINT('',(104.8,-17.5,3.));
#7807 = CARTESIAN_POINT('',(105.43333333333,-17.5,3.));
#7808 = CARTESIAN_POINT('',(106.7,-17.5,3.));
#7809 = CARTESIAN_POINT('',(107.96666666666,-17.5,3.));
#7810 = CARTESIAN_POINT('',(108.6,-17.5,3.));
#7811 = PCURVE('',#5941,#7812);
#7812 = DEFINITIONAL_REPRESENTATION('',(#7813),#7817);
#7813 = LINE('',#7814,#7815);
#7814 = CARTESIAN_POINT('',(0.,1.));
#7815 = VECTOR('',#7816,1.);
#7816 = DIRECTION('',(1.,0.));
#7817 = ( GEOMETRIC_REPRESENTATION_CONTEXT(2) 
PARAMETRIC_REPRESENTATION_CONTEXT() REPRESENTATION_CONTEXT('2D SPACE',''
  ) );
#7818 = PCURVE('',#6804,#7819);
#7819 = DEFINITIONAL_REPRESENTATION('',(#7820),#7826);
#7820 = B_SPLINE_CURVE_WITH_KNOTS('',3,(#7821,#7822,#7823,#7824,#7825),
  .UNSPECIFIED.,.F.,.F.,(4,1,4),(0.,0.5,1.),.QUASI_UNIFORM_KNOTS.);
#7821 = CARTESIAN_POINT('',(0.,0.));
#7822 = CARTESIAN_POINT('',(0.633333333333,0.));
#7823 = CARTESIAN_POINT('',(1.9,0.));
#7824 = CARTESIAN_POINT('',(3.166666666667,0.));
#7825 = CARTESIAN_POINT('',(3.8,0.));
#7826 = ( GEOMETRIC_REPRESENTATION_CONTEXT(2) 
PARAMETRIC_REPRESENTATION_CONTEXT() REPRESENTATION_CONTEXT('2D SPACE',''
  ) );
#7827 = ADVANCED_FACE('',(#7828),#6140,.T.);
#7828 = FACE_BOUND('',#7829,.T.);
#7829 = EDGE_LOOP('',(#7830,#7831,#7858,#7880));
#7830 = ORIENTED_EDGE('',*,*,#6123,.F.);
#7831 = ORIENTED_EDGE('',*,*,#7832,.T.);
#7832 = EDGE_CURVE('',#6092,#7833,#7835,.T.);
#7833 = VERTEX_POINT('',#7834);
#7834 = CARTESIAN_POINT('',(129.4,-30.,8.));
#7835 = SURFACE_CURVE('',#7836,(#7842,#7849),.PCURVE_S1.);
#7836 = B_SPLINE_CURVE_WITH_KNOTS('',3,(#7837,#7838,#7839,#7840,#7841),
  .UNSPECIFIED.,.F.,.F.,(4,1,4),(0.,0.5,1.),.QUASI_UNIFORM_KNOTS.);
#7837 = CARTESIAN_POINT('',(135.5,-30.,7.75));
#7838 = CARTESIAN_POINT('',(134.48333333333,-30.,7.791666666667));
#7839 = CARTESIAN_POINT('',(132.45,-30.,7.875));
#7840 = CARTESIAN_POINT('',(130.41666666666,-30.,7.958333333333));
#7841 = CARTESIAN_POINT('',(129.4,-30.,8.));
#7842 = PCURVE('',#6140,#7843);
#7843 = DEFINITIONAL_REPRESENTATION('',(#7844),#7848);
#7844 = LINE('',#7845,#7846);
#7845 = CARTESIAN_POINT('',(0.,0.));
#7846 = VECTOR('',#7847,1.);
#7847 = DIRECTION('',(1.,0.));
#7848 = ( GEOMETRIC_REPRESENTATION_CONTEXT(2) 
PARAMETRIC_REPRESENTATION_CONTEXT() REPRESENTATION_CONTEXT('2D SPACE',''
  ) );
#7849 = PCURVE('',#6109,#7850);
#7850 = DEFINITIONAL_REPRESENTATION('',(#7851),#7857);
#7851 = B_SPLINE_CURVE_WITH_KNOTS('',3,(#7852,#7853,#7854,#7855,#7856),
  .UNSPECIFIED.,.F.,.F.,(4,1,4),(0.,0.5,1.),.QUASI_UNIFORM_KNOTS.);
#7852 = CARTESIAN_POINT('',(6.1,-0.25));
#7853 = CARTESIAN_POINT('',(5.083333333333,-0.208333333333));
#7854 = CARTESIAN_POINT('',(3.05,-0.125));
#7855 = CARTESIAN_POINT('',(1.016666666667,-4.166666666667E-02));
#7856 = CARTESIAN_POINT('',(0.,0.));
#7857 = ( GEOMETRIC_REPRESENTATION_CONTEXT(2) 
PARAMETRIC_REPRESENTATION_CONTEXT() REPRESENTATION_CONTEXT('2D SPACE',''
  ) );
#7858 = ORIENTED_EDGE('',*,*,#7859,.T.);
#7859 = EDGE_CURVE('',#7833,#6587,#7860,.T.);
#7860 = SURFACE_CURVE('',#7861,(#7866,#7873),.PCURVE_S1.);
#7861 = B_SPLINE_CURVE_WITH_KNOTS('',3,(#7862,#7863,#7864,#7865),
  .UNSPECIFIED.,.F.,.F.,(4,4),(0.,1.),.PIECEWISE_BEZIER_KNOTS.);
#7862 = CARTESIAN_POINT('',(129.4,-30.,8.));
#7863 = CARTESIAN_POINT('',(112.93333333333,-20.,8.));
#7864 = CARTESIAN_POINT('',(96.466666666667,-10.,8.));
#7865 = CARTESIAN_POINT('',(80.,0.,8.));
#7866 = PCURVE('',#6140,#7867);
#7867 = DEFINITIONAL_REPRESENTATION('',(#7868),#7872);
#7868 = LINE('',#7869,#7870);
#7869 = CARTESIAN_POINT('',(1.,0.));
#7870 = VECTOR('',#7871,1.);
#7871 = DIRECTION('',(0.,1.));
#7872 = ( GEOMETRIC_REPRESENTATION_CONTEXT(2) 
PARAMETRIC_REPRESENTATION_CONTEXT() REPRESENTATION_CONTEXT('2D SPACE',''
  ) );
#7873 = PCURVE('',#6282,#7874);
#7874 = DEFINITIONAL_REPRESENTATION('',(#7875),#7879);
#7875 = LINE('',#7876,#7877);
#7876 = CARTESIAN_POINT('',(0.,0.));
#7877 = VECTOR('',#7878,1.);
#7878 = DIRECTION('',(0.,1.));
#7879 = ( GEOMETRIC_REPRESENTATION_CONTEXT(2) 
PARAMETRIC_REPRESENTATION_CONTEXT() REPRESENTATION_CONTEXT('2D SPACE',''
  ) );
#7880 = ORIENTED_EDGE('',*,*,#6586,.F.);
#7881 = ADVANCED_FACE('',(#7882),#6109,.T.);
#7882 = FACE_BOUND('',#7883,.F.);
#7883 = EDGE_LOOP('',(#7884,#7909,#7910,#7911));
#7884 = ORIENTED_EDGE('',*,*,#7885,.T.);
#7885 = EDGE_CURVE('',#7833,#6264,#7886,.T.);
#7886 = SURFACE_CURVE('',#7887,(#7893,#7902),.PCURVE_S1.);
#7887 = B_SPLINE_CURVE_WITH_KNOTS('',3,(#7888,#7889,#7890,#7891,#7892),
  .UNSPECIFIED.,.F.,.F.,(4,1,4),(0.,0.5,1.),.QUASI_UNIFORM_KNOTS.);
#7888 = CARTESIAN_POINT('',(129.4,-30.,8.));
#7889 = CARTESIAN_POINT('',(130.41666666666,-30.,8.041666666667));
#7890 = CARTESIAN_POINT('',(132.45,-30.,8.125));
#7891 = CARTESIAN_POINT('',(134.48333333333,-30.,8.208333333333));
#7892 = CARTESIAN_POINT('',(135.5,-30.,8.25));
#7893 = PCURVE('',#6109,#7894);
#7894 = DEFINITIONAL_REPRESENTATION('',(#7895),#7901);
#7895 = B_SPLINE_CURVE_WITH_KNOTS('',3,(#7896,#7897,#7898,#7899,#7900),
  .UNSPECIFIED.,.F.,.F.,(4,1,4),(0.,0.5,1.),.QUASI_UNIFORM_KNOTS.);
#7896 = CARTESIAN_POINT('',(0.,0.));
#7897 = CARTESIAN_POINT('',(1.016666666667,4.166666666667E-02));
#7898 = CARTESIAN_POINT('',(3.05,0.125));
#7899 = CARTESIAN_POINT('',(5.083333333333,0.208333333333));
#7900 = CARTESIAN_POINT('',(6.1,0.25));
#7901 = ( GEOMETRIC_REPRESENTATION_CONTEXT(2) 
PARAMETRIC_REPRESENTATION_CONTEXT() REPRESENTATION_CONTEXT('2D SPACE',''
  ) );
#7902 = PCURVE('',#6282,#7903);
#7903 = DEFINITIONAL_REPRESENTATION('',(#7904),#7908);
#7904 = LINE('',#7905,#7906);
#7905 = CARTESIAN_POINT('',(0.,0.));
#7906 = VECTOR('',#7907,1.);
#7907 = DIRECTION('',(1.,0.));
#7908 = ( GEOMETRIC_REPRESENTATION_CONTEXT(2) 
PARAMETRIC_REPRESENTATION_CONTEXT() REPRESENTATION_CONTEXT('2D SPACE',''
  ) );
#7909 = ORIENTED_EDGE('',*,*,#6310,.T.);
#7910 = ORIENTED_EDGE('',*,*,#6091,.T.);
#7911 = ORIENTED_EDGE('',*,*,#7832,.T.);
#7912 = ADVANCED_FACE('',(#7913),#6282,.T.);
#7913 = FACE_BOUND('',#7914,.T.);
#7914 = EDGE_LOOP('',(#7915,#7916,#7917,#7918));
#7915 = ORIENTED_EDGE('',*,*,#7859,.F.);
#7916 = ORIENTED_EDGE('',*,*,#7885,.T.);
#7917 = ORIENTED_EDGE('',*,*,#6263,.T.);
#7918 = ORIENTED_EDGE('',*,*,#6642,.F.);
#7919 = ADVANCED_FACE('',(#7920),#6804,.F.);
#7920 = FACE_BOUND('',#7921,.F.);
#7921 = EDGE_LOOP('',(#7922,#7923,#7924));
#7922 = ORIENTED_EDGE('',*,*,#7803,.T.);
#7923 = ORIENTED_EDGE('',*,*,#6823,.T.);
#7924 = ORIENTED_EDGE('',*,*,#6788,.T.);
#7925 = ADVANCED_FACE('',(#7926),#7301,.F.);
#7926 = FACE_BOUND('',#7927,.F.);
#7927 = EDGE_LOOP('',(#7928,#7950,#7951,#7952));
#7928 = ORIENTED_EDGE('',*,*,#7929,.F.);
#7929 = EDGE_CURVE('',#7234,#7550,#7930,.T.);
#7930 = SURFACE_CURVE('',#7931,(#7936,#7943),.PCURVE_S1.);
#7931 = B_SPLINE_CURVE_WITH_KNOTS('',3,(#7932,#7933,#7934,#7935),
  .UNSPECIFIED.,.F.,.F.,(4,4),(0.,1.),.PIECEWISE_BEZIER_KNOTS.);
#7932 = CARTESIAN_POINT('',(72.,-7.5,-9.3));
#7933 = CARTESIAN_POINT('',(72.,-2.5,-9.3));
#7934 = CARTESIAN_POINT('',(72.,2.5,-9.3));
#7935 = CARTESIAN_POINT('',(72.,7.5,-9.3));
#7936 = PCURVE('',#7301,#7937);
#7937 = DEFINITIONAL_REPRESENTATION('',(#7938),#7942);
#7938 = LINE('',#7939,#7940);
#7939 = CARTESIAN_POINT('',(0.,0.));
#7940 = VECTOR('',#7941,1.);
#7941 = DIRECTION('',(0.,1.));
#7942 = ( GEOMETRIC_REPRESENTATION_CONTEXT(2) 
PARAMETRIC_REPRESENTATION_CONTEXT() REPRESENTATION_CONTEXT('2D SPACE',''
  ) );
#7943 = PCURVE('',#7253,#7944);
#7944 = DEFINITIONAL_REPRESENTATION('',(#7945),#7949);
#7945 = LINE('',#7946,#7947);
#7946 = CARTESIAN_POINT('',(1.,0.));
#7947 = VECTOR('',#7948,1.);
#7948 = DIRECTION('',(0.,1.));
#7949 = ( GEOMETRIC_REPRESENTATION_CONTEXT(2) 
PARAMETRIC_REPRESENTATION_CONTEXT() REPRESENTATION_CONTEXT('2D SPACE',''
  ) );
#7950 = ORIENTED_EDGE('',*,*,#7281,.T.);
#7951 = ORIENTED_EDGE('',*,*,#7661,.T.);
#7952 = ORIENTED_EDGE('',*,*,#7576,.F.);
#7953 = ADVANCED_FACE('',(#7954),#7253,.F.);
#7954 = FACE_BOUND('',#7955,.F.);
#7955 = EDGE_LOOP('',(#7956,#7978,#7979,#7980));
#7956 = ORIENTED_EDGE('',*,*,#7957,.F.);
#7957 = EDGE_CURVE('',#7186,#7523,#7958,.T.);
#7958 = SURFACE_CURVE('',#7959,(#7964,#7971),.PCURVE_S1.);
#7959 = B_SPLINE_CURVE_WITH_KNOTS('',3,(#7960,#7961,#7962,#7963),
  .UNSPECIFIED.,.F.,.F.,(4,4),(0.,1.),.PIECEWISE_BEZIER_KNOTS.);
#7960 = CARTESIAN_POINT('',(85.5,-7.5,-8.8));
#7961 = CARTESIAN_POINT('',(85.5,-2.5,-8.8));
#7962 = CARTESIAN_POINT('',(85.5,2.5,-8.8));
#7963 = CARTESIAN_POINT('',(85.5,7.5,-8.8));
#7964 = PCURVE('',#7253,#7965);
#7965 = DEFINITIONAL_REPRESENTATION('',(#7966),#7970);
#7966 = LINE('',#7967,#7968);
#7967 = CARTESIAN_POINT('',(0.,0.));
#7968 = VECTOR('',#7969,1.);
#7969 = DIRECTION('',(0.,1.));
#7970 = ( GEOMETRIC_REPRESENTATION_CONTEXT(2) 
PARAMETRIC_REPRESENTATION_CONTEXT() REPRESENTATION_CONTEXT('2D SPACE',''
  ) );
#7971 = PCURVE('',#7205,#7972);
#7972 = DEFINITIONAL_REPRESENTATION('',(#7973),#7977);
#7973 = LINE('',#7974,#7975);
#7974 = CARTESIAN_POINT('',(1.,0.));
#7975 = VECTOR('',#7976,1.);
#7976 = DIRECTION('',(0.,1.));
#7977 = ( GEOMETRIC_REPRESENTATION_CONTEXT(2) 
PARAMETRIC_REPRESENTATION_CONTEXT() REPRESENTATION_CONTEXT('2D SPACE',''
  ) );
#7978 = ORIENTED_EDGE('',*,*,#7233,.T.);
#7979 = ORIENTED_EDGE('',*,*,#7929,.T.);
#7980 = ORIENTED_EDGE('',*,*,#7549,.F.);
#7981 = ADVANCED_FACE('',(#7982),#7205,.F.);
#7982 = FACE_BOUND('',#7983,.F.);
#7983 = EDGE_LOOP('',(#7984,#7985,#7986,#7987));
#7984 = ORIENTED_EDGE('',*,*,#7775,.F.);
#7985 = ORIENTED_EDGE('',*,*,#7185,.T.);
#7986 = ORIENTED_EDGE('',*,*,#7957,.T.);
#7987 = ORIENTED_EDGE('',*,*,#7522,.F.);
#7988 = ADVANCED_FACE('',(#7989),#7130,.F.);
#7989 = FACE_BOUND('',#7990,.F.);
#7990 = EDGE_LOOP('',(#7991,#8013,#8014,#8015));
#7991 = ORIENTED_EDGE('',*,*,#7992,.F.);
#7992 = EDGE_CURVE('',#7063,#7442,#7993,.T.);
#7993 = SURFACE_CURVE('',#7994,(#7999,#8006),.PCURVE_S1.);
#7994 = B_SPLINE_CURVE_WITH_KNOTS('',3,(#7995,#7996,#7997,#7998),
  .UNSPECIFIED.,.F.,.F.,(4,4),(0.,1.),.PIECEWISE_BEZIER_KNOTS.);
#7995 = CARTESIAN_POINT('',(85.,-7.5,-6.));
#7996 = CARTESIAN_POINT('',(85.,-2.5,-6.));
#7997 = CARTESIAN_POINT('',(85.,2.5,-6.));
#7998 = CARTESIAN_POINT('',(85.,7.5,-6.));
#7999 = PCURVE('',#7130,#8000);
#8000 = DEFINITIONAL_REPRESENTATION('',(#8001),#8005);
#8001 = LINE('',#8002,#8003);
#8002 = CARTESIAN_POINT('',(0.,0.));
#8003 = VECTOR('',#8004,1.);
#8004 = DIRECTION('',(0.,1.));
#8005 = ( GEOMETRIC_REPRESENTATION_CONTEXT(2) 
PARAMETRIC_REPRESENTATION_CONTEXT() REPRESENTATION_CONTEXT('2D SPACE',''
  ) );
#8006 = PCURVE('',#7082,#8007);
#8007 = DEFINITIONAL_REPRESENTATION('',(#8008),#8012);
#8008 = LINE('',#8009,#8010);
#8009 = CARTESIAN_POINT('',(1.,0.));
#8010 = VECTOR('',#8011,1.);
#8011 = DIRECTION('',(0.,1.));
#8012 = ( GEOMETRIC_REPRESENTATION_CONTEXT(2) 
PARAMETRIC_REPRESENTATION_CONTEXT() REPRESENTATION_CONTEXT('2D SPACE',''
  ) );
#8013 = ORIENTED_EDGE('',*,*,#7110,.T.);
#8014 = ORIENTED_EDGE('',*,*,#7752,.T.);
#8015 = ORIENTED_EDGE('',*,*,#7468,.F.);
#8016 = ADVANCED_FACE('',(#8017),#7082,.F.);
#8017 = FACE_BOUND('',#8018,.F.);
#8018 = EDGE_LOOP('',(#8019,#8041,#8042,#8043));
#8019 = ORIENTED_EDGE('',*,*,#8020,.F.);
#8020 = EDGE_CURVE('',#7015,#7415,#8021,.T.);
#8021 = SURFACE_CURVE('',#8022,(#8027,#8034),.PCURVE_S1.);
#8022 = B_SPLINE_CURVE_WITH_KNOTS('',3,(#8023,#8024,#8025,#8026),
  .UNSPECIFIED.,.F.,.F.,(4,4),(0.,1.),.PIECEWISE_BEZIER_KNOTS.);
#8023 = CARTESIAN_POINT('',(69.5,-7.5,-6.5));
#8024 = CARTESIAN_POINT('',(69.5,-2.5,-6.5));
#8025 = CARTESIAN_POINT('',(69.5,2.5,-6.5));
#8026 = CARTESIAN_POINT('',(69.5,7.5,-6.5));
#8027 = PCURVE('',#7082,#8028);
#8028 = DEFINITIONAL_REPRESENTATION('',(#8029),#8033);
#8029 = LINE('',#8030,#8031);
#8030 = CARTESIAN_POINT('',(0.,0.));
#8031 = VECTOR('',#8032,1.);
#8032 = DIRECTION('',(0.,1.));
#8033 = ( GEOMETRIC_REPRESENTATION_CONTEXT(2) 
PARAMETRIC_REPRESENTATION_CONTEXT() REPRESENTATION_CONTEXT('2D SPACE',''
  ) );
#8034 = PCURVE('',#7034,#8035);
#8035 = DEFINITIONAL_REPRESENTATION('',(#8036),#8040);
#8036 = LINE('',#8037,#8038);
#8037 = CARTESIAN_POINT('',(1.,0.));
#8038 = VECTOR('',#8039,1.);
#8039 = DIRECTION('',(0.,1.));
#8040 = ( GEOMETRIC_REPRESENTATION_CONTEXT(2) 
PARAMETRIC_REPRESENTATION_CONTEXT() REPRESENTATION_CONTEXT('2D SPACE',''
  ) );
#8041 = ORIENTED_EDGE('',*,*,#7062,.T.);
#8042 = ORIENTED_EDGE('',*,*,#7992,.T.);
#8043 = ORIENTED_EDGE('',*,*,#7441,.F.);
#8044 = ADVANCED_FACE('',(#8045),#7034,.F.);
#8045 = FACE_BOUND('',#8046,.F.);
#8046 = EDGE_LOOP('',(#8047,#8048,#8049,#8050));
#8047 = ORIENTED_EDGE('',*,*,#7361,.F.);
#8048 = ORIENTED_EDGE('',*,*,#7014,.T.);
#8049 = ORIENTED_EDGE('',*,*,#8020,.T.);
#8050 = ORIENTED_EDGE('',*,*,#7414,.F.);
#8051 = ( GEOMETRIC_REPRESENTATION_CONTEXT(3) 
GLOBAL_UNCERTAINTY_ASSIGNED_CONTEXT((#8055)) 
GLOBAL_UNIT_ASSIGNED_CONTEXT((#8052,#8053,#8054)) REPRESENTATION_CONTEXT
('Context #1','3D Context with UNIT and UNCERTAINTY') );
#8052 = ( LENGTH_UNIT() NAMED_UNIT(*) SI_UNIT(.MILLI.,.METRE.) );
#8053 = ( NAMED_UNIT(*) PLANE_ANGLE_UNIT() SI_UNIT($,.RADIAN.) );
#8054 = ( NAMED_UNIT(*) SI_UNIT($,.STERADIAN.) SOLID_ANGLE_UNIT() );
#8055 = UNCERTAINTY_MEASURE_WITH_UNIT(LENGTH_MEASURE(2.E-06),#8052,
  'distance_accuracy_value','confusion accuracy');
#8056 = PRODUCT_RELATED_PRODUCT_CATEGORY('part',$,(#7));
ENDSEC;
END-ISO-10303-21;
